thread_id,customer_tweet_id,customer_author_id,created_at,customer_text,xbox_reply_tweet_id,xbox_reply_text,proposed_resolution_mode,proposed_handling_signal,resolution_mode_review_status,intent,intent_semantic_confidence,intent_label_source
4535,4535,116775,Tue Oct 31 16:28:06 +0000 2017,@310 Are you ever going to patch the BFA achievement on Darksiders 2 for Xbox one?  You already fixed PS4.,4533,"@116775 If you need help with this, let us know! We're official Xbox support &amp; we'd be happy to help ^EZ",general_or_unclear_reply,review_required,rule_assisted_needs_sample_review,other_or_needs_context,0.303,semantic_prototype_weak_label
4535,4534,116775,Sun Nov 12 22:12:50 +0000 2017,@XboxSupport Maybe push them into fixing broken achievements on Xbox One?,4536,"@116775 Hello! If you're seeing achievement issues, we recommend the steps over in our guide here  https://t.co/sjqdEQXJjy  ^TJ",public_documentation,auto_handle_candidate,rule_assisted_needs_sample_review,account_access_profile,0.431,semantic_prototype_weak_label
4535,4537,116775,Sun Nov 12 22:55:02 +0000 2017,"@XboxSupport No, it is literally unobtainable.",4538,@116775 Not sure we follow. Could you follow us back &amp; DM your GamerTag when you get a chance? ^TJ,private_account_investigation,escalate,rule_assisted_needs_sample_review,other_or_needs_context,0.476,semantic_prototype_weak_label
7914,7914,117354,Tue Oct 31 22:47:25 +0000 2017,"@XboxSupport cada vez funciona peor su pagina ,los juegos que adquiri no me deja comentarlos ni puntuarlos,el soporte en linea no funciona..",7913,@117354 Hi there! We're actually an English speaking support channel. To continue in your native language you can here 1 ^JS,general_or_unclear_reply,review_required,rule_assisted_needs_sample_review,connectivity_xbox_live,0.216,semantic_prototype_weak_label
9709,9709,117767,Tue Oct 31 23:46:15 +0000 2017,@XboxSupport my gears of war 4 wont launch it goes on the loading screen and boots me off the game,9708,@117767 Hello! Let's try going through the steps here: https://t.co/mqOAlFhV0f to see if that helps with your game.  ^RR,public_documentation,auto_handle_candidate,rule_assisted_needs_sample_review,account_access_profile,0.323,semantic_prototype_weak_label
14229,14228,119020,Wed Nov 01 01:53:06 +0000 2017,"@XboxSupport I have no card in the account was on four times in the last two weeks, this is horrible I’ve been a customr since 05 check my account again",14227,"@119020 We are a separate team from Enforcement, so we can't speculate on that. 1/2 ^JA",enforcement_review,escalate,rule_assisted_needs_sample_review,account_access_profile,0.540,semantic_prototype_weak_label
15526,15514,119426,Wed Nov 01 02:47:31 +0000 2017,@XboxSupport So nothing on this @XboxSupport?,15512,@119426 We're sorry to hear about your controller! What seems to be the trouble that you are encountering?  ^JA,general_or_unclear_reply,review_required,rule_assisted_needs_sample_review,other_or_needs_context,0.560,semantic_prototype_weak_label
15526,15515,119426,Wed Nov 01 04:05:11 +0000 2017,@XboxSupport ...but the controller doesn't power back on. Not sure what you all can do. Looks like another $60 down the drain.,15516,@119426 Gotcha. Have you tried the steps in the guide here: https://t.co/bt2yEiHzkV  ^JA,public_documentation,auto_handle_candidate,rule_assisted_needs_sample_review,account_access_profile,0.441,semantic_prototype_weak_label
15526,15517,119426,Wed Nov 01 04:17:38 +0000 2017,"@XboxSupport Yeah, nothing has worked. The controller isn't powering on. Just getting that faint light from the home button and that is it.",15518,"@119426 Thanks for trying out those steps. Just to clarify, have you tested plugging in a USB cable directly into the console? ^JA",needs_more_context,escalate,rule_assisted_needs_sample_review,account_access_profile,0.362,semantic_prototype_weak_label
15526,15519,119426,Wed Nov 01 04:20:24 +0000 2017,"@XboxSupport Yes, I have the play and charge kit and have tried that. It is still not powering on.",15520,"@119426 Thanks for that info. In this case, we'd recommend reaching out to the chat team: 1/2 ^JA",specialist_handoff,escalate,rule_assisted_needs_sample_review,account_access_profile,0.342,semantic_prototype_weak_label
15526,15522,119426,Wed Nov 01 04:29:35 +0000 2017,"@XboxSupport I doubt much can be done, as it’s been at least a year since I bought it, but will reach out tmr anyway. Thanks.",15523,@119426 You're very welcome. We hope you enjoy the rest of your evening.  ^JA,general_or_unclear_reply,review_required,rule_assisted_needs_sample_review,how_to_product_information,0.352,semantic_prototype_weak_label
17438,17438,119856,Wed Nov 01 04:19:44 +0000 2017,"@115786 the leak of the X1X has been reposted, DM me for the link.  I sent the link to @XboxSupport in a DM, so please get it taken down quick",17437,"@119856 Hello, make sure to report the videos, we appreciate you reaching out to us.  ^CO",visual_evidence_required,escalate,rule_assisted_needs_sample_review,other_or_needs_context,0.412,semantic_prototype_weak_label
23438,23438,121099,Sun Nov 26 00:17:48 +0000 2017,@XboxSupport I can’t sign in to my account and haven’t been able to for the past few hours help,23437,"@121099 Hi! Let's have you follow us, DM us your Gamertag, and some more info about what you're seeing: https://t.co/nPX1yNXCi5 
 ^BL",private_account_investigation,escalate,rule_assisted_needs_sample_review,account_access_profile,0.803,semantic_prototype_weak_label
44269,44269,125840,Wed Nov 01 13:32:21 +0000 2017,@XboxSupport I'm receiving this error code with no search results. https://t.co/UknWQiUjRL,44266,"@125840 Hi, when does that error appears on your screen? ^RM",general_or_unclear_reply,review_required,rule_assisted_needs_sample_review,account_access_profile,0.466,semantic_prototype_weak_label
44269,44267,125840,Wed Nov 01 16:35:23 +0000 2017,@XboxSupport What's up with that code though? All issues aside. Why no reference?,44270,"@125840 Try restarting your console with these steps https://t.co/Z4gqYJG4xh to resolve that error code
 ^RM",public_documentation,auto_handle_candidate,rule_assisted_needs_sample_review,other_or_needs_context,0.524,semantic_prototype_weak_label
44269,44271,125840,Wed Nov 01 16:40:40 +0000 2017,"@XboxSupport Yeah, cool. What's the error code though? Is it just a made up one?",44272,@125840 Error codes pop up for different reasons. We can not speculate why. ^RM,general_or_unclear_reply,review_required,rule_assisted_needs_sample_review,other_or_needs_context,0.457,semantic_prototype_weak_label
47582,47582,126628,Wed Nov 01 16:35:06 +0000 2017,Hey @XboxSupport was there an update pushed recently again? Having Xbox issues again :(,47580,@126628 Hi there. Please reach out to the live chat team: https://t.co/lUV7XYl61S as soon as possible. ^BZ,specialist_handoff,escalate,rule_assisted_needs_sample_review,other_or_needs_context,0.560,semantic_prototype_weak_label
47584,47584,126629,Wed Nov 01 16:42:00 +0000 2017,@XboxSupport sent a dm,47583,@126629 Try reinstalling the game to get the content to appear. You can follow these steps here  https://t.co/zox0T68AHf ^RM,public_documentation,auto_handle_candidate,rule_assisted_needs_sample_review,account_access_profile,0.420,semantic_prototype_weak_label
47591,47586,126630,Wed Nov 01 16:24:27 +0000 2017,@126631 @XboxSupport I wasn’t expecting to be able to pre-order a preview game either. If I’ve understood it correctly theres going to be 3 different editions.,47585,"@126630 Hi there! We don't have any specific info for that, but keep an eye on https://t.co/1QSni2GOvR for any announcements :) ^BZ",public_documentation,auto_handle_candidate,rule_assisted_needs_sample_review,other_or_needs_context,0.423,semantic_prototype_weak_label
49809,49805,127147,Wed Nov 01 15:41:23 +0000 2017,@127148 @XboxSupport Is this Television okay? - https://t.co/cBIuaOTIsZ,49804,@127147 Dolby Atmos app. You can find out more about configuring those audio settings here: https://t.co/dJREquuuBT .  2 ^ZM,public_documentation,auto_handle_candidate,rule_assisted_needs_sample_review,other_or_needs_context,0.451,semantic_prototype_weak_label
49809,49805,127147,Wed Nov 01 15:41:23 +0000 2017,@127148 @XboxSupport Is this Television okay? - https://t.co/cBIuaOTIsZ,49806,"@127147 Hi, you may want to reach out to your TV's manufacturer for further clarification after downloading the  1 ^ZM",general_or_unclear_reply,review_required,rule_assisted_needs_sample_review,other_or_needs_context,0.451,semantic_prototype_weak_label
54998,54998,128470,Wed Nov 01 18:37:15 +0000 2017,@XboxSupport hello so I'm trying to add a new profile and I'm having issues,54996,"@128470 Hi, what issues are you experiencing? ^RM",general_or_unclear_reply,review_required,rule_assisted_needs_sample_review,account_access_profile,0.571,semantic_prototype_weak_label
55612,55612,128613,Thu Nov 23 00:24:02 +0000 2017,"@XboxSupport Are you aware of issues with the XBox App on Windows 10 Insider build 17040 and 17046? The streaming is not working at all, nothing showing up on the PC.",55611,@128613 Hey there! Mind sending us a direct message https://t.co/nPX1yNXCi5 with your Gamertag so we can further assist?  ^JA,private_account_investigation,escalate,rule_assisted_needs_sample_review,other_or_needs_context,0.452,semantic_prototype_weak_label
57362,57362,129008,Wed Nov 01 19:26:46 +0000 2017,@XboxSupport @129009 Comment résoudre le problème svp ? Cela se marque sur toute mes application et jeux CD. Une solution ? https://t.co/DjZcbg5Eat,57361,"@129008 Hi, can you direct message us what issue you are experiencing? ^RM",private_account_investigation,escalate,rule_assisted_needs_sample_review,other_or_needs_context,0.149,semantic_prototype_weak_label
57975,57975,129160,Wed Nov 01 19:14:06 +0000 2017,"@XboxSupport I got my @118625 XboxOneX. The letter says that I should get GoW4. I got an Operations Pack and not the game, is that right? https://t.co/eCKQEDBAYr",57974,@129160 to the form here: https://t.co/46LiyadBcc on the promotion page or you can try them here: https://t.co/iZuQhSt4oG .  2 ^ZM,public_documentation,auto_handle_candidate,rule_assisted_needs_sample_review,game_content_download,0.371,semantic_prototype_weak_label
57975,57975,129160,Wed Nov 01 19:14:06 +0000 2017,"@XboxSupport I got my @118625 XboxOneX. The letter says that I should get GoW4. I got an Operations Pack and not the game, is that right? https://t.co/eCKQEDBAYr",57976,"@129160 Hi there, you'll want to reach out to Taco Bell to inquire about your prize. They link  1 ^ZM",general_or_unclear_reply,review_required,rule_assisted_needs_sample_review,game_content_download,0.371,semantic_prototype_weak_label
61916,61916,130184,Wed Nov 01 09:22:50 +0000 2017,@3435 for some reason it wont allow me to run on xbox plz fix the glitch,61915,"@130184 Hi there! We'd be happy to help with this. Send us a tweet over at @XboxSupport when you get a chance!
 ^TJ",general_or_unclear_reply,review_required,rule_assisted_needs_sample_review,account_access_profile,0.521,semantic_prototype_weak_label
62987,62987,130428,Wed Nov 01 19:39:44 +0000 2017,@xboxsupport @125833 https://t.co/FxO7GEAnRW Neither of you can fix this? I paid $105.99 and don't have what I paid for....,62986,@130428 @125833 Hi there! Mind sending us a direct message [dm] with your Gamertag so we can further assist? ^JA,private_account_investigation,escalate,rule_assisted_needs_sample_review,account_access_profile,0.584,semantic_prototype_weak_label
63654,63652,130630,Wed Nov 01 11:01:56 +0000 2017,@130631 xbox disc readers broken and i dont have a card to buy it on dash,63651,"@130630 Hi there! We'd be happy to help with this. Send us a tweet over at @XboxSupport when you get a chance!
 ^TJ",general_or_unclear_reply,review_required,rule_assisted_needs_sample_review,account_access_profile,0.425,semantic_prototype_weak_label
101462,101459,138216,Thu Nov 30 08:31:01 +0000 2017,@XboxSupport No i have not,101458,"@138216 Hey there, can you please follow then DM us your Gamertag so that we can collect some more information from you? ^XS",private_account_investigation,escalate,rule_assisted_needs_sample_review,account_access_profile,0.447,semantic_prototype_weak_label
101462,101461,138216,Wed Nov 29 21:00:40 +0000 2017,@XboxSupport @XboxSupport did you recieve my message? I didnot get a reaction yet.,101460,@138216 Hi there! Thanks for reaching out to us. Do you have your console plugged into a surge protector by any chance? ^CO,general_or_unclear_reply,review_required,rule_assisted_needs_sample_review,other_or_needs_context,0.540,semantic_prototype_weak_label
103494,103493,138782,Thu Nov 30 09:50:22 +0000 2017,@138783 @XboxSupport Yes The Support is Great! @XboxSupport @115786,103491,"@138782 Hi there, we appreciate the kind words! If you have any Xbox questions, you know where to find us :) ^ZM",general_or_unclear_reply,review_required,rule_assisted_needs_sample_review,other_or_needs_context,0.539,semantic_prototype_weak_label
105871,105865,139396,Thu Nov 30 14:24:05 +0000 2017,@139397 @XboxSupport you on xbox as well?,105864,"@139396 like to see changed in the future, be sure to post/vote on that at https://t.co/xzPtJXQjgy  3 ^BZ",public_documentation,auto_handle_candidate,rule_assisted_needs_sample_review,account_access_profile,0.486,semantic_prototype_weak_label
105871,105865,139396,Thu Nov 30 14:24:05 +0000 2017,@139397 @XboxSupport you on xbox as well?,105867,@139396 would've been given a warning message that says this may happen. If this is something you'd  2 ^BZ,general_or_unclear_reply,review_required,rule_assisted_needs_sample_review,account_access_profile,0.486,semantic_prototype_weak_label
105871,105865,139396,Thu Nov 30 14:24:05 +0000 2017,@139397 @XboxSupport you on xbox as well?,105868,"@139396 Hi there. Certainly understand the frustration here, however, when you select the cancel installation option, you  1 ^BZ",general_or_unclear_reply,review_required,rule_assisted_needs_sample_review,account_access_profile,0.486,semantic_prototype_weak_label
114952,114952,141548,Thu Nov 23 05:30:21 +0000 2017,"Hey @XboxSupport, who made this? ""Yes it was"" what?The fields were terrible. Also have never rated anything from 1 to 9 before and then have the ranking change to 1 - 5 https://t.co/F8cpW55ibq",114950,@141548 Apologies for the delay. Definitely some solid feedback. We will make sure the proper people get a look. Thanks so much.  ^IS,general_or_unclear_reply,review_required,rule_assisted_needs_sample_review,safety_enforcement_security,0.268,semantic_prototype_weak_label
114952,114953,141548,Thu Nov 23 21:26:36 +0000 2017,"@XboxSupport When building forms, one should always ask ""Why do we need to know this"". I'm in the business so sorry for the rant but couldn't help myself :)",114954,@141548 Once again thank you for the feedback. Let us know if we can assist with anything else. ^JL,general_or_unclear_reply,review_required,rule_assisted_needs_sample_review,other_or_needs_context,0.433,semantic_prototype_weak_label
114964,114964,141551,Thu Nov 23 20:45:05 +0000 2017,So if I understand this correctly. @XboxSupport can just arbitrarily suspend me without any info and won’t listen to an appeal? What on earth. At least explain what is going on. Maybe take into account salty call of duty players? https://t.co/pOhrpvZ5W7,114962,@141551 Definitely understand your concern. All of that information can be found when you login here: https://t.co/6qQMy2bXXc a and/or check the email attached to your account. If your not seeing anything there can you dm your GT and if you see this error on console? ^IS,public_documentation,auto_handle_candidate,rule_assisted_needs_sample_review,safety_enforcement_security,0.530,semantic_prototype_weak_label
118357,118357,142273,Thu Nov 23 19:29:25 +0000 2017,@XboxSupport How do i refund a digitally bought game?,118355,@142273 You can go through the steps here: https://t.co/Py4eqGk6gg or reach out to our chat team here: https://t.co/lUV7XYl61S . ^IS,specialist_handoff,escalate,rule_assisted_needs_sample_review,billing_codes_refunds,0.524,semantic_prototype_weak_label
118357,118356,142273,Thu Nov 23 23:30:18 +0000 2017,@XboxSupport Can you refund it?,118358,@142273 Only our chat team or through the steps on https://t.co/XSQe1HYUc7 would be able to process that. We don't have those capabilities on twitter.  ^IS,specialist_handoff,escalate,rule_assisted_needs_sample_review,billing_codes_refunds,0.500,semantic_prototype_weak_label
118406,118403,142281,Thu Nov 23 18:27:41 +0000 2017,@XboxSupport Well as you can see from the video there are no errors and it's kinda explains itself what a going on,118402,@142281 Let's have you try the steps here: https://t.co/8yUclREAkc to get your console updated and you back to gaming. ^RR,public_documentation,auto_handle_candidate,rule_assisted_needs_sample_review,other_or_needs_context,0.570,semantic_prototype_weak_label
118406,118406,142281,Thu Nov 23 12:29:52 +0000 2017,@XboxSupport uhh what should I do https://t.co/TVulOOf2s2,118404,@142281 are having along with your Gamertag? Please include verbatims of any error you are seeing.  2 ^XS,private_account_investigation,escalate,rule_assisted_needs_sample_review,other_or_needs_context,0.479,semantic_prototype_weak_label
119917,119917,142612,Thu Nov 23 22:40:54 +0000 2017,@XboxSupport got two achievements about half hour ago. Nothings happened and they are still showing as locked. Any ideas?,119916,@142612 Hi there! Let's check out our guide here for this achievement issue that you're seeing  https://t.co/sjqdEQXJjy  ^TJ,public_documentation,auto_handle_candidate,rule_assisted_needs_sample_review,account_access_profile,0.429,semantic_prototype_weak_label
119950,119947,142619,Thu Nov 23 20:30:08 +0000 2017,"@XboxSupport My Gamertag is ""S lP lH a XX""",119945,"@142619 Hey there, let's try removing the profile then adding it back using the steps outlined here: https://t.co/dVcem36rc1 ^XS",public_documentation,auto_handle_candidate,rule_assisted_needs_sample_review,account_access_profile,0.419,semantic_prototype_weak_label
119950,119946,142619,Fri Nov 24 14:38:25 +0000 2017,@XboxSupport Still not working,119948,@142619 our chat team here: https://t.co/lUV7XYl61S so they can take a deeper look into the account and purchase with you.  2 ^XS,specialist_handoff,escalate,rule_assisted_needs_sample_review,account_access_profile,0.518,semantic_prototype_weak_label
119950,119946,142619,Fri Nov 24 14:38:25 +0000 2017,@XboxSupport Still not working,119949,"@142619 Hi there, when you get a moment what you will want to do in this case; is reach out to  1 ^XS",general_or_unclear_reply,review_required,rule_assisted_needs_sample_review,account_access_profile,0.518,semantic_prototype_weak_label
120847,120847,142880,Thu Nov 23 22:27:09 +0000 2017,@XboxSupport got a one s the other day and its doing this when on energy save mode?? https://t.co/CtEUBsoJUC,120846,@142880 Hi. So it's not odd for electronics to make noise while plugged in. The sound in the video is hard to assess with no other sounds to reference. Are you also seeing performance issues? ^IS,visual_evidence_required,escalate,rule_assisted_needs_sample_review,other_or_needs_context,0.362,semantic_prototype_weak_label
120870,120870,142885,Thu Nov 23 21:43:32 +0000 2017,@XboxSupport My Xbox One X keeps turning itself off. I Have tried resetting the internal power supply. Any ideas?,120866,@142885 Hello! Let's try the steps here: https://t.co/cDFoZffknP to see if that helps with your console.  ^RR,public_documentation,auto_handle_candidate,rule_assisted_needs_sample_review,account_access_profile,0.407,semantic_prototype_weak_label
120870,120867,142885,Fri Nov 24 11:08:24 +0000 2017,"@XboxSupport The console doesn't stay in instant on mode. Things I set to download seem to do so but when I power the console on again, I have to sit through the 4K Cpu boot up sequence that you normally see when the console is in energy saver mode. All seems a bit strange",120871,"@142885 Thanks for that info. To check, is your Xbox One X console connected to a wall outlet or power strip? ^ZM",general_or_unclear_reply,review_required,rule_assisted_needs_sample_review,connectivity_xbox_live,0.272,semantic_prototype_weak_label
121803,121803,143142,Thu Nov 23 22:56:52 +0000 2017,@XboxSupport bought a project Scorpio edition x an my controller won't work unless I connect it via the charger can you help please,121801,@143142 are having along with your Gamertag? Please include verbatims of any error you are seeing.  2 ^XS,private_account_investigation,escalate,rule_assisted_needs_sample_review,other_or_needs_context,0.346,semantic_prototype_weak_label
121803,121803,143142,Thu Nov 23 22:56:52 +0000 2017,@XboxSupport bought a project Scorpio edition x an my controller won't work unless I connect it via the charger can you help please,121804,"@143142 Hey there, can you please DM us with a full description of the issue you  1 ^XS",private_account_investigation,escalate,rule_assisted_needs_sample_review,other_or_needs_context,0.346,semantic_prototype_weak_label
121863,121863,143154,Thu Nov 23 22:37:27 +0000 2017,"Reason why I'm not diving onto the X-Box One even for $190, @115786 @XboxSupport they took away SO MANY of the best games away from the Live Arcade. Put them all back and I'll buy a One X. #XBoxOneX #BlackFriday",121862,@143154 feedback team loves to hear from the customers about what they would like to see on the console.  2 ^JL,general_or_unclear_reply,review_required,rule_assisted_needs_sample_review,subscription_game_pass_gold,0.432,semantic_prototype_weak_label
121863,121863,143154,Thu Nov 23 22:37:27 +0000 2017,"Reason why I'm not diving onto the X-Box One even for $190, @115786 @XboxSupport they took away SO MANY of the best games away from the Live Arcade. Put them all back and I'll buy a One X. #XBoxOneX #BlackFriday",121864,"@143154 Heya! If you have any ideas or suggestions, we have a feedback page here: https://t.co/xzPtJXQjgy for just that. Our  1 ^JL",public_documentation,auto_handle_candidate,rule_assisted_needs_sample_review,subscription_game_pass_gold,0.432,semantic_prototype_weak_label
121872,121872,143157,Thu Nov 23 22:14:40 +0000 2017,@XboxSupport when u enter my PayPal onto my Xbox account it says the bank couldn't authorise this and i took a paypal off and then tried putting it back on and said the same thing is the Xbox servers down? Is there a fix,121871,@143157 Hi there! Are you able to set that up here https://t.co/APJuoiDE4P Let us know if you run into any errors. ^JL,public_documentation,auto_handle_candidate,rule_assisted_needs_sample_review,account_access_profile,0.641,semantic_prototype_weak_label
123250,123250,143537,Fri Nov 24 00:33:33 +0000 2017,@XboxSupport please see the dm I sent you,123248,"@143537 Hey there, we have some steps you can take here: https://t.co/68OMKgqFqa to help resolve this issue.  ^XS",public_documentation,auto_handle_candidate,rule_assisted_needs_sample_review,account_access_profile,0.454,semantic_prototype_weak_label
125194,125194,144068,Fri Nov 24 02:13:13 +0000 2017,@XboxSupport Hi there. My Xbox One has suddenly stopped playing any sounds. I switched it on and it was silent. I’ve tried a hard reset and even resetting the console but nothing seems to work. It’s not the HDMI cable and the TV is working fine.,125192,@144068 Definitely odd. If you have not already let's check out this page: https://t.co/nwYcRjnv5P for some steps on this specifically. ^IS,public_documentation,auto_handle_candidate,rule_assisted_needs_sample_review,console_accessory_display,0.356,semantic_prototype_weak_label
125194,125193,144068,Fri Nov 24 02:43:17 +0000 2017,@XboxSupport Thanks for the help. Turned out it was the TV after all.,125195,@144068 Glad you got that figured out. Hope you have a great one. ^IS,general_or_unclear_reply,review_required,rule_assisted_needs_sample_review,account_access_profile,0.461,semantic_prototype_weak_label
125983,125982,144272,Fri Nov 24 02:37:41 +0000 2017,@XboxSupport the mod allows you to play coop could the xbox one be able to handle that with the coding and all?,125980,@144272 Hello! Recommend reaching out to the game developer for more info on that.  ^RR,needs_more_context,escalate,rule_assisted_needs_sample_review,other_or_needs_context,0.434,semantic_prototype_weak_label
126629,126629,144426,Fri Nov 24 02:39:50 +0000 2017,@XboxSupport thx for fucking replying you uselss cunts.,126628,@144426 One S does have 4k but not like the Xbox One X it much more powerful.  2 ^CO,general_or_unclear_reply,review_required,rule_assisted_needs_sample_review,other_or_needs_context,0.498,semantic_prototype_weak_label
126629,126629,144426,Fri Nov 24 02:39:50 +0000 2017,@XboxSupport thx for fucking replying you uselss cunts.,126630,@144426 Hi there! We appreciate your patience as we attempt to get back to everyone. The Xbox  1 ^CO,general_or_unclear_reply,review_required,rule_assisted_needs_sample_review,other_or_needs_context,0.498,semantic_prototype_weak_label
129533,129533,145188,Fri Nov 24 05:33:05 +0000 2017,@XboxSupport Xbox live keeps asking me to buy more Gold membership despite already having it active and it doesn't expire till next year.,129530,@145188 Hi there! Let's try logging on here to see if your purchase is marked as completed: https://t.co/Vdnoh9l6jQ ^CO,public_documentation,auto_handle_candidate,rule_assisted_needs_sample_review,subscription_game_pass_gold,0.588,semantic_prototype_weak_label
129533,129531,145188,Fri Nov 24 05:56:06 +0000 2017,"@XboxSupport Yeah, it's redeemed but it still won't allow me to play online. I've tried restarting my xbox, router, checked purchase. I've no idea what's happened",129534,@145188 Got it. This may be related to an issue we're looking into and since we're closing up now let's reach out to our team here: https://t.co/lUV7XYCGTq  to get this addressed. ^IS,public_documentation,auto_handle_candidate,rule_assisted_needs_sample_review,account_access_profile,0.489,semantic_prototype_weak_label
129551,129551,145191,Fri Nov 24 05:30:12 +0000 2017,"@XboxSupport I purchased a 3 months Xbox live gold prepaid card. I used the code and it went fine, it says under my memberships that I have gold and I can download the games on sale but I cannot play games online or join party’s and it tells me I need to get gold. Please help!!",129549,@145191 Heya! Let's remove your profile https://t.co/zJxn1EMf83 then power cycle https://t.co/QENEhDawC3 and sign back in to try that once more. ^JL,public_documentation,auto_handle_candidate,rule_assisted_needs_sample_review,subscription_game_pass_gold,0.589,semantic_prototype_weak_label
129551,129552,145191,Fri Nov 24 06:13:13 +0000 2017,@XboxSupport I cannot play online or join party’s or it tells me I need gold,129553,@145191 our chat team here: https://t.co/lUV7XYl61S so they can take a deeper look into the account and purchase with you.  2 ^XS,specialist_handoff,escalate,rule_assisted_needs_sample_review,account_access_profile,0.552,semantic_prototype_weak_label
129551,129552,145191,Fri Nov 24 06:13:13 +0000 2017,@XboxSupport I cannot play online or join party’s or it tells me I need gold,129554,"@145191 Hi there, when you get a moment what you will want to do in this case; is reach out to  1 ^XS",general_or_unclear_reply,review_required,rule_assisted_needs_sample_review,account_access_profile,0.552,semantic_prototype_weak_label
153148,153148,151059,Fri Nov 24 06:09:20 +0000 2017,"@XboxSupport say I wanted a name but cant have it because someone has taken it, but that person is inactive to the point of having no games played nor any gamerscore, is there a way I could get it",153146,"@151059 Hello, if the Gamertag is listed as unavailable or taken then you would be unable to claim it. ^RM",general_or_unclear_reply,review_required,rule_assisted_needs_sample_review,account_access_profile,0.401,semantic_prototype_weak_label
153148,153147,151059,Fri Nov 24 18:09:11 +0000 2017,@XboxSupport Will accounts like that ever be terminated then? Its annoying someone who is inactive and has nothing on their account gets to keep the name that I'd pay money to have,153149,@151059 is possible that the user in question is using one of those services like Groove Music.  2 ^XS,general_or_unclear_reply,review_required,rule_assisted_needs_sample_review,safety_enforcement_security,0.518,semantic_prototype_weak_label
153148,153147,151059,Fri Nov 24 18:09:11 +0000 2017,@XboxSupport Will accounts like that ever be terminated then? Its annoying someone who is inactive and has nothing on their account gets to keep the name that I'd pay money to have,153150,"@151059 Hey there, Gamertags are tied to accounts that use other services under the Microsoft umbrella, it  1 ^XS",general_or_unclear_reply,review_required,rule_assisted_needs_sample_review,safety_enforcement_security,0.518,semantic_prototype_weak_label
154665,154665,151451,Fri Nov 24 10:51:29 +0000 2017,@XboxSupport Is the Hasbro Family Fun Pack not for sale in Ireland as part of the Black Friday sale? Seen it on https://t.co/UwKujT7nCK but I take it its a regional thing?,154664,"@151451 Hi, sales vary by region and unfortunately that sale is not available in your region. ^RM",general_or_unclear_reply,review_required,rule_assisted_needs_sample_review,billing_codes_refunds,0.226,semantic_prototype_weak_label
154675,154675,151455,Fri Nov 24 08:56:19 +0000 2017,@XboxSupport people I’ve deleted from my friends list still pop up as a notification when they go online how can I stop this please?,154674,"@151455 Also, try re-adding your profile to the console after making changes. https://t.co/eiHkwO2UgB  2 ^RM",public_documentation,auto_handle_candidate,rule_assisted_needs_sample_review,account_access_profile,0.397,semantic_prototype_weak_label
154675,154675,151455,Fri Nov 24 08:56:19 +0000 2017,@XboxSupport people I’ve deleted from my friends list still pop up as a notification when they go online how can I stop this please?,154676,"@151455 Hello, if they pop up again, ensure you are using these steps https://t.co/xyRVzisKOk.  1 ^RM",public_documentation,auto_handle_candidate,rule_assisted_needs_sample_review,account_access_profile,0.397,semantic_prototype_weak_label
158187,158187,152368,Fri Nov 24 10:09:24 +0000 2017,@7859 @XboxSupport Ik wacht al weken op dat de Kinect Adapter voor mijn Xbox One X beschikbaar komt. Maar ik ben bang dat ik nog lang kan wachten op dit tempo,158186,"@152368 @7859 We'd be happy to help, though we are an English speaking support team. Could you follow &amp; DM @Xboxsupport with your Gamertag &amp; some details?^EZ",private_account_investigation,escalate,rule_assisted_needs_sample_review,other_or_needs_context,0.250,semantic_prototype_weak_label
158219,158217,152377,Fri Nov 24 08:08:07 +0000 2017,"@XboxSupport It’s worked now, must have had a backlog in the system or something. Also I don’t wanna block people. That’s not my bag. https://t.co/qA2jByxZix",158216,"@152377 Awesome, we're glad to hear that helped. If you have any other Xbox questions for us, please let us know :) ^ZM",general_or_unclear_reply,review_required,rule_assisted_needs_sample_review,account_access_profile,0.443,semantic_prototype_weak_label
158219,158219,152377,Thu Nov 23 14:22:05 +0000 2017,"@XboxSupport I've tidied up my friends list to keep it to people I actually interact with, however people I'm not friends with now are still showing. How can I get them to disappear?",158218,"@152377 Hi there! To make sure, do you notice any issues when you try to block these profiles as well? https://t.co/6cBramzL6j ^TJ",public_documentation,auto_handle_candidate,rule_assisted_needs_sample_review,account_access_profile,0.230,semantic_prototype_weak_label
159822,159822,152810,Fri Nov 24 12:57:47 +0000 2017,"@XboxSupport I just accidently bought the Rise of the Tomb Raider Season Pass, thinking it was the game. And I heard you can get refunds now, but I can't find it. I am part of the preview thing too. Any help?",159821,@152810 https://t.co/Py4eqGk6gg and reaching out to the chat team https://t.co/lUV7XYl61S as they are best equipped to help with this!  2 ^JS,specialist_handoff,escalate,rule_assisted_needs_sample_review,billing_codes_refunds,0.406,semantic_prototype_weak_label
159822,159822,152810,Fri Nov 24 12:57:47 +0000 2017,"@XboxSupport I just accidently bought the Rise of the Tomb Raider Season Pass, thinking it was the game. And I heard you can get refunds now, but I can't find it. I am part of the preview thing too. Any help?",159823,@152810 Thanks for reaching out! For refund requests and payment inquiries we recommend reading over our refund policy here  1 ^JS,general_or_unclear_reply,review_required,rule_assisted_needs_sample_review,billing_codes_refunds,0.406,semantic_prototype_weak_label
161550,161550,153297,Fri Nov 24 14:46:09 +0000 2017,@XboxSupport i need help,161549,"@153297 We'd be happy to help, but we could use more info. Could you follow &amp; DM @Xboxsupport with your Gamertag &amp; some details? ^EZ",private_account_investigation,escalate,rule_assisted_needs_sample_review,account_access_profile,0.541,semantic_prototype_weak_label
161590,161590,153303,Fri Nov 24 14:55:52 +0000 2017,"@XboxSupport any time I try and go to settings I get this. Every game failing to install, already done a factory reset 🤬 #XboxOneX https://t.co/oHrwQkMx4H",161589,@153303 Hi there! Let's have you reach out to the chat team https://t.co/lUV7XYl61S to explore your options with this ^JS,specialist_handoff,escalate,rule_assisted_needs_sample_review,account_access_profile,0.505,semantic_prototype_weak_label
161616,161616,153310,Fri Nov 24 14:32:09 +0000 2017,@XboxSupport is there any way I can contact you guys to make my account an adult account ??,161614,@153310 you incorrectly put in the date of birth you will have to wait until the accounts 18th birthday based on the date you entered.  2 ^XS,general_or_unclear_reply,review_required,rule_assisted_needs_sample_review,account_access_profile,0.569,semantic_prototype_weak_label
161616,161615,153310,Fri Nov 24 18:36:42 +0000 2017,@XboxSupport Is there anyway if completely transferring all data onto another account,161617,"@153310 Hey there, unfortunately, account transfers are not something we can do. ^XS",general_or_unclear_reply,review_required,rule_assisted_needs_sample_review,account_access_profile,0.502,semantic_prototype_weak_label
161616,161616,153310,Fri Nov 24 14:32:09 +0000 2017,@XboxSupport is there any way I can contact you guys to make my account an adult account ??,161618,"@153310 Hey there, unfortunately, once an account is created you won't be able to change the date of birth that was given to it. If  1 ^XS",general_or_unclear_reply,review_required,rule_assisted_needs_sample_review,account_access_profile,0.569,semantic_prototype_weak_label
161620,161620,153311,Fri Nov 24 14:29:23 +0000 2017,@XboxSupport My Advanced Repair of my Xbox Scorpio is delayed without notice! Is a #XboxOneX not available/on stock? What's wrong?,161619,@153311 reaching out to our chat team to see if they have more information. https://t.co/sMM0hn9ycL  2 ^RM,specialist_handoff,escalate,rule_assisted_needs_sample_review,other_or_needs_context,0.473,semantic_prototype_weak_label
161620,161620,153311,Fri Nov 24 14:29:23 +0000 2017,@XboxSupport My Advanced Repair of my Xbox Scorpio is delayed without notice! Is a #XboxOneX not available/on stock? What's wrong?,161621,"@153311 Hi, we would not be able to speculate. If you want, you can try  1 ^RM",public_troubleshooting,auto_handle_candidate,rule_assisted_needs_sample_review,other_or_needs_context,0.473,semantic_prototype_weak_label
161641,161641,153316,Fri Nov 24 13:26:58 +0000 2017,@XboxSupport can someone shed some light. We have 2 xboxes in the home 2 user names 2 live accounts. Why cant my other xbox have the same game on it. Keeps asking if i am the owner. Id really like my son to be able to take the game and play it also,161640,@153316 Hi there! If you set the console as your accounts home console then purchased content will be shared on that console https://t.co/BClDvTOaqk ^JS,public_documentation,auto_handle_candidate,rule_assisted_needs_sample_review,account_access_profile,0.546,semantic_prototype_weak_label
163154,163154,153721,Fri Nov 24 17:42:14 +0000 2017,"@XboxSupport Hey there, could you check if there is any problem with the Forza Horizon 3 servers at the moment ? Theres no way to access the market, designs, tunings or playing with a friend. Thanks alot",163152,@153721 Hi there! There's currently a service alert that can affect this https://t.co/dG2dbIAHPz for updates keep an eye there! ^JS,public_documentation,auto_handle_candidate,rule_assisted_needs_sample_review,other_or_needs_context,0.355,semantic_prototype_weak_label
163154,163153,153722,Fri Nov 24 19:29:03 +0000 2017,@XboxSupport can you send me photos,163155,"@153722 Hello, we do not send photos. Did you need assistance with something Xbox related? ^RM",visual_evidence_required,escalate,rule_assisted_needs_sample_review,account_access_profile,0.460,semantic_prototype_weak_label
163154,163156,153722,Sun Nov 26 12:24:50 +0000 2017,@XboxSupport yes how many games can it keep in free memory?,163157,@153722 That depends on the size of the hard drive in the console - there's more info here: https://t.co/Cx1O5XJTyT on how you can check.  ^QZ,needs_more_context,escalate,rule_assisted_needs_sample_review,subscription_game_pass_gold,0.433,semantic_prototype_weak_label
163183,163183,153731,Fri Nov 24 16:13:08 +0000 2017,@XboxSupport is there no option to upgrade a HD movie I️ own into UHD? I️ own Blade Runner: The Finel Cut in HD and can’t just rebuy the UHD version,163182,"@153731 Hi there, in this case, the UHD is a separate version and you would need to purchase it to own it. ^JS",general_or_unclear_reply,review_required,rule_assisted_needs_sample_review,how_to_product_information,0.255,semantic_prototype_weak_label
163186,163186,153732,Fri Nov 24 16:09:48 +0000 2017,"@XboxSupport I have been having a issue with my party's on Xbox One X where when sometimes when someone speaks it makes a glitchy, static, repeating sound or it would just be quiet. I reseted my Xbox and even put my Power Settings on energy saving.",163184,@153732 Hi there! Could you check to make sure your controller is fully updated https://t.co/AjbWyIX8UB ? ^JS,public_documentation,auto_handle_candidate,rule_assisted_needs_sample_review,other_or_needs_context,0.365,semantic_prototype_weak_label
163186,163185,153732,Fri Nov 24 22:12:43 +0000 2017,@XboxSupport I'm using a wired controller and the weird sounds in the party are coming through my speakers of my TV,163187,@153732 Can you share a video of this by chance to give us a better idea? This may be something our teams are looking into but more details would be helpful. https://t.co/nPX1yNG0Tv ^IS,visual_evidence_required,escalate,rule_assisted_needs_sample_review,console_accessory_display,0.277,semantic_prototype_weak_label
164487,164487,154120,Fri Nov 24 17:00:37 +0000 2017,"@XboxSupport Hi, I purchased Xbox live 12 month prepaid code and it's been activatedand shows under my subscriptions but I can't access XB live features to play online could you please assist?",164486,"@154120 We'd be happy to help, but we could use more info. Could you follow &amp; DM @Xboxsupport with your Gamertag &amp; some details? ^EZ",private_account_investigation,escalate,rule_assisted_needs_sample_review,billing_codes_refunds,0.481,semantic_prototype_weak_label
166001,166001,154550,Fri Nov 24 18:51:39 +0000 2017,"@XboxSupport the enforcement site is unusable. Trying to view details of a case review and silent errors keep throwing me back to home page. (Multiple browsers, desktop and mobile).",166000,@154550 We'd be happy to look into this with you! Could you follow &amp; DM @Xboxsupport with your Gamertag &amp; some details? ^EZ,private_account_investigation,escalate,rule_assisted_needs_sample_review,safety_enforcement_security,0.487,semantic_prototype_weak_label
166008,166006,154552,Fri Nov 24 18:14:33 +0000 2017,@XboxSupport Or any way to find out why the enforcement was issued?,166005,@154552 if you are eligible for a case review you can do that there as well.  2 ^XS,enforcement_review,escalate,rule_assisted_needs_sample_review,safety_enforcement_security,0.623,semantic_prototype_weak_label
166008,166006,154552,Fri Nov 24 18:14:33 +0000 2017,@XboxSupport Or any way to find out why the enforcement was issued?,166007,@154552 If you believe that your suspension was incorrectly levied against you please head over here: https://t.co/DKYj5dv910  1 ^XS,enforcement_review,escalate,rule_assisted_needs_sample_review,safety_enforcement_security,0.623,semantic_prototype_weak_label
167474,167474,154968,Fri Nov 24 20:03:20 +0000 2017,@154969 @XboxSupport Hi! How long does it take to get reward points in our account after a purchase through the store on Xbox one?,167473,"@154968 Hey, for any information on Xbox Live Rewards, you can go to this page here https://t.co/nKWToQWkHZ. ^RM",public_documentation,auto_handle_candidate,rule_assisted_needs_sample_review,account_access_profile,0.415,semantic_prototype_weak_label
169219,169219,155396,Fri Nov 24 20:44:17 +0000 2017,Has the Xbox One X enhancement update come out for WW2 yet? If so how do I download. @ATVIAssist @115765 @XboxSupport,169218,@155396 Hi there! The update for this title will begin the download once you launch this on your console.  ^JA,general_or_unclear_reply,review_required,rule_assisted_needs_sample_review,other_or_needs_context,0.426,semantic_prototype_weak_label
170587,170583,155764,Fri Nov 24 21:44:51 +0000 2017,@XboxSupport Could you answer my quistion please?,170581,@155764 Hello! Not quite sure we are following. What game/disk are you trying to play on your console? Are you on Xbox One or Xbox 360? ^RR,public_troubleshooting,auto_handle_candidate,rule_assisted_needs_sample_review,other_or_needs_context,0.544,semantic_prototype_weak_label
170587,170582,155764,Fri Nov 24 22:23:56 +0000 2017,@XboxSupport Xbox one,170584,@155764 Would you mind letting us know what you're trying to play on your Xbox One exactly?   ^RR,public_troubleshooting,auto_handle_candidate,rule_assisted_needs_sample_review,account_access_profile,0.510,semantic_prototype_weak_label
170587,170585,155764,Fri Nov 24 23:01:02 +0000 2017,@XboxSupport A game known as black,170586,@155764 Thanks for that! You should be good to play the game as it is a backwards compatible title listed here: https://t.co/pnSwgWEpT3 ^RR,public_documentation,auto_handle_candidate,rule_assisted_needs_sample_review,other_or_needs_context,0.425,semantic_prototype_weak_label
170638,170638,155781,Fri Nov 24 20:02:17 +0000 2017,"@XboxSupport hey guys! My Xbox is making some squeaky noises, can you help ?",170636,"@155781 Hey, could you direct message us and share more information on what is happening? ^RM",private_account_investigation,escalate,rule_assisted_needs_sample_review,other_or_needs_context,0.479,semantic_prototype_weak_label
173149,173149,156516,Fri Nov 24 22:41:27 +0000 2017,"@XboxSupport I just bought a game (I already owned) for a friend as a gift, and it started to install on my hard drive when I finished purchase. Is that normal?",173148,@156516 Hiya! Mind sending us a direct message https://t.co/nPX1yNXCi5 with your Gamertag so we can further look into this?  ^JA,private_account_investigation,escalate,rule_assisted_needs_sample_review,billing_codes_refunds,0.290,semantic_prototype_weak_label
175095,175095,157092,Fri Nov 24 23:06:46 +0000 2017,@XboxSupport wtf happing here https://t.co/qLeHd5B2yu,175094,"@157092 Hi there, is this happening with any game you try or just FIFA? If you try a full power cycle: https://t.co/QENEhDs7tB of your Xbox One S console, does that solve what you're experiencing? ^ZM",public_documentation,auto_handle_candidate,rule_assisted_needs_sample_review,other_or_needs_context,0.466,semantic_prototype_weak_label
175100,175100,157094,Fri Nov 24 22:12:03 +0000 2017,Xbox One-support | Xbox 360-support | Xbox Live- och faktureringssupport  https://t.co/xcc4g2kgp5 via @xboxsupport If you are gonna fucking ban me when i just bought live then give me a refund you fucking scammers go to hell,175099,@157094 Hey there. We do not handle any enforcement action here. If eligible you can file for a case review here: https://t.co/U1yn6tCbse . Also you can reach out to our chat team here: https://t.co/lUV7XYCGTq to discuss refund options. ^IS,enforcement_review,escalate,rule_assisted_needs_sample_review,other_or_needs_context,0.542,semantic_prototype_weak_label
177177,177177,157704,Sat Nov 25 00:34:17 +0000 2017,I’ve been downloading Call of Duty World War 2 for about 4 hours and it’s only on 39%. How can I️ speed up this process? My internet is pretty good @XboxSupport,177176,"@157704 Hi there, if you're seeing slow downloads, please try our steps here: https://t.co/eLlEvjBDIA to see if they can help out. ^ZM",public_documentation,auto_handle_candidate,rule_assisted_needs_sample_review,game_content_download,0.329,semantic_prototype_weak_label
183202,183202,159083,Sat Nov 25 01:43:15 +0000 2017,@XboxSupport Having an issue with my headset/controller. But I doubt you guys will reply :/,183201,@159083 Hey there! Mind sending us a direct message https://t.co/nPX1yNXCi5 with your Gamertag and a summary of the issue?  ^JA,private_account_investigation,escalate,rule_assisted_needs_sample_review,other_or_needs_context,0.547,semantic_prototype_weak_label
183225,183225,142608,Sat Nov 25 01:23:53 +0000 2017,"@XboxSupport Once a custom gamerpic is approved, does it get added to a gallery of sorts or will it have to be reapproved if I change it and want to change it back?",183223,@142608 It will need to be re-approved each time. Hope that clarifies.  ^IS,general_or_unclear_reply,review_required,rule_assisted_needs_sample_review,how_to_product_information,0.358,semantic_prototype_weak_label
183225,183224,142608,Sat Nov 25 01:52:35 +0000 2017,@XboxSupport Anywhere to drop suggestions? Think it could be super helpful for custom holiday gamerpics.,183226,@142608 For sure. Let's leave that feedback here: https://t.co/Ub2WjDyEcS . ^IS,public_documentation,auto_handle_candidate,rule_assisted_needs_sample_review,other_or_needs_context,0.426,semantic_prototype_weak_label
190857,190857,160810,Wed Oct 04 03:25:25 +0000 2017,@XboxSupport whats the number to talk to Xbox Corporate? Or should I phone the BBB? There's ZERO way to file a customer complaint?...,190856,@160810 Submitting a case review is your only option per our Code of Conduct found here: https://t.co/itURlVhmBR ^CO,enforcement_review,escalate,rule_assisted_needs_sample_review,other_or_needs_context,0.452,semantic_prototype_weak_label
190887,190882,160814,Wed Oct 04 02:29:37 +0000 2017,@XboxSupport nope. its not my internet either because it works just fine on my PS4 and laptop,190881,"@160814 Definitely odd, you may need to reach out to ESPN directly but to be sure does this persist no matter who's logged in? Can 1/2 ^IS",general_or_unclear_reply,review_required,rule_assisted_needs_sample_review,connectivity_xbox_live,0.451,semantic_prototype_weak_label
190887,190884,160814,Wed Oct 04 01:02:53 +0000 2017,@XboxSupport nope. everything’s the same,190883,@160814 Thanks for trying that. Let's clear your cache by powering down and unplugging for five full minutes. let us know if it helps. ^CO,public_troubleshooting,auto_handle_candidate,rule_assisted_needs_sample_review,other_or_needs_context,0.486,semantic_prototype_weak_label
190887,190886,160814,Tue Oct 03 23:23:55 +0000 2017,@XboxSupport hello pls respond,190885,"@160814 Any change when you try uninstalling the app, power cycling: https://t.co/QENEhDawC3 , and reinstalling?  2 ^ZM",public_documentation,auto_handle_candidate,rule_assisted_needs_sample_review,other_or_needs_context,0.604,semantic_prototype_weak_label
190892,190890,160815,Wed Oct 04 03:14:53 +0000 2017,"@XboxSupport I know it doesn't come out till tomorrow, will something appear tomorrow that will give me access?",190888,@160815 Hello! You will find the beta in your Ready to Install section when the beta launches. ^CO,general_or_unclear_reply,review_required,rule_assisted_needs_sample_review,other_or_needs_context,0.450,semantic_prototype_weak_label
190892,190889,160815,Wed Oct 04 03:39:37 +0000 2017,"@XboxSupport Okay awesome thanks! Sorry haven't really done Betas before, as you can tell lol",190891,@160815 No worries at all! Let us know if we can assist with anything else. ^JL,general_or_unclear_reply,review_required,rule_assisted_needs_sample_review,other_or_needs_context,0.435,semantic_prototype_weak_label
190944,190944,160831,Wed Oct 04 02:40:31 +0000 2017,I wonder if @115786 go send me my beta code @XboxSupport for Star Wars,190943,"@160831 Hello, thanks for reaching out to us. The Beta will show up in your Ready to Install section when the beta starts. ^CO",general_or_unclear_reply,review_required,rule_assisted_needs_sample_review,other_or_needs_context,0.335,semantic_prototype_weak_label
190946,190946,160832,Wed Oct 04 02:40:10 +0000 2017,@XboxSupport Hello I tried to enter a code and it says token not supported. Please help.,190945,"@160832 Hello, thanks for reaching out to us. Can you DM us your gamertag and the token? ^CO",private_account_investigation,escalate,rule_assisted_needs_sample_review,account_access_profile,0.536,semantic_prototype_weak_label
190958,190958,160836,Wed Oct 04 01:54:47 +0000 2017,@XboxSupport so I installed the new system update and now I get major lag and screen freezing on every online game. Even party issues,190957,"@160836 Hey there. Can you dm your GT and a pic of your ""Detailed Network Statistics"" so we can take a look?  ^IS
 https://t.co/3ZhVDWKaYU",public_documentation,auto_handle_candidate,rule_assisted_needs_sample_review,connectivity_xbox_live,0.432,semantic_prototype_weak_label
194854,194854,161797,Wed Oct 04 18:05:17 +0000 2017,"@XboxSupport I hard restarted my Xbox and all privacy settings set to everybody, but won’t let me hear or speak in part and I’m not banned",194853,@161797 DM us your Gamertag and clarify what the issue is that you're having so we can investigate?  2 ^BZ,private_account_investigation,escalate,rule_assisted_needs_sample_review,account_access_profile,0.552,semantic_prototype_weak_label
194854,194854,161797,Wed Oct 04 18:05:17 +0000 2017,"@XboxSupport I hard restarted my Xbox and all privacy settings set to everybody, but won’t let me hear or speak in part and I’m not banned",194855,@161797 Heyo! We'd like to Direct Message so we can collect some more information. Can you follow and  1 ^BZ,private_account_investigation,escalate,rule_assisted_needs_sample_review,account_access_profile,0.552,semantic_prototype_weak_label
194872,194870,161802,Wed Oct 04 18:00:38 +0000 2017,"@XboxSupport I did reboot it with the 10 second hold button thing and nothing changes, I would appreciate it if you could help :)",194868,"@161802 Hey there! Can you DM us your Gamertag? Also, can you share a picture of what you're seeing? ^BZ",visual_evidence_required,escalate,rule_assisted_needs_sample_review,account_access_profile,0.365,semantic_prototype_weak_label
194872,194869,161802,Wed Oct 04 18:10:13 +0000 2017,"@XboxSupport Well I've just turn it on and its working somehow 😀.. it wasn't working in the last hour but I believe you had your magic touch, Thanks BZ 🙂",194871,@161802 Glad to hear it! Happy gaming :) ^BZ,general_or_unclear_reply,review_required,rule_assisted_needs_sample_review,account_access_profile,0.322,semantic_prototype_weak_label
194897,194883,161804,Wed Oct 04 17:32:28 +0000 2017,@161808 @XboxSupport Just trying it now.,194876,"@161804 Hey, are you still experiencing issues with the Battlefront 2 Beta? ^RM",general_or_unclear_reply,review_required,rule_assisted_needs_sample_review,account_access_profile,0.555,semantic_prototype_weak_label
194897,194877,161805,Wed Oct 04 18:17:22 +0000 2017,@XboxSupport @161804 I reset Xbox. Mine works now,194884,@161805 Hey there! Glad to hear you were able to get it sorted! Happy gaming :) ^BZ,general_or_unclear_reply,review_required,rule_assisted_needs_sample_review,account_access_profile,0.644,semantic_prototype_weak_label
194977,194974,161821,Wed Oct 04 16:30:22 +0000 2017,@XboxSupport Amazing! Thank you very much! ✨🙌🏻,194973,@161821 No problem! Give us a shout if you have any other Xbox Support questions down the road.  ^TJ,general_or_unclear_reply,review_required,rule_assisted_needs_sample_review,account_access_profile,0.422,semantic_prototype_weak_label
194977,194977,161821,Wed Oct 04 15:15:46 +0000 2017,"@XboxSupport bought rocket league for £9.59 and the store messed up, been refunded n that, but now the offer ended, am I still entitled?",194976,"@161821 Hi there. For a billing issue such as this, we recommend reaching out to the live chat team to take a deeper 1/2 ^TJ",specialist_handoff,escalate,rule_assisted_needs_sample_review,billing_codes_refunds,0.396,semantic_prototype_weak_label
197268,197268,162395,Wed Oct 04 01:16:54 +0000 2017,@XboxSupport is the xbox store up i cant even get into it or the deals with gold section too ive been trying to get on there all day,197267,@162395 Hi there! Can you DM us your Gamertag and a detailed description of the issue? ^JL,private_account_investigation,escalate,rule_assisted_needs_sample_review,account_access_profile,0.531,semantic_prototype_weak_label
197294,197287,162400,Wed Oct 04 00:13:45 +0000 2017,@XboxSupport Tried to click the survey link a few times and keep getting this message. :/ https://t.co/ehSDbfnfTt,197285,"@162400 Ah, sorry about that. Can you try the link at the bottom of this post https://t.co/BByT6wSNlH instead? ^AK",public_documentation,auto_handle_candidate,rule_assisted_needs_sample_review,other_or_needs_context,0.473,semantic_prototype_weak_label
197294,197286,162400,Wed Oct 04 03:35:34 +0000 2017,@XboxSupport What do i do about worlds over 150mb not converting properly?,197288,@162400 Oh no. You definitely want to login here: https://t.co/ZuopPrQLtm you should be able to vote and add to this bug report to address this. ^IS,public_documentation,auto_handle_candidate,rule_assisted_needs_sample_review,other_or_needs_context,0.395,semantic_prototype_weak_label
197294,197290,162400,Tue Oct 03 03:50:12 +0000 2017,@XboxSupport Theres all 16 pieces of wool but still no achievement https://t.co/qdKYvbPhI6,197289,"@162400 I see. On the same link that we sent, there should be an option for a survey at the bottom of the page. When you can 1/2  ^TJ",general_or_unclear_reply,review_required,rule_assisted_needs_sample_review,billing_codes_refunds,0.186,semantic_prototype_weak_label
197294,197292,162400,Mon Oct 02 07:15:08 +0000 2017,@XboxSupport Few achievements i cant seem to unlock even though im doing whats required. 'Rainbow collection' and the 'inception' achievements dont work,197291,@162400 you able to check achievement guides online for these to see if you met all the qualifications?  2 ^ZM,general_or_unclear_reply,review_required,rule_assisted_needs_sample_review,account_access_profile,0.449,semantic_prototype_weak_label
197294,197294,162400,Mon Oct 02 02:53:34 +0000 2017,@XboxSupport are achievements not working properly for the new @162401 game?,197293,"@162400 Hello, we aren't aware of an existing issue, what are you having issues with? ^CO",general_or_unclear_reply,review_required,rule_assisted_needs_sample_review,other_or_needs_context,0.374,semantic_prototype_weak_label
204264,204264,164350,Wed Oct 04 11:15:38 +0000 2017,@XboxSupport I need help please,204263,"@164350 Heyo! Do you have an Xbox Support question for us? If so, can you DM us your Gamertag and what's going on so we can assist? ^BZ",private_account_investigation,escalate,rule_assisted_needs_sample_review,account_access_profile,0.526,semantic_prototype_weak_label
204267,204267,164351,Wed Oct 04 15:11:12 +0000 2017,@10607 @XboxSupport please ban this kid,204266,@164351 Hi there. We're actually separate from the enforcement team &amp; couldn't provide info on their actions. Recommend 1/2 ^TJ,enforcement_review,escalate,rule_assisted_needs_sample_review,safety_enforcement_security,0.513,semantic_prototype_weak_label
204285,204285,164357,Wed Oct 04 04:38:49 +0000 2017,@XboxSupport My friend has an account on my Xbox that is banned  but I am not. It is now saying that my profile is banned. HELP.,204284,"@164357 Hi there. Can you DM us your Gamertag? Also, what exactly are you having trouble on your account? ^BZ",private_account_investigation,escalate,rule_assisted_needs_sample_review,account_access_profile,0.620,semantic_prototype_weak_label
204291,204291,164359,Wed Oct 04 04:43:33 +0000 2017,"@XboxSupport is the DLC for X360 Call of Duty AW available in the backwards compatibility on Xbox One too, like BO1 &amp; 2, or just the game?",204290,"@164359 Hey, the DLC for Call of Duty: Advanced Warfare is also available for Backward Compatibility. ^RM",general_or_unclear_reply,review_required,rule_assisted_needs_sample_review,how_to_product_information,0.417,semantic_prototype_weak_label
204358,204358,164373,Wed Oct 04 23:20:38 +0000 2017,what is wrong with #xbox service? @XboxSupport,204357,@164373 Recommend reaching out to the Preview forums here: https://t.co/X4AdtqNL92 so they can look into this further for you.  ^RR,public_documentation,auto_handle_candidate,rule_assisted_needs_sample_review,other_or_needs_context,0.571,semantic_prototype_weak_label
205560,205558,164712,Wed Oct 04 19:54:02 +0000 2017,"@XboxSupport When you search for the beta on the store there are two beta options, one doesn't work another is valued at £219/free that one works",205556,@164712 To clarify on this you were able to access with the second version? Just want to be sure on this.  ^IS,needs_more_context,escalate,rule_assisted_needs_sample_review,how_to_product_information,0.392,semantic_prototype_weak_label
205560,205560,164712,Wed Oct 04 19:36:24 +0000 2017,@XboxSupport I have pre-ordered. Why can't I play? https://t.co/sU8TK7WeGl,205559,"@164712 Hey there. Can you share your gamertag on this specifically? Happy to take a closer look with you on this.  ^IS
 https://t.co/3ZhVDWKaYU",private_account_investigation,escalate,rule_assisted_needs_sample_review,other_or_needs_context,0.459,semantic_prototype_weak_label
205567,205566,161817,Wed Oct 04 19:47:05 +0000 2017,@XboxSupport Might need to tell the people who run your partner xbox sites to update there system to use new data.,205564,@161817 Gotcha. Are you also seeing this issue when you try using a different browser?  ^TJ,public_troubleshooting,auto_handle_candidate,rule_assisted_needs_sample_review,how_to_product_information,0.500,semantic_prototype_weak_label
205579,205579,164717,Wed Oct 04 18:58:40 +0000 2017,@XboxSupport help with starwars beta please,205577,"@164717 Hey, have you tried removing your Xbox profile and re-adding it? the steps can be found here https://t.co/ANtB3VzqWa ^RM",public_documentation,auto_handle_candidate,rule_assisted_needs_sample_review,other_or_needs_context,0.464,semantic_prototype_weak_label
205616,205615,164724,Wed Oct 04 18:55:39 +0000 2017,@XboxSupport @10633 Never mind! I found the beta I was looking for! 😏😁🎉,205614,@164724 Glad to hear it! Happy gaming :) ^BZ,general_or_unclear_reply,review_required,rule_assisted_needs_sample_review,other_or_needs_context,0.377,semantic_prototype_weak_label
194897,194890,161808,Wed Oct 04 17:00:25 +0000 2017,@161804 @XboxSupport It works!!,194891,@161808 That is great to hear! Enjoy the game. ^RM,general_or_unclear_reply,review_required,rule_assisted_needs_sample_review,account_access_profile,0.569,semantic_prototype_weak_label
207457,207457,165072,Fri Oct 27 14:13:16 +0000 2017,"@116655 Hey Blizzard, I’m experiencing some disconnects at the moment. My internet is not the issue. I’m on Xbox.",207456,@165072 Hey there! If you are still seeing this happen be sure to send us a tweet and we will be happy to help.  ^BL,general_or_unclear_reply,review_required,rule_assisted_needs_sample_review,connectivity_xbox_live,0.418,semantic_prototype_weak_label
207467,207460,165073,Fri Oct 27 22:41:41 +0000 2017,@XboxSupport I have no problems getting into the buy page while he receives an error message,207458,"@165073 Hi, could you show us what error message he is receiving? ^RM",general_or_unclear_reply,review_required,rule_assisted_needs_sample_review,account_access_profile,0.544,semantic_prototype_weak_label
207467,207459,165073,Fri Oct 27 22:55:33 +0000 2017,"@XboxSupport As I said before, only he receives this when trying to purchase. I go right to the payment method screen. https://t.co/SO1zVqrfEg",207461,@165073 He can try re-adding the account to the console by following these steps https://t.co/O64xh8tIC8. ^RM,public_documentation,auto_handle_candidate,rule_assisted_needs_sample_review,billing_codes_refunds,0.461,semantic_prototype_weak_label
207467,207462,165073,Fri Oct 27 23:22:13 +0000 2017,@XboxSupport Doesn’t seem to have worked https://t.co/kZuEmsmElI,207463,"@165073 Try restarting your console with these steps https://t.co/Z4gqYJG4xh 
 ^RM",public_documentation,auto_handle_candidate,rule_assisted_needs_sample_review,other_or_needs_context,0.469,semantic_prototype_weak_label
207467,207464,165073,Fri Oct 27 23:43:56 +0000 2017,@XboxSupport Tried that before contacting you guys.,207465,@165073 equipped in handling account issues. You can reach out to them here https://t.co/sMM0hn9ycL.  2 ^RM,public_documentation,auto_handle_candidate,rule_assisted_needs_sample_review,account_access_profile,0.564,semantic_prototype_weak_label
207467,207464,165073,Fri Oct 27 23:43:56 +0000 2017,@XboxSupport Tried that before contacting you guys.,207466,@165073 We would recommend reaching out to the chat support team. They are more  1 ^RM,general_or_unclear_reply,review_required,rule_assisted_needs_sample_review,account_access_profile,0.564,semantic_prototype_weak_label
207469,207469,165074,Fri Oct 27 12:42:10 +0000 2017,sorry but how is it 2017 and xbox’s are still complete dog shit?,207468,@165074 Hi there! If you have any support questions we are more than happy to help and only a Tweet away.  ^BL,general_or_unclear_reply,review_required,rule_assisted_needs_sample_review,how_to_product_information,0.447,semantic_prototype_weak_label
208835,208835,165418,Wed Oct 04 04:17:58 +0000 2017,@XboxSupport parties while playing destiny 2 have been collapsing all day and since release. Is this a known issue?,208834,@165418 This issue has not been brought to our attention. Can you DM us more details? ^RM,private_account_investigation,escalate,rule_assisted_needs_sample_review,other_or_needs_context,0.333,semantic_prototype_weak_label
208837,208837,165419,Wed Oct 04 04:17:50 +0000 2017,@XboxSupport  okay so 1 my xbox wont connect to parties 2 it wont load up  anything 3 i wont connect to wifi or anything microsoft plz,208836,"@165419 Hey, is this your first time trying to connect your console to the internet? Which console are you using? ^RM",public_troubleshooting,auto_handle_candidate,rule_assisted_needs_sample_review,account_access_profile,0.583,semantic_prototype_weak_label
213878,213878,166776,Wed Oct 04 21:54:16 +0000 2017,"@XboxSupport have you heard of any issue with playback of pirates of the Caribbean 5, 4k blu ray on Xbox one S?",213877,"@166776 Not that we're aware of, but we can help take a look! Can you DM us your gamertag? https://t.co/nPX1yNXCi5  ^QZ",private_account_investigation,escalate,rule_assisted_needs_sample_review,other_or_needs_context,0.411,semantic_prototype_weak_label
213911,213911,166784,Wed Oct 04 22:06:09 +0000 2017,@XboxSupport the store won't let me buy anything saying it cant process my payment yet I have money on my card. Help please?,213910,"@166784 Hi there! We'd be happy to help with this. Could you follow us back &amp; DM your GamerTag when you get a chance? 
 ^TJ",private_account_investigation,escalate,rule_assisted_needs_sample_review,account_access_profile,0.486,semantic_prototype_weak_label
213990,213990,166804,Wed Oct 04 20:35:20 +0000 2017,When will we able to upload clips and Screenshots about NBA 2K18 again @130182 @119514 @XboxSupport @166805,213989,@166804 further clarification! You can also submit any feedback or suggestions at https://t.co/xzPtJXQjgy !  2 ^BZ,public_documentation,auto_handle_candidate,rule_assisted_needs_sample_review,how_to_product_information,0.350,semantic_prototype_weak_label
213990,213990,166804,Wed Oct 04 20:35:20 +0000 2017,When will we able to upload clips and Screenshots about NBA 2K18 again @130182 @119514 @XboxSupport @166805,213991,@166804 Hey there! That is by design here. You can look to 2k support for  1 ^BZ,general_or_unclear_reply,review_required,rule_assisted_needs_sample_review,how_to_product_information,0.350,semantic_prototype_weak_label
214025,214025,166814,Wed Oct 04 19:36:48 +0000 2017,@117331 @XboxSupport every time I go into the party I disconect the problem started yesterday,214024,"@166814 Definitely odd. Can you dm your GT, Nat type, and a pic of your ""Detailed Network Statistics""? Happy to take a look. ^IS",general_or_unclear_reply,review_required,rule_assisted_needs_sample_review,account_access_profile,0.544,semantic_prototype_weak_label
218381,218381,168079,Thu Oct 05 00:32:33 +0000 2017,@XboxSupport will standing xbox one s without the stand effect cooling or is it fine,218380,@168079 It would not have a good base to stand up on so we would not advise that specifically.  ^IS,general_or_unclear_reply,review_required,rule_assisted_needs_sample_review,other_or_needs_context,0.335,semantic_prototype_weak_label
219231,219226,168285,Thu Oct 05 02:25:57 +0000 2017,"@XboxSupport Yes. The actual repair supposedly happened just a few days after I sent it, it's the delivery service",219224,"@168285 Ah, then you would want to reach out to them to see where the console is located currently.  ^JL",general_or_unclear_reply,review_required,rule_assisted_needs_sample_review,other_or_needs_context,0.431,semantic_prototype_weak_label
219231,219227,168285,Thu Oct 05 02:41:45 +0000 2017,@XboxSupport I then called Xbox support and they said they will move my information to the escalations unit or whatever,219228,@168285 email and they will get you sorted out. Let us know if we can assist with anything else.  2 ^JL,general_or_unclear_reply,review_required,rule_assisted_needs_sample_review,other_or_needs_context,0.494,semantic_prototype_weak_label
219231,219227,168285,Thu Oct 05 02:41:45 +0000 2017,@XboxSupport I then called Xbox support and they said they will move my information to the escalations unit or whatever,219229,@168285 Sounds like everything is being looked into by the correct teams. Keep in touch with the chat team via  1 ^JL,specialist_handoff,escalate,rule_assisted_needs_sample_review,other_or_needs_context,0.494,semantic_prototype_weak_label
219231,219231,168285,Thu Oct 05 01:39:08 +0000 2017,I sent my Xbox in for warranty repair on the 13th of September....still haven't gotten it back ....@XboxSupport,219230,@168285 Have you reached out to the repair team through the emails you received for that warranty  1 ^JL,repair_or_warranty_process,escalate,rule_assisted_needs_sample_review,console_accessory_display,0.551,semantic_prototype_weak_label
219234,219234,168286,Thu Oct 05 02:18:07 +0000 2017,"@XboxSupport ""You can not add FIFA POINTS at this time, please try again later"".
Since yesterday it's like that.
Help me please",219233,@168286 Hi there! If you check here https://t.co/ynh71OJwNH are you able to see purchases for FIFA points? ^JL,public_documentation,auto_handle_candidate,rule_assisted_needs_sample_review,account_access_profile,0.489,semantic_prototype_weak_label
223393,223389,169370,Thu Oct 05 04:15:36 +0000 2017,@XboxSupport All it says is try it later for what I got and I have and still the same error,223388,@169370 It does this on the website as well? ^JL,general_or_unclear_reply,review_required,rule_assisted_needs_sample_review,account_access_profile,0.575,semantic_prototype_weak_label
223393,223391,169370,Thu Oct 05 03:46:26 +0000 2017,@XboxSupport I put my xbox code in and it says 'something went wrong on our end',223390,@169370 Let's check out the code troubleshooting guide on this link https://t.co/d3fbvoonAH Let us know how that goes. ^JL,public_documentation,auto_handle_candidate,rule_assisted_needs_sample_review,account_access_profile,0.551,semantic_prototype_weak_label
223393,223393,169370,Thu Oct 05 03:11:59 +0000 2017,@XboxSupport your online support isnt working for me so I need help here,223392,@169370 What can we assist you with? ^JL,general_or_unclear_reply,review_required,rule_assisted_needs_sample_review,account_access_profile,0.567,semantic_prototype_weak_label
224439,224425,169628,Thu Oct 05 04:54:38 +0000 2017,@XboxSupport Ok. Thanks,224423,@169628 Do you have this with any other game on the device? Have you uninstalled the game and reinstalled? ^JL,general_or_unclear_reply,review_required,rule_assisted_needs_sample_review,account_access_profile,0.501,semantic_prototype_weak_label
224439,224424,169628,Thu Oct 05 05:22:18 +0000 2017,"@XboxSupport Its the only one. And yes, I have uninstalled and installed and nothing change",224426,@169628 Have you tried resetting your network settings to your mobile device? ^RM,public_troubleshooting,auto_handle_candidate,rule_assisted_needs_sample_review,connectivity_xbox_live,0.446,semantic_prototype_weak_label
224439,224427,169628,Thu Oct 05 18:46:34 +0000 2017,"@XboxSupport I’ll do it, and it works!!!!! But I lose everything my civilization, it’s like a just start the game (nivel I).",224428,@169628 team here: https://t.co/lUV7XYl61S they may have some additional options for you to get this resolved.  2 ^XS,public_documentation,auto_handle_candidate,rule_assisted_needs_sample_review,other_or_needs_context,0.324,semantic_prototype_weak_label
224439,224430,169628,Thu Oct 05 22:19:55 +0000 2017,@XboxSupport I really thank you guy!!! Greetings from Mexico,224431,"@169628 No problem, we hope you have a great day! ^XS",general_or_unclear_reply,review_required,rule_assisted_needs_sample_review,other_or_needs_context,0.289,semantic_prototype_weak_label
224439,224427,169628,Thu Oct 05 18:46:34 +0000 2017,"@XboxSupport I’ll do it, and it works!!!!! But I lose everything my civilization, it’s like a just start the game (nivel I).",224429,@169628 What you will want to do at this point is reach out to our chat  1 ^XS,specialist_handoff,escalate,rule_assisted_needs_sample_review,other_or_needs_context,0.324,semantic_prototype_weak_label
224439,224433,169628,Thu Oct 05 04:22:21 +0000 2017,@XboxSupport Anything can help me?,224432,@169628 we do not get back to you our AM team will pick up where we left off.  2 ^JL,general_or_unclear_reply,review_required,rule_assisted_needs_sample_review,account_access_profile,0.596,semantic_prototype_weak_label
224439,224439,169628,Thu Oct 05 03:50:02 +0000 2017,@XboxSupport Saben español?,224435,@169628 We're an English based support team can you respond in English? If not we can get you to the right team here: https://t.co/lUV7XYCGTq ^IS,public_documentation,auto_handle_candidate,rule_assisted_needs_sample_review,account_access_profile,0.279,semantic_prototype_weak_label
224441,224441,169629,Thu Oct 05 04:35:43 +0000 2017,@XboxSupport Is there anything wrong with filing numerous complaints against an inappropriate player? Taking into account the Code of Conduc,224440,@169629 will not alter any decisions made by Enforcement or hurry any process along.  2 ^JL,enforcement_review,escalate,rule_assisted_needs_sample_review,safety_enforcement_security,0.449,semantic_prototype_weak_label
224439,224433,169628,Thu Oct 05 04:22:21 +0000 2017,@XboxSupport Anything can help me?,224434,@169628 Hi there! Does this happen on wifi and on mobile data? We will be closing soon https://t.co/XJOdrwpuSt if  1 ^JL,public_documentation,auto_handle_candidate,rule_assisted_needs_sample_review,account_access_profile,0.596,semantic_prototype_weak_label
228029,228026,170371,Sun Oct 08 01:35:58 +0000 2017,@XboxSupport Like can I purchase/use a digital Xbox one game off Amazon without Xbox live membership. There person does have internet access,228023,"@170371 Gotcha. Some game titles do require an active internet connection in order to install updates, however, if they put 1/2 ^JA",general_or_unclear_reply,review_required,rule_assisted_needs_sample_review,subscription_game_pass_gold,0.409,semantic_prototype_weak_label
228029,228029,170371,Sat Oct 07 23:27:39 +0000 2017,@XboxSupport can anyone help me (the last system I used was Nintendo) I have a silly question about purchasing a digital game,228028,"@170371 Hi! Let's have you follow us, DM us your Gamertag, and some more info about what you're seeing: https://t.co/nPX1yNXCi5
 ^BL",private_account_investigation,escalate,rule_assisted_needs_sample_review,game_content_download,0.510,semantic_prototype_weak_label
228029,228024,170371,Sun Oct 08 03:45:07 +0000 2017,@XboxSupport Basically do u need Xbox live membership to purchase/install/own/continually use a digital game purchase,228030,"@170371 If you purchase a digital game, you would not need an Xbox Live Gold subscription to keep it: https://t.co/7It5WcIV3z  ^EZ",public_documentation,auto_handle_candidate,rule_assisted_needs_sample_review,subscription_game_pass_gold,0.597,semantic_prototype_weak_label
238630,238630,172763,Tue Oct 03 02:25:29 +0000 2017,"@XboxSupport so, I can’t download halo wars 2...it keeps stopping at 9.41 gigs.  It’s been like this for a couple weeks .   Help?",238626,@172763 Hi there! Let's try with a fresh start by unplugging the console and your router/modem for a full 5 minutes.  ^BL,public_troubleshooting,auto_handle_candidate,rule_assisted_needs_sample_review,game_content_download,0.366,semantic_prototype_weak_label
238630,238627,172763,Thu Oct 05 13:00:27 +0000 2017,@XboxSupport  https://t.co/S3W4UTuY8B,238631,@172763 Xbox One console? You can find those in Settings&gt;Network Settings&gt;Advanced Settings&gt;Alternate MAC address&gt;Clear .  2 ^ZM,public_troubleshooting,auto_handle_candidate,rule_assisted_needs_sample_review,other_or_needs_context,0.407,semantic_prototype_weak_label
238630,238627,172763,Thu Oct 05 13:00:27 +0000 2017,@XboxSupport  https://t.co/S3W4UTuY8B,238632,@172763 Hi there. Any changes with this after clearing alternate MAC address and restarting your  1 ^ZM,public_troubleshooting,auto_handle_candidate,rule_assisted_needs_sample_review,other_or_needs_context,0.407,semantic_prototype_weak_label
239580,239580,172923,Sat Nov 25 02:26:27 +0000 2017,"@XboxSupport should my brand new One S sound like this. By the way I've already had three today, not cool https://t.co/SnjIeHD8Vz",239579,"@172923 Hi there! Just to clarify, are you experiencing any performance issues with the console?  ^JA",needs_more_context,escalate,rule_assisted_needs_sample_review,other_or_needs_context,0.441,semantic_prototype_weak_label
239599,239589,172925,Sat Nov 25 02:24:04 +0000 2017,"@XboxSupport Okay, sorry for the delay. The game is still doing the same thing regardless of how many people that I party up with.",239588,@172925 Hi again! Mind sending us a direct message https://t.co/nPX1yNXCi5 so we can gather more info and further assist?  ^JA,private_account_investigation,escalate,rule_assisted_needs_sample_review,other_or_needs_context,0.450,semantic_prototype_weak_label
239599,239591,172925,Thu Nov 23 05:42:26 +0000 2017,"@XboxSupport Nat type is open, I resolved that issue last week. Gamertag: BigWhiteKid412. I tried uninstalling the game and reinstalling but not the power cycle in between. Ill give that a try now",239590,@172925 Thanks for trying that for us! We were closed up overnight: https://t.co/XJOdrwpuSt but we're back open now - keep us posted on how that went!  ^QZ,public_documentation,auto_handle_candidate,rule_assisted_needs_sample_review,account_access_profile,0.442,semantic_prototype_weak_label
239599,239593,172925,Thu Nov 23 04:36:25 +0000 2017,"@XboxSupport Um, the only other game that I play online is NHL 18 and I am not experiencing any issues with online connectivity.",239592,"@172925 Definitely odd. Can you share your Nat type and your gamertag? Also, let's uninstall the game: https://t.co/3oioL0JuK8 then power cycle: https://t.co/QENEhDs7tB and reinstall the game. Keep us in the loop on how that goes along with that info we asked for. ^IS",private_account_investigation,escalate,rule_assisted_needs_sample_review,connectivity_xbox_live,0.512,semantic_prototype_weak_label
239599,239595,172925,Thu Nov 23 04:34:39 +0000 2017,@XboxSupport @ATVIAssist @115766 @115765 Welp it is also occurring when there are 3 people partied up. I am not the party leader as well if that matters.,239594,@172925 Are you seeing issues like this with any other game on the console? ^JL,general_or_unclear_reply,review_required,rule_assisted_needs_sample_review,account_access_profile,0.455,semantic_prototype_weak_label
239599,239599,172925,Wed Nov 22 02:31:20 +0000 2017,"@ATVIAssist @115766 @XboxSupport @129141 After every TDM match, I am getting back to the lobby and can't see any players, orders, weapon attachments and can't access the headquarters. Any ideas what could be going on?",239597,@172925 Heya! Let's power down the console and unplug it for about 5 mins then reboot and try again. ^JL,public_troubleshooting,auto_handle_candidate,rule_assisted_needs_sample_review,connectivity_xbox_live,0.305,semantic_prototype_weak_label
241024,241018,173232,Wed Nov 15 21:51:11 +0000 2017,@XboxSupport Apologies I have now,241017,@173232 Perfect. In that case you have gone through the proper steps and informed the proper teams.  ^IS,public_troubleshooting,auto_handle_candidate,rule_assisted_needs_sample_review,account_access_profile,0.508,semantic_prototype_weak_label
241024,241020,173232,Wed Nov 15 19:42:24 +0000 2017,"@XboxSupport Have got them all nothing changed, but I have just changed over to the xbox one x https://t.co/04unrm5n4R",241019,@173232 Did you submit the achievement survey at the bottom of the achievement post?  ^CO,general_or_unclear_reply,review_required,rule_assisted_needs_sample_review,how_to_product_information,0.472,semantic_prototype_weak_label
241024,241023,173232,Wed Nov 15 18:52:04 +0000 2017,@XboxSupport Cmon guys need your help,241022,@173232 Hi there! Let's check out our guide here for this achievement issue that you're seeing  https://t.co/sjqdEQXJjy  ^TJ,public_documentation,auto_handle_candidate,rule_assisted_needs_sample_review,other_or_needs_context,0.547,semantic_prototype_weak_label
241048,241048,173238,Wed Nov 15 21:47:08 +0000 2017,@XboxSupport Hello can u help me please i have a problems with sending message since august 10th,241046,"@173238 Hello, thanks for reaching out to us. Can you DM us details of the issue you're seeing? ^CO",private_account_investigation,escalate,rule_assisted_needs_sample_review,account_access_profile,0.575,semantic_prototype_weak_label
241097,241097,173251,Wed Nov 15 23:03:29 +0000 2017,"@XboxSupport Received normal One X instead of the ordered Limited design. Contacted MS Store&amp;they told me there is no stand included for the limited console (design isn't that important to me).Even though I had link to your unboxing. Also my vents are pretty loud,is this normal?",241095,"@173251 Hey, we would not be able to speculate. Have you encountered any issues with the performance of the console? ^RM",general_or_unclear_reply,review_required,rule_assisted_needs_sample_review,other_or_needs_context,0.344,semantic_prototype_weak_label
241148,241146,173253,Wed Nov 15 21:26:37 +0000 2017,"@XboxSupport thanks for the support, but I rebooted the MAC and everything back to normal.",241145,"@173253 Great to hear it's back to normal! Feel free to reach out should you have future Xbox Support questions! Happy Gaming!
 ^JS",general_or_unclear_reply,review_required,rule_assisted_needs_sample_review,account_access_profile,0.529,semantic_prototype_weak_label
241148,241148,173253,Wed Nov 15 18:40:44 +0000 2017,"@XboxSupport I can't connect my account on Xbox Live, what is happening?",241147,"@173253 Hello, thanks for reaching out to us. Can you DM us your gamertag, detailed network stats, and error messages? ^CO",private_account_investigation,escalate,rule_assisted_needs_sample_review,account_access_profile,0.702,semantic_prototype_weak_label
245562,245562,174323,Thu Oct 05 05:08:08 +0000 2017,"@XboxSupport What's with Xbox live lately, party problems and connectivity issues being the biggest issues?",245561,"@174323 Hey, have you tried any of these troubleshooting steps to resolve the issue?https://t.co/QtTF9gVnmk  ^RM",public_documentation,auto_handle_candidate,rule_assisted_needs_sample_review,connectivity_xbox_live,0.602,semantic_prototype_weak_label
245571,245571,174326,Thu Oct 05 04:03:23 +0000 2017,@XboxSupport FIFA 18 or 17 is not working,245570,@174326 DM us your Gamertag and clarify what the issue is that you're having so we can investigate?  2 ^BZ,private_account_investigation,escalate,rule_assisted_needs_sample_review,account_access_profile,0.476,semantic_prototype_weak_label
245571,245571,174326,Thu Oct 05 04:03:23 +0000 2017,@XboxSupport FIFA 18 or 17 is not working,245572,@174326 Heyo! We'd like to Direct Message so we can collect some more information. Can you follow and  1 ^BZ,private_account_investigation,escalate,rule_assisted_needs_sample_review,account_access_profile,0.476,semantic_prototype_weak_label
245574,245574,174327,Thu Oct 05 04:49:18 +0000 2017,I bought mad max for Xbox one and it freezes and glitches so that I can't play it. Very disappointing that I spent money on it @XboxSupport,245573,"@174327 on Xbox One,
 please try these steps: https://t.co/ouleFx48g2 to see if they help.  2 ^ZM",public_documentation,auto_handle_candidate,rule_assisted_needs_sample_review,account_access_profile,0.398,semantic_prototype_weak_label
245574,245574,174327,Thu Oct 05 04:49:18 +0000 2017,I bought mad max for Xbox one and it freezes and glitches so that I can't play it. Very disappointing that I spent money on it @XboxSupport,245575,"@174327 Hi there, we're sorry to hear about that. If you're experiencing game freezing  1 ^ZM",general_or_unclear_reply,review_required,rule_assisted_needs_sample_review,account_access_profile,0.398,semantic_prototype_weak_label
248441,248441,161811,Thu Oct 05 10:42:05 +0000 2017,"@164377 @XboxSupport that didn't work for me, @XboxSupport do i have to join back to beta to get the update",248439,"@161811 Hello again! To make sure, did you notice any specific error code/messages when you tried heading 1/2 ^TJ",general_or_unclear_reply,review_required,rule_assisted_needs_sample_review,account_access_profile,0.461,semantic_prototype_weak_label
253209,253206,176194,Thu Oct 05 14:40:22 +0000 2017,"@XboxSupport @116089 @127852 No, I’m still not able to invite or join friends.",253204,"@176194 Hey, have you tried doing a Power Cycle to your console or closing and re-opening the game? ^RM",public_troubleshooting,auto_handle_candidate,rule_assisted_needs_sample_review,account_access_profile,0.575,semantic_prototype_weak_label
253209,253205,176194,Thu Oct 05 18:22:21 +0000 2017,@XboxSupport I’ve tried both options but I am still unable to invite or join friends.,253207,@176194 You should see the beta showing under My Games and App&gt; Ready to Install.  ^RR,general_or_unclear_reply,review_required,rule_assisted_needs_sample_review,account_access_profile,0.553,semantic_prototype_weak_label
253209,253209,176194,Wed Oct 04 23:53:23 +0000 2017,@116089 @127852 @XboxSupport Why does my profile say I’m at “Home” when I’m actually playing the #StarWarsBattlefrontII Beta?,253208,@176194 @116089 @127852 Are you still unable to invite or join friends by chance? Also the profile saying home might be as intended since this is the beta. ^IS,general_or_unclear_reply,review_required,rule_assisted_needs_sample_review,account_access_profile,0.372,semantic_prototype_weak_label
259199,259197,177640,Thu Oct 05 18:54:35 +0000 2017,@XboxSupport My xbox account is RaggarRick95.,259196,@177640 on Twitter.  Please get in contact with our chat team here: https://t.co/lUV7XYCGTq  2 ^XS,specialist_handoff,escalate,rule_assisted_needs_sample_review,account_access_profile,0.579,semantic_prototype_weak_label
259199,259197,177640,Thu Oct 05 18:54:35 +0000 2017,@XboxSupport My xbox account is RaggarRick95.,259198,"@177640 Hey there, unfortunately, we are unable to release any info about an account here  1 ^XS",general_or_unclear_reply,review_required,rule_assisted_needs_sample_review,account_access_profile,0.579,semantic_prototype_weak_label
260632,260632,178046,Thu Oct 05 20:15:44 +0000 2017,@XboxSupport @XboxSupport could use a hand with this,260630,"@178046 Greetings! Let's have you try resetting your router/modem and power cycling: https://t.co/QENEhDawC3
 ^RR",public_documentation,auto_handle_candidate,rule_assisted_needs_sample_review,other_or_needs_context,0.449,semantic_prototype_weak_label
261082,261082,178165,Thu Oct 05 21:01:29 +0000 2017,@116089 @XboxSupport Can you assist me with the Star Wars beta?,261080,"@178165 Hey there, be sure to report what you are seeing to EA. ^XS",needs_more_context,escalate,rule_assisted_needs_sample_review,other_or_needs_context,0.437,semantic_prototype_weak_label
262020,262014,178408,Thu Oct 05 19:45:22 +0000 2017,"@178409 @178410 everythings slow for me, everytime i launch a game i get took of xbl",262013,@178408 are having along with your Gamertag? Please include verbatims of any error you are seeing.  2 ^XS,private_account_investigation,escalate,rule_assisted_needs_sample_review,game_content_download,0.337,semantic_prototype_weak_label
262020,262014,178408,Thu Oct 05 19:45:22 +0000 2017,"@178409 @178410 everythings slow for me, everytime i launch a game i get took of xbl",262015,"@178408 Hey there, can you please DM us with a full description of the issue you  1 ^XS",private_account_investigation,escalate,rule_assisted_needs_sample_review,game_content_download,0.337,semantic_prototype_weak_label
262029,262027,178412,Thu Oct 05 21:43:51 +0000 2017,@XboxSupport &gt;&gt; of the Wireless Controller with Play &amp; Charge Kit?,262025,"@178412 Boom, here you go: https://t.co/rlPmaurwyp . This page will also help: https://t.co/iOEqfPtlW9 .  ^IS",public_documentation,auto_handle_candidate,rule_assisted_needs_sample_review,billing_codes_refunds,0.439,semantic_prototype_weak_label
262029,262026,178412,Thu Oct 05 22:10:14 +0000 2017,@XboxSupport nice. thanks a bunch,262028,@178412 No problem. Hope you have a great one. ^IS,general_or_unclear_reply,review_required,rule_assisted_needs_sample_review,other_or_needs_context,0.473,semantic_prototype_weak_label
262031,262031,178413,Thu Oct 05 20:51:29 +0000 2017,@XboxSupport is there something going on with Xbox party chat? My friends and I all keep getting booted.,262030,"@178413 Hi there, we'd like to help but could use more info. Can you please send us  1 ^ZM",needs_more_context,escalate,rule_assisted_needs_sample_review,account_access_profile,0.519,semantic_prototype_weak_label
262387,262385,178503,Thu Oct 05 22:04:16 +0000 2017,@XboxSupport Ok it's working now very odd. Thanks,262384,@178503 Glad to hear! Have a great rest of your day.  ^RR,general_or_unclear_reply,review_required,rule_assisted_needs_sample_review,account_access_profile,0.525,semantic_prototype_weak_label
262387,262387,178503,Thu Oct 05 21:57:33 +0000 2017,@XboxSupport as soon as I press to get the side bar up or press home my dashboard freezes. Help please,262386,@178503 Hello! Let's have you try resetting your router/modem and power cycling: https://t.co/QENEhDawC3 to see if that helps.  ^RR,public_documentation,auto_handle_candidate,rule_assisted_needs_sample_review,account_access_profile,0.458,semantic_prototype_weak_label
262419,262413,178507,Thu Oct 05 21:52:22 +0000 2017,"@XboxSupport Also, I've tried resetting my Xbox and Router many times it doesn't work :(",262411,"@178507 Thanks for that, are you currently enrolled in the preview program? ^XS",general_or_unclear_reply,review_required,rule_assisted_needs_sample_review,account_access_profile,0.552,semantic_prototype_weak_label
262419,262412,178507,Thu Oct 05 22:11:12 +0000 2017,@XboxSupport I don't believe so nope,262414,@178507 team here: https://t.co/lUV7XYl61S they may have some additional options for you to get this resolved.  2 ^XS,public_documentation,auto_handle_candidate,rule_assisted_needs_sample_review,account_access_profile,0.429,semantic_prototype_weak_label
262419,262412,178507,Thu Oct 05 22:11:12 +0000 2017,@XboxSupport I don't believe so nope,262415,"@178507 Okay, what you will want to do at this point is reach out to our chat  1 ^XS",specialist_handoff,escalate,rule_assisted_needs_sample_review,account_access_profile,0.429,semantic_prototype_weak_label
262419,262418,178507,Thu Oct 05 21:44:28 +0000 2017,@XboxSupport Also some games like Fortnite Battle Royale are a little framerate choppy ;(,262416,"@178507 Hey there. Definitely odd. Can you dm your GT and a pic of how your network shows up in your ""Detailed Network Statistics"" as well? ^IS",general_or_unclear_reply,review_required,rule_assisted_needs_sample_review,other_or_needs_context,0.432,semantic_prototype_weak_label
263032,263032,178681,Sat Nov 25 01:57:10 +0000 2017,Unban me!! #freefirehawk @XboxSupport,263031,"@178681 We don't have any influence on suspensions, I'm afraid; if you like, you can submit a case review: https://t.co/JoGQTtB3Sp  ^BL",enforcement_review,escalate,rule_assisted_needs_sample_review,safety_enforcement_security,0.452,semantic_prototype_weak_label
263826,263826,178896,Thu Oct 05 05:03:37 +0000 2017,Is Fortnite fun? I’m license transferred with my sister on Xbox and she has it. Download or nah?,263825,@178896 Official Xbox Support here. We've had alot of fun with it. If you ever have Xbox questions feel free to tweet us. ^IS,general_or_unclear_reply,review_required,rule_assisted_needs_sample_review,game_content_download,0.370,semantic_prototype_weak_label
248441,248440,161811,Thu Oct 05 22:21:46 +0000 2017,"@XboxSupport No it just skips the message that would usually say ""took to long to start"" abd just goes straight to dashboard",263832,"@161811 To clarify, have you had a chance to speak with the preview chat support from the preview forums yet? ^XS",needs_more_context,escalate,rule_assisted_needs_sample_review,other_or_needs_context,0.313,semantic_prototype_weak_label
263846,263846,178900,Thu Oct 05 04:46:10 +0000 2017,"Fired up #DS3 yesterday...Yep, It's still brutal. I'm Still a Causal.
#DarkSouls #DarkSouls3 
#ReturnToLordran #XboxOne 
#Sunbro #GitGud",263845,@178900 Definitely a brutal one. Official Xbox Support here. If you ever have Xbox questions feel free to let us know.  ^IS,general_or_unclear_reply,review_required,rule_assisted_needs_sample_review,other_or_needs_context,0.221,semantic_prototype_weak_label
263855,263855,178903,Thu Oct 05 04:31:36 +0000 2017,@1561 HBO GO app never works on XBoxOne. Fix it. I'm not paying for something I can't use.,263854,@178903 Official Xbox Support here. Are you still seeing this? If so could you tweet us more details? We'd love to help. ^IS,general_or_unclear_reply,review_required,rule_assisted_needs_sample_review,account_access_profile,0.412,semantic_prototype_weak_label
265767,265767,179318,Thu Oct 05 09:53:40 +0000 2017,@31422 Xbox one smite keeps crashing at the loading card screen after the 4.18 update. I've tried everything to fix it. Nothing works.,265766,@179318 Hi there! We'd be happy to look into this with you. Send a tweet over to @XboxSupport when you can :) ^TJ,general_or_unclear_reply,review_required,rule_assisted_needs_sample_review,account_access_profile,0.309,semantic_prototype_weak_label
229763,229763,170757,Thu Oct 05 08:40:38 +0000 2017,"@AmazonHelp i pre-ordered star wars battlefront 2 for xbox one, when will I receive my early access beta code?",229770,@170757 Hi there! We'd be happy to look into this with you. Send a tweet over to @XboxSupport when you can :)  ^TJ,general_or_unclear_reply,review_required,rule_assisted_needs_sample_review,billing_codes_refunds,0.342,semantic_prototype_weak_label
265808,265808,179325,Thu Oct 05 12:06:49 +0000 2017,@179326 The rotate on Miners Haven Xbox isn't working. https://t.co/JFsONXTvLB,265807,"@179325 Official Xbox Support here. What exactly is going on with it? Could you tweet us more details, we'd love to help. ^IS",general_or_unclear_reply,review_required,rule_assisted_needs_sample_review,account_access_profile,0.385,semantic_prototype_weak_label
265812,265812,179328,Thu Oct 05 12:01:03 +0000 2017,"It's taken me 30 minutes to download a 1.45 GB update.

Really Xbox? Fucking really?",265811,@179328 Official Xbox Support here. Are you still seeing this? If so could you tweet us more details? We'd love to help. ^IS,general_or_unclear_reply,review_required,rule_assisted_needs_sample_review,game_content_download,0.452,semantic_prototype_weak_label
266614,266614,179526,Thu Oct 05 18:25:38 +0000 2017,"64 Days without my X1S. Lost at service center. Preordered CupHead and can't play it. 

@116543 @115787 @115786 
@15913 #Help",266612,@179526 We would be happy to look into this for you. Official Xbox Support here send us a DM with more info and we can help.  ^RR,private_account_investigation,escalate,rule_assisted_needs_sample_review,account_access_profile,0.347,semantic_prototype_weak_label
268457,268457,179654,Fri Oct 06 00:30:08 +0000 2017,"@XboxSupport Okay, now a handful of games are not working. What the heck is going on? Seriously, I pay for XBL yearly.",268455,"@179654 Heya! This is something that is currently being looked into. If you see any changes on your end please let us know. 
 ^RR",general_or_unclear_reply,review_required,rule_assisted_needs_sample_review,other_or_needs_context,0.462,semantic_prototype_weak_label
268847,268847,180104,Fri Oct 06 00:33:14 +0000 2017,Great @xboxsupport I cant play Forza7 coz it just keeps closing on starting. This is exactly why i will never support a digital only future!,268846,@180104 Hi there. This issue is currently being looked into by the proper teams. We appreciate your patience and understanding. ^JA,general_or_unclear_reply,review_required,rule_assisted_needs_sample_review,other_or_needs_context,0.466,semantic_prototype_weak_label
269647,269647,180318,Fri Oct 06 00:42:20 +0000 2017,@XboxSupport I can't seem to find the quests section under games with gold. Any idea what I'm doing wrong?,269646,@180318 Hey there. You should be able to see a quest pinned to your home dashboard specifically. Are you not seeing it there? ^IS,general_or_unclear_reply,review_required,rule_assisted_needs_sample_review,subscription_game_pass_gold,0.424,semantic_prototype_weak_label
270149,270149,180407,Fri Oct 06 00:48:20 +0000 2017,"@XboxSupport FM7 appears to be down.  Game launches, shows the splash screen and then returns back to the dashboard.  Other gamers confirmed",270148,@180407 Appreciate you reaching out. The proper teams are working to address this. Let us know if you see any change. ^IS,general_or_unclear_reply,review_required,rule_assisted_needs_sample_review,account_access_profile,0.415,semantic_prototype_weak_label
272571,272571,181071,Fri Oct 06 02:36:50 +0000 2017,"@XboxSupport pls i need a number to call and speak to a human person, im tired of this forum support run around im getting.",272570,@181071 You can check in with that team here https://t.co/aWWrMN54Vu We wish you the best with that. ^JL,public_documentation,auto_handle_candidate,rule_assisted_needs_sample_review,other_or_needs_context,0.555,semantic_prototype_weak_label
272782,272782,181135,Fri Oct 06 03:02:51 +0000 2017,@xboxsupport I'm having an issue where my xbox one s stops detecting the proper capabilities of my (cont) https://t.co/A5i43SfFsl,272780,@181135 Hi there! Have you tried using a new HDMI cable? Are you using a receiver at all? ^JL,general_or_unclear_reply,review_required,rule_assisted_needs_sample_review,other_or_needs_context,0.445,semantic_prototype_weak_label
273020,273020,123723,Fri Oct 06 02:54:57 +0000 2017,Hey @XboxSupport what’s the Mac adress on the network setting?,273019,@123723 scenario. We will be closing soon https://t.co/XJOdrwpuSt if we do not get back to you our AM team will pick up where we left off.  2 ^JL,public_documentation,auto_handle_candidate,rule_assisted_needs_sample_review,connectivity_xbox_live,0.465,semantic_prototype_weak_label
268847,273307,181275,Fri Oct 06 03:18:00 +0000 2017,"@181276 @180104 @XboxSupport does this work? have you tried yourself, and if so proof it works? tryna see before i buy it lol",273306,@181275 Hiya! The proper teams are hard at work on a fix. For updates check the status page here https://t.co/puAtoZIwD1 ^JL,public_documentation,auto_handle_candidate,rule_assisted_needs_sample_review,other_or_needs_context,0.528,semantic_prototype_weak_label
287655,287655,184560,Fri Oct 06 03:49:19 +0000 2017,I had the Overwatch trial I can't seem to find a way to upgrade to a purchased version now it just takes me in a loop to store @XboxSupport,287653,"@184560 Hi there! Were you able to get this resolved? If you still need help, could you send us a DM with your Gamertag? ^EZ",private_account_investigation,escalate,rule_assisted_needs_sample_review,how_to_product_information,0.368,semantic_prototype_weak_label
288395,288395,184699,Sat Nov 25 03:22:12 +0000 2017,@XboxSupport can u help me with something on cod WWII? Activision support doesn't seem to care to assist with an issue,288392,@184699 Hello! Would you mind letting us know your gamertag and what is going on exactly?  ^RR,private_account_investigation,escalate,rule_assisted_needs_sample_review,other_or_needs_context,0.506,semantic_prototype_weak_label
288395,288393,184699,Sat Nov 25 03:44:23 +0000 2017,"@XboxSupport After watching the kill cams, I'm the only one with the marker..very frustrating",288396,@184699 Thanks for that info! Recommend reaching out to Activision Support here: https://t.co/upnsPjasnE so they can look into this further. ^RR,public_documentation,auto_handle_candidate,rule_assisted_needs_sample_review,other_or_needs_context,0.332,semantic_prototype_weak_label
288395,288397,184699,Sat Nov 25 03:50:30 +0000 2017,@XboxSupport I've attempted to reach out to Activision support..no response by them,288398,@184699 Sorry to hear about that! We'd recommend continuing to reach out to Activision support for further assistance.  ^JA,general_or_unclear_reply,review_required,rule_assisted_needs_sample_review,other_or_needs_context,0.553,semantic_prototype_weak_label
288401,288401,184700,Sat Nov 25 03:25:34 +0000 2017,Hi @XboxSupport - what's going on with the @142606 update?,288399,@184700 Hi there! We would not be able to speculate on game updates and their availability I am afraid.  ^BL,general_or_unclear_reply,review_required,rule_assisted_needs_sample_review,other_or_needs_context,0.552,semantic_prototype_weak_label
288401,288400,184700,Sat Nov 25 03:44:29 +0000 2017,@XboxSupport Can I ask why? Are they coming from Gears servers? There are multiple Xbox customers complaining of the same problem.,288402,"@184700 Not quite sure what you are referencing, would you be able to send us a DM with more info?  ^BL
 https://t.co/3ZhVDWKaYU",private_account_investigation,escalate,rule_assisted_needs_sample_review,other_or_needs_context,0.494,semantic_prototype_weak_label
289319,289318,184945,Fri Oct 06 04:53:51 +0000 2017,@XboxSupport Nothing? Great customer support.,289317,@184945 Thanks for reaching out! We were closed up overnight: https://t.co/XJOdrwpuSt but we're back open now :) ^QZ,public_documentation,auto_handle_candidate,rule_assisted_needs_sample_review,other_or_needs_context,0.617,semantic_prototype_weak_label
292495,292492,185661,Fri Oct 06 12:06:47 +0000 2017,@XboxSupport Yeah it's on an open shelf on it's own. Can't be overheating as it'll do it when it's not been turned on for ages.,292490,@185661 Hey there! Could you go through the guide here https://t.co/OTzz9xxVZr for consoles shutting off unexpectedly ^JS,public_documentation,auto_handle_candidate,rule_assisted_needs_sample_review,console_accessory_display,0.220,semantic_prototype_weak_label
292495,292491,185661,Fri Oct 06 16:34:25 +0000 2017,@XboxSupport It's turning ON unexpectedly not off,292493,@185661 console is set to automatically update as it may be causing this https://t.co/7I0qTeJyAs  2 ^JS,public_documentation,auto_handle_candidate,rule_assisted_needs_sample_review,account_access_profile,0.517,semantic_prototype_weak_label
292495,292491,185661,Fri Oct 06 16:34:25 +0000 2017,@XboxSupport It's turning ON unexpectedly not off,292494,"@185661 Oh goodness, apologies for that. Hi there! Can you check to see if your  1 ^JS",general_or_unclear_reply,review_required,rule_assisted_needs_sample_review,account_access_profile,0.517,semantic_prototype_weak_label
293730,293730,185980,Thu Dec 29 05:50:27 +0000 2016,"@XboxSupport Hey, can our team have a follow? Already great support! Keep it up.",293728,@185980 Greetings! Consider yourself followed. Is there anything Xbox related that we can help you with?  ^RR,general_or_unclear_reply,review_required,rule_assisted_needs_sample_review,other_or_needs_context,0.560,semantic_prototype_weak_label
296121,296121,186518,Fri Oct 06 17:16:52 +0000 2017,@XboxSupport hi. Cannot get my forza 7 VIP updated rewards. No messages. Please help! Thanks,296120,"@186518 We'd be happy to help, but we could use more info. Could you follow &amp; DM @Xboxsupport with your Gamertag &amp; some details? ^EZ",private_account_investigation,escalate,rule_assisted_needs_sample_review,account_access_profile,0.359,semantic_prototype_weak_label
296931,296931,186746,Fri Oct 06 18:11:53 +0000 2017,@XboxSupport I have an issue regarding MKX ? Can I get so me info on what can I do ?,296929,"@186746 Hi, what issue can we help you with? ^RM",general_or_unclear_reply,review_required,rule_assisted_needs_sample_review,other_or_needs_context,0.472,semantic_prototype_weak_label
296931,296930,186746,Fri Oct 06 18:53:20 +0000 2017,@XboxSupport I have an issue mortal kombat X every time I load the game up it keeps crashing ? Should I just uninstall it ?,296932,@186746 You can first try restarting your console. The steps for that is here https://t.co/isBz4u1SxB. ^RM,public_documentation,auto_handle_candidate,rule_assisted_needs_sample_review,console_accessory_display,0.336,semantic_prototype_weak_label
296931,296933,186746,Fri Oct 06 19:22:24 +0000 2017,@XboxSupport I did this twice now and it still keeps crashing,296934,"@186746 Okay, well go ahead and uninstall the game and then install it again and let us know if that solves the issue. ^RM",general_or_unclear_reply,review_required,rule_assisted_needs_sample_review,account_access_profile,0.538,semantic_prototype_weak_label
296931,296935,186746,Fri Oct 06 19:33:11 +0000 2017,@XboxSupport Okay I will,296936,"@186746 Okay, let us know if this solves that issue. ^RM",general_or_unclear_reply,review_required,rule_assisted_needs_sample_review,account_access_profile,0.473,semantic_prototype_weak_label
296931,296937,186746,Sat Oct 07 15:23:33 +0000 2017,@XboxSupport The game is working after installing it again,296938,"@186746 Excellent, that's good to hear. Let us know if you have any other questions. ^CO",general_or_unclear_reply,review_required,rule_assisted_needs_sample_review,account_access_profile,0.497,semantic_prototype_weak_label
300821,300821,187730,Fri Oct 06 19:21:10 +0000 2017,"@XboxSupport Every message I send seems to 'failed to send message', please help!!!",300819,@187730 are having along with your Gamertag? Please include verbatims of any error you are seeing.  2 ^XS,private_account_investigation,escalate,rule_assisted_needs_sample_review,account_access_profile,0.565,semantic_prototype_weak_label
300821,300821,187730,Fri Oct 06 19:21:10 +0000 2017,"@XboxSupport Every message I send seems to 'failed to send message', please help!!!",300822,"@187730 Hey there, can you please DM us with a full description of the issue you  1 ^XS",private_account_investigation,escalate,rule_assisted_needs_sample_review,account_access_profile,0.565,semantic_prototype_weak_label
301268,301264,187858,Mon Sep 18 16:55:03 +0000 2017,@XboxSupport I've filed a dispute with Paypal regarding my transactions since no one is willing to correct the issue and/or refund my purchases.,301262,@187858 Hey again. Hope PayPal was able to help out in this situation. Unfortunately this is not something we'd be able to ^AK,general_or_unclear_reply,review_required,rule_assisted_needs_sample_review,billing_codes_refunds,0.450,semantic_prototype_weak_label
301268,301267,187858,Mon Sep 18 01:40:23 +0000 2017,"@XboxSupport @119514 I've filed a ticket with @130182, but they've failed to resolve the issue and are non-responsive.",301266,"@187858 Sorry to hear. To be sure, did they get back to you on the ticket you submitted and say they couldn't help? Or what happened? ^AK",general_or_unclear_reply,review_required,rule_assisted_needs_sample_review,account_access_profile,0.542,semantic_prototype_weak_label
301271,301271,187859,Fri Oct 06 20:19:12 +0000 2017,I am unable to own/create a 3rd club even though I only have 2. Any idea why? @XboxSupport,301269,@187859 Hiya! Are you seeing any specific error messages when you try to create a club?  ^JA,public_troubleshooting,auto_handle_candidate,rule_assisted_needs_sample_review,account_access_profile,0.404,semantic_prototype_weak_label
301271,301270,187859,Fri Oct 06 21:00:35 +0000 2017,"@XboxSupport Nope, the option just isn't there. Only lets me create a hidden one even though I only have 2 created.",301272,@187859 Can you send us a picture of what you are seeing on your end when this occurs?  ^RR,visual_evidence_required,escalate,rule_assisted_needs_sample_review,how_to_product_information,0.261,semantic_prototype_weak_label
303753,303753,188523,Fri Oct 06 21:33:05 +0000 2017,@XboxSupport my xbox one is broken. Non of the stupid resets work. Help,303752,"@188523 Hey, can you direct message us in detail and tell us what is going on with your Xbox? ^RM",private_account_investigation,escalate,rule_assisted_needs_sample_review,account_access_profile,0.626,semantic_prototype_weak_label
307547,307547,189427,Fri Oct 06 23:02:10 +0000 2017,@XboxSupport I’m fed up with my Xbox 360 randomly disconnecting from XBL. What’s the deal here? Doesn’t happen on Xbox One,307545,"@189427 Hi, you can use this link to troubleshoot with disconnecting with the Xbox 360 https://t.co/of2MNCDliE. ^RM",public_documentation,auto_handle_candidate,rule_assisted_needs_sample_review,other_or_needs_context,0.462,semantic_prototype_weak_label
307547,307546,189427,Sat Oct 07 00:49:58 +0000 2017,@XboxSupport I’ve been through those steps already,307548,@189427 We're sorry to hear about the frustration! Mind sending us a picture of your detailed network statistics? ^JA,visual_evidence_required,escalate,rule_assisted_needs_sample_review,account_access_profile,0.476,semantic_prototype_weak_label
308086,308086,189556,Fri Oct 06 23:33:13 +0000 2017,"@XboxSupport and couldn't sign you in."" Can you tell me what happened?",308085,"@189556 Greetings! Let's have you try resetting your router/modem and power cycling: https://t.co/QENEhDawC3
 ^RR",public_documentation,auto_handle_candidate,rule_assisted_needs_sample_review,account_access_profile,0.737,semantic_prototype_weak_label
309692,309692,189877,Sat Oct 07 01:27:09 +0000 2017,@XboxSupport if you can is it possiable you can get me a refund for minecraft in anyway or get my money back if my mincraft wont work,309691,"@189877 For refund inquiries, you will need to reach out chat support here: https://t.co/aWWrMN54Vu for more info. ^RR",specialist_handoff,escalate,rule_assisted_needs_sample_review,account_access_profile,0.498,semantic_prototype_weak_label
311156,311156,190307,Sat Oct 07 02:57:21 +0000 2017,@115786 @XboxSupport I just upgraded to an #XboxOneS &amp; I see the free Kinect adapter is not available (It's $40). Is this right?  Thanks!,311154,@190307 Heya! That offer is no longer available. If you want to get the adaptor you would need to purchase it.  ^RR,general_or_unclear_reply,review_required,rule_assisted_needs_sample_review,how_to_product_information,0.358,semantic_prototype_weak_label
311156,311155,190307,Sat Oct 07 03:05:26 +0000 2017,@XboxSupport Thanks for the super fast reply! Are the adapters known to go on sale? $40 seems like a lot just to get my existing Kinect to work. Thanks!,311157,@190307 We wouldn't be able to speculate on any sales here I am afraid.  ^BL,general_or_unclear_reply,review_required,rule_assisted_needs_sample_review,how_to_product_information,0.312,semantic_prototype_weak_label
239580,315072,172923,Sat Nov 25 03:48:26 +0000 2017,@XboxSupport Also this is from the third system I've gotten today https://t.co/WeUoadcQfM,315071,"@172923 Thanks for that info. In this case, let's have you reach out to the chat team here: https://t.co/XKAXNKSpfS to discuss your options. ^JA",specialist_handoff,escalate,rule_assisted_needs_sample_review,other_or_needs_context,0.430,semantic_prototype_weak_label
325651,325649,193574,Sat Oct 07 06:12:29 +0000 2017,"@XboxSupport @117347 And when it's not crashing, it's stuck on an infinite load. Why is this happening? I didn't spend $80 for this",325648,@193574 DM us your Gamertag and clarify what the issue is that you're having so we can investigate?  2 ^BZ,private_account_investigation,escalate,rule_assisted_needs_sample_review,account_access_profile,0.440,semantic_prototype_weak_label
325651,325649,193574,Sat Oct 07 06:12:29 +0000 2017,"@XboxSupport @117347 And when it's not crashing, it's stuck on an infinite load. Why is this happening? I didn't spend $80 for this",325650,@193574 Heyo! We'd like to Direct Message so we can collect some more information. Can you follow and  1 ^BZ,private_account_investigation,escalate,rule_assisted_needs_sample_review,account_access_profile,0.440,semantic_prototype_weak_label
327244,327244,193995,Fri Oct 06 22:55:31 +0000 2017,My Xbox 360 is stuck at this screen idk how to fix it. RIP TB tournaments https://t.co/vSs408Jw9P,327241,"@193995 That ain't good! Lend us a follow so we can take a look into this issue, happy to help if you need us! https://t.co/nPX1yNXCi5 ^FH",public_documentation,auto_handle_candidate,rule_assisted_needs_sample_review,account_access_profile,0.427,semantic_prototype_weak_label
328278,328278,194265,Sat Oct 07 10:53:34 +0000 2017,@XboxSupport Been three days and still can’t access the beta for @116089 battlefront 2 I’ve pre ordered but cant get past agreement page,328276,"@194265 https://t.co/K9uQAXh0DA and at step seven select ""Reset and keep my games &amp; apps""  2 ^JS",public_documentation,auto_handle_candidate,rule_assisted_needs_sample_review,account_access_profile,0.368,semantic_prototype_weak_label
328278,328277,194265,Sat Oct 07 20:04:19 +0000 2017,@XboxSupport Cheers I’ll give it ago,328279,@194265 HI again! We just wanted to check with you to see if these steps helped to resolve this issue. 1/2 ^JA,public_troubleshooting,auto_handle_candidate,rule_assisted_needs_sample_review,other_or_needs_context,0.459,semantic_prototype_weak_label
328278,328280,194265,Sat Oct 07 23:04:39 +0000 2017,"@XboxSupport Yeah that sorted it thanks, wish I’d gotten in touch sooner as I’ve lost my early access and only have 1 day left.",328282,@194265 We're glad to hear things are working more smoothly for you now. :)  ^JA,general_or_unclear_reply,review_required,rule_assisted_needs_sample_review,account_access_profile,0.524,semantic_prototype_weak_label
328278,328278,194265,Sat Oct 07 10:53:34 +0000 2017,@XboxSupport Been three days and still can’t access the beta for @116089 battlefront 2 I’ve pre ordered but cant get past agreement page,328283,@194265 Howdy! Could you try soft factory resetting your console by following the steps here  1 ^JS,public_troubleshooting,auto_handle_candidate,rule_assisted_needs_sample_review,account_access_profile,0.368,semantic_prototype_weak_label
328780,328780,194392,Sat Oct 07 11:19:47 +0000 2017,"@XboxSupport 
 Failed to create the game. We were unable to establish a connection to Xbox Live. Check your connection and try again.",328779,@194392 DM us your Gamertag and clarify what the issue is that you're having so we can investigate?  2 ^BZ,private_account_investigation,escalate,rule_assisted_needs_sample_review,account_access_profile,0.538,semantic_prototype_weak_label
328780,328780,194392,Sat Oct 07 11:19:47 +0000 2017,"@XboxSupport 
 Failed to create the game. We were unable to establish a connection to Xbox Live. Check your connection and try again.",328781,@194392 Heyo! We'd like to Direct Message so we can collect some more information. Can you follow and  1 ^BZ,private_account_investigation,escalate,rule_assisted_needs_sample_review,account_access_profile,0.538,semantic_prototype_weak_label
332949,332949,195303,Sat Oct 07 15:45:35 +0000 2017,Ok guys I can finally make videos again huge thanks to @XboxSupport,332948,@195303 Great to hear you were able to get your issues solved! Feel free to reach for any future Xbox Support questions! ^JS,general_or_unclear_reply,review_required,rule_assisted_needs_sample_review,other_or_needs_context,0.391,semantic_prototype_weak_label
335078,335078,195865,Sat Oct 07 05:40:00 +0000 2017,@XboxSupport xbox app not being captured on @15542 no problem with other captures or games,335077,@195865 DM us your Gamertag and clarify what the issue is that you're having so we can investigate?  2 ^BZ,private_account_investigation,escalate,rule_assisted_needs_sample_review,how_to_product_information,0.447,semantic_prototype_weak_label
335438,335438,195973,Sat Oct 07 14:18:40 +0000 2017,"@XboxSupport I cant use my paypal in the xbox one but in other things i can, why is that?",335437,@195973 Hi there! Mind sending us a direct message with your Gamertag so we can further assist? ^JA,private_account_investigation,escalate,rule_assisted_needs_sample_review,account_access_profile,0.562,semantic_prototype_weak_label
336314,336314,196237,Sat Oct 07 17:53:16 +0000 2017,"@xboxsupport is there any way to get a refund on xbox store purchases? The game iron wings is unplayable, it crashes before campaign starts",336313,@196237 to the chat team https://t.co/lUV7XYl61S as they are best equipped to help with this!  2 ^JS,specialist_handoff,escalate,rule_assisted_needs_sample_review,billing_codes_refunds,0.505,semantic_prototype_weak_label
336314,336314,196237,Sat Oct 07 17:53:16 +0000 2017,"@xboxsupport is there any way to get a refund on xbox store purchases? The game iron wings is unplayable, it crashes before campaign starts",336315,@196237 Thanks for reaching out! For refund requests and payment inquiries we recommend reaching out  1 ^JS,general_or_unclear_reply,review_required,rule_assisted_needs_sample_review,billing_codes_refunds,0.505,semantic_prototype_weak_label
336822,336822,196357,Sat Oct 07 17:45:21 +0000 2017,@XboxSupport Hola...mi exbox se apaga cuando lo enciendo..que puedo hacer..,336821,"@196357 to speak to an agent in your language, you can do so here: https://t.co/qQZ0qN81mN :)  2 ^ZM",public_documentation,auto_handle_candidate,rule_assisted_needs_sample_review,connectivity_xbox_live,0.263,semantic_prototype_weak_label
336822,336822,196357,Sat Oct 07 17:45:21 +0000 2017,@XboxSupport Hola...mi exbox se apaga cuando lo enciendo..que puedo hacer..,336823,"@196357 Hi there, we're English speaking support. We're happy to assist in English but if you'd prefer  1 ^ZM",general_or_unclear_reply,review_required,rule_assisted_needs_sample_review,connectivity_xbox_live,0.263,semantic_prototype_weak_label
337176,337173,195371,Sat Oct 07 18:56:18 +0000 2017,@XboxSupport I pre-ordered disc copy from GameUK. I see the dload icons in Car Collection screen but get a marketplace error when I click them,337172,@195371 Please try uninstalling just the Hoonigan car pack DLC you have installed under My Games  1 ^ZM,public_troubleshooting,auto_handle_candidate,rule_assisted_needs_sample_review,how_to_product_information,0.359,semantic_prototype_weak_label
337176,337176,195371,Sat Oct 07 13:31:44 +0000 2017,@15913 @XboxSupport Does anyone know the answer to my question? https://t.co/C37ZNONSry,337175,"@195371 Hi there! Just to clarify, is this game on disc or digitally? Also, what retailer did you purchase the game through? ^JS",needs_more_context,escalate,rule_assisted_needs_sample_review,account_access_profile,0.487,semantic_prototype_weak_label
337192,337191,196455,Sat Oct 07 18:32:47 +0000 2017,@XboxSupport I would like a refund,337190,"@196455 Hi, to make that refund inquiry, please contact our chat support team here: https://t.co/lUV7XYl61S to explore your options. ^ZM",public_documentation,auto_handle_candidate,rule_assisted_needs_sample_review,billing_codes_refunds,0.503,semantic_prototype_weak_label
337195,337195,196456,Sat Oct 07 17:20:12 +0000 2017,@XboxSupport @196457 when trying to select the preview beta always got this msg!?? https://t.co/pMpP1FLkC9,337193,@196456 Hi there! Mind sending us a direct message https://t.co/nPX1yNXCi5 with your Gamertag so we can further assist?  ^JA,private_account_investigation,escalate,rule_assisted_needs_sample_review,other_or_needs_context,0.373,semantic_prototype_weak_label
337964,337964,196669,Sat Oct 07 20:18:05 +0000 2017,"@XboxSupport Hey, will Sonic Forces work on the first XB1 and if yes, in which resolution (1080p ?)",337963,"@196669 Hi there, yes, Sonics Forces will be available on Xbox One: https://t.co/KvpPW11bHK .  ^ZM",public_documentation,auto_handle_candidate,rule_assisted_needs_sample_review,other_or_needs_context,0.317,semantic_prototype_weak_label
338400,338400,196783,Sat Oct 07 20:12:55 +0000 2017,@XboxSupport requiero ayuda para el pago de XboxLive dice que requiere atención.,338399,"@196783 Hi there! We're English-speaking Support, but you can get support in your local language here: https://t.co/lUV7XYl61S ^BZ",public_documentation,auto_handle_candidate,rule_assisted_needs_sample_review,console_accessory_display,0.304,semantic_prototype_weak_label
339304,339304,197018,Sat Oct 07 22:29:59 +0000 2017,when i join a game of overwatch online i can hear the game but i cant hear them and they cant hear me @XboxSupport,339303,@197018 Hey there! Let's check the guide here: https://t.co/kVw4bh4wmH for more help with getting your live TV set up! ^BZ,public_documentation,auto_handle_candidate,rule_assisted_needs_sample_review,account_access_profile,0.343,semantic_prototype_weak_label
339600,339600,197099,Sat Oct 07 23:01:32 +0000 2017,"@XboxSupport Hello, i have a problem since halo 3 goes retrocompatible i’m not able to install the game and i have it",339598,"@197099 try to install it, any specific error messages? Please try these steps: https://t.co/7pTYPErhuQ .  2 ^ZM",public_documentation,auto_handle_candidate,rule_assisted_needs_sample_review,game_content_download,0.404,semantic_prototype_weak_label
339600,339600,197099,Sat Oct 07 23:01:32 +0000 2017,"@XboxSupport Hello, i have a problem since halo 3 goes retrocompatible i’m not able to install the game and i have it",339601,"@197099 Hi there, do you own the game on disc or digitally? What happens when you  1 ^ZM",general_or_unclear_reply,review_required,rule_assisted_needs_sample_review,game_content_download,0.404,semantic_prototype_weak_label
339600,339602,197099,Sun Oct 08 03:06:40 +0000 2017,@XboxSupport Digitally,339603,"@197099 Try powering your console off, unplugging from the wall for five minutes, and trying again. ^CO",public_troubleshooting,auto_handle_candidate,rule_assisted_needs_sample_review,account_access_profile,0.482,semantic_prototype_weak_label
339600,339604,197099,Sun Oct 08 16:50:48 +0000 2017,@XboxSupport I already do that as i said since the game was lunch at xbox one i tried and nothing happends,339605,@197099 team here: https://t.co/lUV7XYl61S they may have some additional options for you to get this resolved.  2 ^XS,public_documentation,auto_handle_candidate,rule_assisted_needs_sample_review,other_or_needs_context,0.442,semantic_prototype_weak_label
339600,339604,197099,Sun Oct 08 16:50:48 +0000 2017,@XboxSupport I already do that as i said since the game was lunch at xbox one i tried and nothing happends,339606,@197099 What you will want to do at this point is reach out to our phone  1 ^XS,general_or_unclear_reply,review_required,rule_assisted_needs_sample_review,other_or_needs_context,0.442,semantic_prototype_weak_label
340407,340407,197300,Sat Nov 25 04:19:41 +0000 2017,"@XboxSupport Kind of hard to report players when the recent players has absolutely no organization to it and takes upwards of an hour to update. So yeah, perfect",340406,@197300 Sorry to hear about the frustration! Have you left feedback in regards to this here: https://t.co/Ub2WjDyEcS  ^JA,public_documentation,auto_handle_candidate,rule_assisted_needs_sample_review,other_or_needs_context,0.479,semantic_prototype_weak_label
340450,340449,197315,Sat Nov 25 04:19:00 +0000 2017,@XboxSupport I deleted the tweet and still got a response 😂. I resolved the billing issue in the page chat. Thanks! 🎄💚😜,340448,@197315 You're very welcome! We're glad to hear that you were able to get this issue resolved. :)  ^JA,general_or_unclear_reply,review_required,rule_assisted_needs_sample_review,billing_codes_refunds,0.376,semantic_prototype_weak_label
342746,342745,197604,Wed Nov 01 04:35:49 +0000 2017,@XboxSupport Honestly couldn’t be more displeased only Xbox I’ve ever owned,342744,"@197604 Heya! Let's have you try the steps here: https://t.co/8yUclREAkc to get your console updated and you back to gaming. 
 ^RR",public_documentation,auto_handle_candidate,rule_assisted_needs_sample_review,account_access_profile,0.450,semantic_prototype_weak_label
345586,345586,152822,Sun Oct 08 00:40:30 +0000 2017,"@XboxSupport what i want to know, is why here in brazil we have clarovideo app if that no work???? a lot of times its no work and nothing",345583,@152822 Hey there! What happens exactly when you try to use the app?  ^BL,public_troubleshooting,auto_handle_candidate,rule_assisted_needs_sample_review,other_or_needs_context,0.299,semantic_prototype_weak_label
345586,345585,152822,Wed Oct 11 22:53:50 +0000 2017,"@XboxSupport Say about claro video not work now, try later or contact xboxlive support, more then one year and nothing, a lot of people with the same",345587,"@152822 Hi there! We're not quite sure what you mean by""clari video"" - can you clarify further via DM? https://t.co/nPX1yNXCi5  ^QZ",visual_evidence_required,escalate,rule_assisted_needs_sample_review,other_or_needs_context,0.434,semantic_prototype_weak_label
345586,345588,152822,Thu Oct 12 00:36:11 +0000 2017,@XboxSupport claro video APP,345589,@152822 Thanks for that info. Have you tested reinstalling the app and then 1/2 ^JA,general_or_unclear_reply,review_required,rule_assisted_needs_sample_review,other_or_needs_context,0.451,semantic_prototype_weak_label
345586,345591,152822,Thu Oct 12 22:44:10 +0000 2017,"@XboxSupport i try that, reinstale, clear all about this, but nothing work, all that was after one actualization of this APP",345592,@152822 team here: https://t.co/lUV7XYl61S they may have some additional options for you to get this resolved.  2 ^XS,public_documentation,auto_handle_candidate,rule_assisted_needs_sample_review,account_access_profile,0.549,semantic_prototype_weak_label
345586,345591,152822,Thu Oct 12 22:44:10 +0000 2017,"@XboxSupport i try that, reinstale, clear all about this, but nothing work, all that was after one actualization of this APP",345593,@152822 What you will want to do at this point is reach out to our chat  1 ^XS,specialist_handoff,escalate,rule_assisted_needs_sample_review,account_access_profile,0.549,semantic_prototype_weak_label
345964,345964,198336,Sun Oct 08 01:19:36 +0000 2017,@XboxSupport ether I am very popular or this is a bug with the notifications. https://t.co/fCCkTer5aZ,345963,"@198336 Hiya! Is your console enrolled in the Preview program, by chance? 1/2 ^JA",general_or_unclear_reply,review_required,rule_assisted_needs_sample_review,account_access_profile,0.469,semantic_prototype_weak_label
346444,346444,193793,Sun Oct 08 02:30:23 +0000 2017,"@XboxSupport Can you access Cloud Storage on 360 with Silver? If so, when did that change?",346443,@193793 Hi there! You would need to have a Gold Xbox Live subscription in order to use Cloud Storage on Xbox 360.  ^BL,general_or_unclear_reply,review_required,rule_assisted_needs_sample_review,how_to_product_information,0.375,semantic_prototype_weak_label
347087,347086,198655,Sun Oct 08 03:33:52 +0000 2017,"@115786 @XboxSupport Alto Dezi, and they'd have another customer willing to spend money...it's been gone for 3 years but will never be forgotten...",347084,@198655 Hey there! We are not part of the enforcement team here and as such are unable to change any enforcement action.  ^BL,enforcement_review,escalate,rule_assisted_needs_sample_review,billing_codes_refunds,0.353,semantic_prototype_weak_label
354910,354910,200354,Wed Nov 22 22:33:31 +0000 2017,So my game not turning on? @XboxSupport,354909,@200354 are having along with your Gamertag? Please include verbatims of any error you are seeing.  2 ^XS,private_account_investigation,escalate,rule_assisted_needs_sample_review,account_access_profile,0.520,semantic_prototype_weak_label
354910,354910,200354,Wed Nov 22 22:33:31 +0000 2017,So my game not turning on? @XboxSupport,354911,"@200354 Hey there, can you please DM us with a full description of the issue you  1 ^XS",private_account_investigation,escalate,rule_assisted_needs_sample_review,account_access_profile,0.520,semantic_prototype_weak_label
357067,357067,200783,Sun Oct 08 04:55:07 +0000 2017,@200784 @XboxSupport @200785 these guys out here in squads using racial slurs and Discriminating my rights can we pleasedosomething https://t.co/0Y3Z3gByvF,357065,"@200783 Hi! If someone is harassing you online, be sure to report them via these steps https://t.co/8QI5I9Cym7 1/2
 ^TJ",public_documentation,auto_handle_candidate,rule_assisted_needs_sample_review,safety_enforcement_security,0.349,semantic_prototype_weak_label
357072,357072,200787,Sun Oct 08 04:42:26 +0000 2017,"@XboxSupport my xbox is having issues playing games. They will not start at all. I keep getting the ""took to long to start"" help?",357071,"@200787 Hi there! Let's check out our guide here for this error message that you're seeing https://t.co/u0q1I9dZCC
 ^TJ",public_documentation,auto_handle_candidate,rule_assisted_needs_sample_review,account_access_profile,0.525,semantic_prototype_weak_label
337176,359624,195371,Sun Oct 08 10:26:50 +0000 2017,@XboxSupport Hoonigan cars can be purchased with CR in FH3 but get Marketplace Exclusive error in FH7. All dates in Forzahub for availability have passed,359623,@195371 our chat team here: https://t.co/lUV7XYl61S so they can take a deeper look into the account and purchase with you.  2 ^XS,specialist_handoff,escalate,rule_assisted_needs_sample_review,other_or_needs_context,0.280,semantic_prototype_weak_label
337176,337173,195371,Sat Oct 07 18:56:18 +0000 2017,@XboxSupport I pre-ordered disc copy from GameUK. I see the dload icons in Car Collection screen but get a marketplace error when I click them,337174,@195371 &amp; Apps&gt;Forza Motorsport 7&gt;Manage Content&gt;Installed. Then power cycle: https://t.co/QENEhDawC3 and reinstall it. Any change?  2 ^ZM,public_documentation,auto_handle_candidate,rule_assisted_needs_sample_review,how_to_product_information,0.359,semantic_prototype_weak_label
360429,360429,201363,Sun Oct 08 12:31:52 +0000 2017,@117331 @XboxSupport @127852 any idea what's happened just randomly zoomed in while on FUT draft an didn't zoom back out so i lost 15k. https://t.co/JQA2Hc7PSr,360428,"@201363 We'd be happy to help, but we could use more info. Could you follow &amp; DM @Xboxsupport with your Gamertag &amp; some details? ^EZ",private_account_investigation,escalate,rule_assisted_needs_sample_review,account_access_profile,0.311,semantic_prototype_weak_label
360432,360432,201364,Sun Oct 08 11:45:56 +0000 2017,"@XboxSupport when will the Blu-ray player work again?  I can't watch my newest Blu-ray,  and that really disappoint me",360430,"@201364 We'd be happy to help, but we could use more info. Could you follow &amp; DM @Xboxsupport with your Gamertag &amp; some details? ^EZ",private_account_investigation,escalate,rule_assisted_needs_sample_review,other_or_needs_context,0.424,semantic_prototype_weak_label
361695,361691,201662,Fri Sep 29 18:18:30 +0000 2017,@XboxSupport @201663 why does it say this I tested my internet on my phone please help me,361688,"@201662 We'd be happy to help, but we could use more info. Could you follow &amp; DM @Xboxsupport with your Gamertag &amp; some details? ^EZ",private_account_investigation,escalate,rule_assisted_needs_sample_review,account_access_profile,0.451,semantic_prototype_weak_label
361695,361689,201662,Sun Oct 08 17:32:01 +0000 2017,@XboxSupport to fix my xbox,361692,@201662 networking equipment (modem/router) once that is back up and running let's turn the Xbox back on and try again.  2 ^XS,public_troubleshooting,auto_handle_candidate,rule_assisted_needs_sample_review,account_access_profile,0.599,semantic_prototype_weak_label
361695,361689,201662,Sun Oct 08 17:32:01 +0000 2017,@XboxSupport to fix my xbox,361693,"@201662 Heya, let's start by power cycling your Xbox as outlined here: https://t.co/isBz4u1SxB while the Xbox is off, power cycle your  1 ^XS",public_documentation,auto_handle_candidate,rule_assisted_needs_sample_review,account_access_profile,0.599,semantic_prototype_weak_label
361695,361695,201663,Fri Sep 29 16:56:14 +0000 2017,@XboxSupport I'm having issues with audio cutting out on #Forza7 along with some game events. Is there a fix for this?,361694,"@201663 We'd be happy to help, but could use more info. Could you follow &amp; DM @Xboxsupport with your Gamertag &amp; some details? ^EZ",private_account_investigation,escalate,rule_assisted_needs_sample_review,other_or_needs_context,0.353,semantic_prototype_weak_label
365478,365478,202574,Sun Oct 08 19:01:35 +0000 2017,@115786 are the servers having issues cause my account won't let me log in online only on offline,365477,"@202574 Hi! Let's try briefly removing your profile https://t.co/zJxn1EMf83 power cycle, then 1/2 ^TJ",public_documentation,auto_handle_candidate,rule_assisted_needs_sample_review,account_access_profile,0.476,semantic_prototype_weak_label
366326,366326,202769,Sun Oct 08 19:10:14 +0000 2017,"Just great... @115786 @XboxSupport I didn’t even break this controller, I was pressing the LB button while playing Batman Arkham Asylum and it broke by itself somehow.. Any cheap way of fixing this? because it’s my favorite controller and I can’t afford a brand new one https://t.co/f8JYPpSHZv",366324,"@202769 Hi there! That's no good, let's check out your warranty/repair options here: https://t.co/3jSHcWukEr ^BL",repair_or_warranty_process,escalate,rule_assisted_needs_sample_review,console_accessory_display,0.383,semantic_prototype_weak_label
366326,366325,202769,Sun Oct 08 20:36:09 +0000 2017,@XboxSupport Something I always forget to do.. I have a poor memory,366327,"@202769 Not a problem, have a good night!  ^BL",general_or_unclear_reply,review_required,rule_assisted_needs_sample_review,account_access_profile,0.467,semantic_prototype_weak_label
366331,366331,202770,Sun Oct 08 18:22:56 +0000 2017,@202771 I bought gta v today for Xbox one when I try to install it it keeps saying installation stopped error code 0x80070570,366330,"@202770 Hi there! Just to clarify, is this issue occurring on the Xbox One? 1/2 ^JA",needs_more_context,escalate,rule_assisted_needs_sample_review,account_access_profile,0.397,semantic_prototype_weak_label
366811,366809,202883,Sun Oct 08 20:28:13 +0000 2017,"@189878 Thanks, I gave that a try and t didn't work. Anything else I should try?",366808,"@202883 We'd be happy to help, but we could use more info. Could you follow &amp; DM @Xboxsupport with your Gamertag &amp; some details? ^EZ",private_account_investigation,escalate,rule_assisted_needs_sample_review,account_access_profile,0.157,semantic_prototype_weak_label
367203,367203,202982,Sun Oct 08 20:30:55 +0000 2017,@XboxSupport I've tried everything you have told me my rocket L won't stop crashing,367200,@202982 Have you tried doing a power cycle to your console? The steps for that are here https://t.co/isBz4u1SxB. ^RM,public_documentation,auto_handle_candidate,rule_assisted_needs_sample_review,account_access_profile,0.381,semantic_prototype_weak_label
367203,367201,202982,Sun Oct 08 22:07:12 +0000 2017,@XboxSupport This happens every time https://t.co/lfJUYH3zXT,367204,@202982 Have you tried uninstalling the game and reinstalling it? ^RM,general_or_unclear_reply,review_required,rule_assisted_needs_sample_review,account_access_profile,0.467,semantic_prototype_weak_label
367203,367205,202982,Sun Oct 08 22:37:46 +0000 2017,@XboxSupport Ever since rocket league released their autumn update it has done this,367207,"@202982 Hey there, are you currently enrolled in the preview program? ^XS",general_or_unclear_reply,review_required,rule_assisted_needs_sample_review,other_or_needs_context,0.401,semantic_prototype_weak_label
368975,368975,203426,Sun Oct 08 20:39:22 +0000 2017,@XboxSupport I can't hear my friends in a party's,368974,"@203426 Hey, we apologize for the inconvenience. Have you tried restarting the console? https://t.co/isBz4u1SxB ^RM",public_documentation,auto_handle_candidate,rule_assisted_needs_sample_review,account_access_profile,0.435,semantic_prototype_weak_label
371336,371336,203943,Sat Oct 07 22:38:47 +0000 2017,Xbox broke #Depression,371335,"@203943 Hey there, are you still seeing this with your console? If so, Tweet us for official Xbox support! ^EZ",general_or_unclear_reply,review_required,rule_assisted_needs_sample_review,other_or_needs_context,0.497,semantic_prototype_weak_label
372342,372342,204216,Sun Oct 08 23:04:03 +0000 2017,I think this will be the last time I download any @141157 game to my @XboxSupport. I have FIFA 18 and the game is frozen I can no longer play,372340,@204216 are having along with your Gamertag? Please include verbatims of any error you are seeing.  2 ^XS,private_account_investigation,escalate,rule_assisted_needs_sample_review,game_content_download,0.429,semantic_prototype_weak_label
372342,372342,204216,Sun Oct 08 23:04:03 +0000 2017,I think this will be the last time I download any @141157 game to my @XboxSupport. I have FIFA 18 and the game is frozen I can no longer play,372343,"@204216 Hey there, can you please DM us with a full description of the issue you  1 ^XS",private_account_investigation,escalate,rule_assisted_needs_sample_review,game_content_download,0.429,semantic_prototype_weak_label
372349,372349,204218,Sun Oct 08 22:54:20 +0000 2017,@XboxSupport 4 months of messages/invites not working on Xbox 360. Frustrated how many times I've contacted support. Effects everyone on 360,372347,@204218 our chat/phone team here: https://t.co/lUV7XYl61S so they can take a deeper look into the account and issue with you.  2 ^XS,public_documentation,auto_handle_candidate,rule_assisted_needs_sample_review,other_or_needs_context,0.554,semantic_prototype_weak_label
372349,372349,204218,Sun Oct 08 22:54:20 +0000 2017,@XboxSupport 4 months of messages/invites not working on Xbox 360. Frustrated how many times I've contacted support. Effects everyone on 360,372350,"@204218 Hi there, when you get a moment what you will want to do in this case; is reach out to  1 ^XS",general_or_unclear_reply,review_required,rule_assisted_needs_sample_review,other_or_needs_context,0.554,semantic_prototype_weak_label
372353,372353,204219,Sun Oct 08 07:00:53 +0000 2017,I have all sorts of problems with internet connection on Xbox. Never on PlayStation. What the actual fuck?!,372351,@204219 We'd be happy to look into the connection with you! Tweet us any time for official Xbox support :) ^EZ,general_or_unclear_reply,review_required,rule_assisted_needs_sample_review,connectivity_xbox_live,0.568,semantic_prototype_weak_label
374938,374938,204910,Mon Oct 09 00:39:15 +0000 2017,@XboxSupport nba 2k18 is literally unplayable for me the website also says the game is limited any reason why?,374936,@204910 Hey there! Let's check out the post here: https://t.co/3UuOKctR8T from 2K.  ^BL,public_documentation,auto_handle_candidate,rule_assisted_needs_sample_review,other_or_needs_context,0.404,semantic_prototype_weak_label
374938,374937,204910,Mon Oct 09 01:30:17 +0000 2017,@XboxSupport No im having a problem with the online service of the game.,374939,@204910 Can you describe exactly what happens? Are you having issues with any other games online? ^JL,general_or_unclear_reply,review_required,rule_assisted_needs_sample_review,other_or_needs_context,0.525,semantic_prototype_weak_label
374938,374940,204910,Mon Oct 09 04:06:46 +0000 2017,@XboxSupport Lagging or frame rate drops in play grounds or pro am and this is the only game that I've experienced this issue with.,374941,@204910 console &amp; reinstall. Let us know if you still see those things.  2 ^JL,general_or_unclear_reply,review_required,rule_assisted_needs_sample_review,other_or_needs_context,0.445,semantic_prototype_weak_label
374938,374940,204910,Mon Oct 09 04:06:46 +0000 2017,@XboxSupport Lagging or frame rate drops in play grounds or pro am and this is the only game that I've experienced this issue with.,374942,"@204910 In that case, let's uninstall the game https://t.co/3oioL1168I &amp; power cycle https://t.co/QENEhDawC3 the  1 ^JL",public_documentation,auto_handle_candidate,rule_assisted_needs_sample_review,other_or_needs_context,0.445,semantic_prototype_weak_label
374938,374943,204910,Mon Oct 09 04:09:02 +0000 2017,@XboxSupport And if that does not work what happens next?,374944,"@204910 Next, we reach out to 2K to be sure they are aware and set up a ticket with them. ^JL",general_or_unclear_reply,review_required,rule_assisted_needs_sample_review,other_or_needs_context,0.488,semantic_prototype_weak_label
374938,374945,204910,Mon Oct 09 21:57:10 +0000 2017,@XboxSupport I'm still having the issue,374946,@204910 you also please send us your detailed network statistics and gamertag via DM: https://t.co/nPX1yNXCi5 ?  2 ^ZM,private_account_investigation,escalate,rule_assisted_needs_sample_review,account_access_profile,0.584,semantic_prototype_weak_label
374938,374945,204910,Mon Oct 09 21:57:10 +0000 2017,@XboxSupport I'm still having the issue,374947,@204910 Please try the steps here: https://t.co/6G93cXQpVc if you're seeing slow performance on Xbox One. Can  1 ^ZM,public_documentation,auto_handle_candidate,rule_assisted_needs_sample_review,account_access_profile,0.584,semantic_prototype_weak_label
377671,377669,205613,Mon Oct 09 04:01:28 +0000 2017,@XboxSupport @XboxSupport Coin purchase gets stuck on purchase/loading screen. Already checked payments &amp; restarted the system. Any troubleshooting tips?,377668,@205613 Hiya! Mind sending us a direct message https://t.co/nPX1yNXCi5 with your Gamertag so we can further assist?  ^JA,private_account_investigation,escalate,rule_assisted_needs_sample_review,account_access_profile,0.461,semantic_prototype_weak_label
387955,387941,207822,Sun Nov 20 15:08:11 +0000 2016,"@XboxSupport No, not tried, because I do not have a replacement disc to try. I only have the discs I purchased.",387939,@207822 without having to pay for the whole game again. Let's contact Rockstar and let them know :)  2 ^NX,general_or_unclear_reply,review_required,rule_assisted_needs_sample_review,other_or_needs_context,0.285,semantic_prototype_weak_label
387955,387943,207822,Sat Nov 19 01:14:31 +0000 2016,@XboxSupport There are no issues with my xbox360 console as all my other games work fine. The only issue is with GTA only.,387942,@207822 Got it. It sounds like you need to replace that specific disc have you tried that and still seeing same problem?  ^IS,general_or_unclear_reply,review_required,rule_assisted_needs_sample_review,other_or_needs_context,0.498,semantic_prototype_weak_label
387955,387946,207822,Sat Nov 19 00:07:11 +0000 2016,@XboxSupport I cannot and have not been able to try the disc on another console.,387945,@207822 Got it. It has been a long time since you tweeted us. If this is still occurring you may need to replace the disc but 1/2  ^IS,general_or_unclear_reply,review_required,rule_assisted_needs_sample_review,account_access_profile,0.474,semantic_prototype_weak_label
387955,387948,207822,Sun Sep 20 13:56:20 +0000 2015,@174471 RT,387947,@207822 Gotcha. Would you be able to try the disc on another Xbox 360 console? ^MP,public_troubleshooting,auto_handle_candidate,rule_assisted_needs_sample_review,account_access_profile,0.091,semantic_prototype_weak_label
389776,389776,208267,Mon Oct 09 04:50:51 +0000 2017,@XboxSupport I traded my ps4 in for an xb1 and not even a month with xb1 it's making crackling noises and won't open apps.,389768,@208267 Hi there! Could you send us a video of the noise you are hearing as well as any error messages you see? ^JS,visual_evidence_required,escalate,rule_assisted_needs_sample_review,account_access_profile,0.354,semantic_prototype_weak_label
391915,391915,208800,Mon Oct 09 13:53:41 +0000 2017,@XboxSupport am I able to get a refund on a season pass that I purchased yesterday?,391913,@208800 …they can help you explore further possible options for getting that refunded.  ^QZ,general_or_unclear_reply,review_required,rule_assisted_needs_sample_review,billing_codes_refunds,0.460,semantic_prototype_weak_label
391915,391914,208800,Mon Oct 09 17:06:26 +0000 2017,@XboxSupport Iv tried several times now but the page just keeps refreshing once I hit 'chat now',391916,@208800 Are you doing this on a mobile device or a PC? We would recommend a computer. ^XS,general_or_unclear_reply,review_required,rule_assisted_needs_sample_review,account_access_profile,0.406,semantic_prototype_weak_label
391915,391915,208800,Mon Oct 09 13:53:41 +0000 2017,@XboxSupport am I able to get a refund on a season pass that I purchased yesterday?,391917,"@208800 We can't speculate on any refunds here on Twitter, but if you reach our chat team from here: https://t.co/LFZ7igiWJU … ^QZ",specialist_handoff,escalate,rule_assisted_needs_sample_review,billing_codes_refunds,0.460,semantic_prototype_weak_label
391915,391915,208800,Mon Oct 09 13:53:41 +0000 2017,@XboxSupport am I able to get a refund on a season pass that I purchased yesterday?,391918,@208800 Thanks for reaching out! We were closed up overnight: https://t.co/XJOdrwpuSt but we're back open now :)  ^QZ,public_documentation,auto_handle_candidate,rule_assisted_needs_sample_review,billing_codes_refunds,0.460,semantic_prototype_weak_label
394228,394227,209406,Mon Oct 09 17:26:50 +0000 2017,"@XboxSupport game is almost ready and then it cuts immediately to something went wrong. ive tried both games on 2 different consoles, no idea what to do",394226,@209406 Sorry to hear that! Can you DM us your gamertag &amp; which Xbox console you're using? https://t.co/nPX1yNXCi5  ^QZ,private_account_investigation,escalate,rule_assisted_needs_sample_review,other_or_needs_context,0.439,semantic_prototype_weak_label
395805,395803,209690,Mon Oct 09 16:15:30 +0000 2017,"@189878 It's too late where we live and we can't call, and the chat requires she get into her account.",395802,"@209690 Hiya. If you think your account has been compromised, check out this page: https://t.co/PjiL383pd4 for info &amp; next steps.  ^ZM",public_documentation,auto_handle_candidate,rule_assisted_needs_sample_review,account_access_profile,0.223,semantic_prototype_weak_label
403846,403846,211592,Sun Oct 08 20:25:07 +0000 2017,charters WiFi is seriously the fucking worst. Can’t even stream a game on my Xbox without the WiFi going down,403845,@211592 Hey there! We'd love to take a look in case we could help - tweet any time for official Xbox support!  ^QZ,general_or_unclear_reply,review_required,rule_assisted_needs_sample_review,connectivity_xbox_live,0.516,semantic_prototype_weak_label
406866,406864,211975,Mon Oct 09 21:34:11 +0000 2017,@XboxSupport Hi. Messages don't seem to get through and not all clips play. Seems like I'm not the only one according to the Google Play Store comments.,406863,@211975 Thank you for confirming that for us. The proper teams are currently hard at work on a solution to this.  ^BL,general_or_unclear_reply,review_required,rule_assisted_needs_sample_review,other_or_needs_context,0.435,semantic_prototype_weak_label
406866,406866,211975,Mon Oct 09 20:53:24 +0000 2017,@XboxSupport Any idea if there will be an update for the Android Smartglass app? It just ain't working now.,406865,@211975 Hi there! Can you let us know some more details about what's going on?  ^BL,general_or_unclear_reply,review_required,rule_assisted_needs_sample_review,other_or_needs_context,0.274,semantic_prototype_weak_label
407720,407713,212193,Mon Oct 09 21:49:20 +0000 2017,@115786 @XboxSupport Can't give a free day of Gold? Give me a break.... I'm not an idiot.,407711,"@212193 While we can appreciate the frustration regarding this, the proper teams are currently looking into this.  ^BL",general_or_unclear_reply,review_required,rule_assisted_needs_sample_review,account_access_profile,0.409,semantic_prototype_weak_label
407720,407712,212193,Mon Oct 09 22:15:17 +0000 2017,@XboxSupport I appreciate your efdorts but..Heard that hours ago. Just throw me a day of gold. Simple. I don't have all day for you guys to figure it out,407714,@212193 We do not have that to give out here I am afraid.  ^BL,general_or_unclear_reply,review_required,rule_assisted_needs_sample_review,other_or_needs_context,0.417,semantic_prototype_weak_label
407720,407715,212193,Mon Oct 09 22:18:15 +0000 2017,"@XboxSupport Then WHO does? For all the headaches, time, frustration we've experienced over this? The fact that NO ONE can give out a free day is absurd.",407716,"@212193 Hi again, just to confirm, that promotion ended 9am PT, we apologize for the confusion. ^CO",general_or_unclear_reply,review_required,rule_assisted_needs_sample_review,other_or_needs_context,0.388,semantic_prototype_weak_label
412065,412065,213303,Tue Oct 10 00:40:56 +0000 2017,@XboxSupport Hello I was wondering if it was possible to stream to twitch on an Xbox One without having a subscription to Xbox Live Gold?,412063,@213303 Hello! What happens when you try to stream with your account?  ^RR,public_troubleshooting,auto_handle_candidate,rule_assisted_needs_sample_review,other_or_needs_context,0.371,semantic_prototype_weak_label
412065,412066,213303,Tue Oct 10 00:47:34 +0000 2017,@XboxSupport I can not seem to find any info regarding the topic online,412067,@213303 Thanks for that info! You can stream using Twitch on your console without Xbox Live Gold.  ^RR,general_or_unclear_reply,review_required,rule_assisted_needs_sample_review,other_or_needs_context,0.607,semantic_prototype_weak_label
412065,412068,213303,Tue Oct 10 01:11:02 +0000 2017,"@XboxSupport Thank you for the info then!
Needless to say i'm very much getting an Xbox One very soon",412069,"@213303 Awesome! Glad to hear it, have a great night!  ^BL",general_or_unclear_reply,review_required,rule_assisted_needs_sample_review,other_or_needs_context,0.510,semantic_prototype_weak_label
416877,416877,214458,Tue Oct 10 02:12:19 +0000 2017,@XboxSupport Will the Xbox one X come with an HDMI 2.0 cable?,416876,@214458 Hey there. We wouldn't have those specifics but this page has all of the present details details: https://t.co/w3u291GUxT . ^IS,public_documentation,auto_handle_candidate,rule_assisted_needs_sample_review,other_or_needs_context,0.348,semantic_prototype_weak_label
423552,423552,215831,Sat Nov 25 05:44:12 +0000 2017,@XboxSupport How do I remove a payment option if the Xbox Live subscription is already payed for but I want to remove that option before the subscription is done and I already turned off auto-renew?,423551,"@215831 Hi there! For this, let's have you reach out to the chat team here: https://t.co/UrUi80i54l  ^JA",specialist_handoff,escalate,rule_assisted_needs_sample_review,subscription_game_pass_gold,0.434,semantic_prototype_weak_label
425779,425767,216264,Mon Oct 16 17:04:54 +0000 2017,"@XboxSupport my gaming profile (gamertag) is: carlos90cze
My Location is in the Czech Republic",425763,"@216264 Apologies for the delay, can you try to to clear your cache: https://t.co/lWYI9STENb and then restart your console and try again? ^IS",public_documentation,auto_handle_candidate,rule_assisted_needs_sample_review,account_access_profile,0.478,semantic_prototype_weak_label
425779,425764,216264,Mon Oct 16 20:33:09 +0000 2017,@XboxSupport so there are two options. I'm totally stupid or there is a downside on Microsoft's side of xbox Live,425768,@216264 Thanks for that. Since the last time you reached out we have informed our teams and they are working to get this addressed ^IS,general_or_unclear_reply,review_required,rule_assisted_needs_sample_review,other_or_needs_context,0.498,semantic_prototype_weak_label
425779,425776,216264,Mon Oct 16 12:52:01 +0000 2017,"@XboxSupport Hello, I tried all the steps, I still have 80151909. I do not know what I'm afraid, please help. https://t.co/b2PAYZkqma",425775,"@216264 We'd be happy to help, but we could use more info. Could you follow &amp; DM @Xboxsupport with your Gamertag? ^EZ",private_account_investigation,escalate,rule_assisted_needs_sample_review,account_access_profile,0.381,semantic_prototype_weak_label
425779,425778,216264,Mon Oct 16 01:19:14 +0000 2017,@XboxSupport  https://t.co/lA7ZjqjHz5,425777,@216264 Hi there! Have you been able to work through all the steps here: https://t.co/5tcp79gkQ1 ^BL,public_documentation,auto_handle_candidate,rule_assisted_needs_sample_review,other_or_needs_context,0.441,semantic_prototype_weak_label
436698,436698,218712,Tue Oct 10 16:41:47 +0000 2017,Hey @XboxSupport trying to change my gamertag. Need to add payment but I'm in UK. Keeps asking me to choose state. tag - dcwsco,436697,@218712 Hi there! Could you log in here https://t.co/XvEvhwizgg and add your payment method this way? ^JS,public_documentation,auto_handle_candidate,rule_assisted_needs_sample_review,account_access_profile,0.420,semantic_prototype_weak_label
436707,436707,218715,Tue Oct 10 07:39:41 +0000 2017,@XboxSupport Can't seem to get Shadow of War to play. Installs but gives error 0x80070490 and wont launch the game.,436706,"@218715 We'd be happy to help, but we could use more info. Could you follow &amp; DM @Xboxsupport with your Gamertag?^EZ",private_account_investigation,escalate,rule_assisted_needs_sample_review,other_or_needs_context,0.414,semantic_prototype_weak_label
447521,447521,220999,Thu Nov 30 17:49:16 +0000 2017,@XboxSupport how do i get my wife's console to play games I've bought for my xbox,447520,@220999 Hi there! If you set her console as your home console she can access the games you've bought https://t.co/BClDvTOaqk ^JS,public_documentation,auto_handle_candidate,rule_assisted_needs_sample_review,how_to_product_information,0.475,semantic_prototype_weak_label
450508,450506,221800,Thu Nov 30 21:07:49 +0000 2017,"@XboxSupport My Gt is ""AtomicBrace""",450504,"@221800 We don't have any influence on suspensions, I'm afraid; if you like, you can submit a case review: https://t.co/JoGQTtB3Sp  ^JL",enforcement_review,escalate,rule_assisted_needs_sample_review,account_access_profile,0.394,semantic_prototype_weak_label
450508,450505,221800,Thu Nov 30 21:40:02 +0000 2017,@XboxSupport Thanks👍,450507,@221800 Sure thing. Do let us know if we can assist with any other issues. ^JL,general_or_unclear_reply,review_required,rule_assisted_needs_sample_review,account_access_profile,0.463,semantic_prototype_weak_label
450515,450512,221802,Thu Nov 30 20:46:58 +0000 2017,"@XboxSupport I tried it and it didn't work. The 1.2.6.2 update is still the one I'm getting.
Any other suggestions?",450511,@221802 power cycle https://t.co/QENEhDawC3 and redownload your profile and see if you can access realms then?  2 ^JS,public_documentation,auto_handle_candidate,rule_assisted_needs_sample_review,other_or_needs_context,0.377,semantic_prototype_weak_label
450515,450512,221802,Thu Nov 30 20:46:58 +0000 2017,"@XboxSupport I tried it and it didn't work. The 1.2.6.2 update is still the one I'm getting.
Any other suggestions?",450513,"@221802 Hi there! Could you remove your profile https://t.co/zJxn1EMf83 (make sure you remember your account info),  1 ^JS",public_documentation,auto_handle_candidate,rule_assisted_needs_sample_review,other_or_needs_context,0.377,semantic_prototype_weak_label
450530,450530,221808,Thu Nov 30 19:50:13 +0000 2017,My Play 💔💔❌ Xbox One S New 6/19/2017---&gt;&gt;&gt;30/11/2017 Ending Cancelled❌❌❌  😰😰😰😟😟 @XboxSupport @115786,450528,@221808 Hello! Is there anything Xbox related that we can help you with today?  ^RR,general_or_unclear_reply,review_required,rule_assisted_needs_sample_review,other_or_needs_context,0.378,semantic_prototype_weak_label
452971,452971,222465,Thu Nov 30 18:10:53 +0000 2017,"@127852 My Fifa 18 on Xbox one is broken and I really need it. Whenever I start it up, or use it, before it goes onto the menus it comes up with a message saying ‘personal settings 1 failed to load’ I’ve tried re downloading Fifa but the problem persists, what do I do now? Thanks",452969,"@222465 Hey there! Official Xbox Support here :) If you have any questions, we'd be glad to assist! ^BZ",general_or_unclear_reply,review_required,rule_assisted_needs_sample_review,account_access_profile,0.489,semantic_prototype_weak_label
452971,452970,222465,Thu Nov 30 22:23:18 +0000 2017,@XboxSupport How do I fix Fifa 18 when it says ‘personalsettings1failed to load’,452972,@222465 Can you follow &amp; DM us your Gamertag so we can take a closer look? ^BZ,private_account_investigation,escalate,rule_assisted_needs_sample_review,account_access_profile,0.477,semantic_prototype_weak_label
452983,452983,222468,Thu Nov 30 21:57:11 +0000 2017,"@XboxSupport i just bought a 3 month xbl gold subscription and when i try to play online, i'm told i don't have one. please help.",452980,"@222468 Hi, can you please send us your gamertag via DM: https://t.co/nPX1yNG0Tv ? Please try removing your profile: https://t.co/zJxn1F3PZB , power cycling: https://t.co/QENEhDs7tB your Xbox One console and router/modem and then signing back in. Did that solve the issue? ^ZM",private_account_investigation,escalate,rule_assisted_needs_sample_review,subscription_game_pass_gold,0.554,semantic_prototype_weak_label
452983,452981,222468,Thu Nov 30 22:29:36 +0000 2017,@XboxSupport working now. thx,452984,"@222468 Awesome, we're glad to hear that. We hope you have a good day! :) ^ZM",general_or_unclear_reply,review_required,rule_assisted_needs_sample_review,account_access_profile,0.503,semantic_prototype_weak_label
452986,452986,221004,Thu Nov 30 19:24:50 +0000 2017,Update on the whole Xbox thing. It’s now just taunting me with a Logo. https://t.co/hEDajJraSm,452985,@221004 Heya! Can you DM us your Gamertag so we can get a bit more info out to you?  ^JL,private_account_investigation,escalate,rule_assisted_needs_sample_review,other_or_needs_context,0.493,semantic_prototype_weak_label
454248,454248,222795,Thu Nov 30 22:22:19 +0000 2017,"@XboxSupport is oneguide down ? i've reset everything, Xbox detect usb tv tuner, but keep saying it cannot find tv provider whatever postal code I type :(",454247,@222795 are having along with your Gamertag? Please include verbatims of any error you are seeing.  2 ^XS,private_account_investigation,escalate,rule_assisted_needs_sample_review,other_or_needs_context,0.406,semantic_prototype_weak_label
454248,454248,222795,Thu Nov 30 22:22:19 +0000 2017,"@XboxSupport is oneguide down ? i've reset everything, Xbox detect usb tv tuner, but keep saying it cannot find tv provider whatever postal code I type :(",454249,"@222795 Hey there, can you please DM us with a full description of the issue you  1 ^XS",private_account_investigation,escalate,rule_assisted_needs_sample_review,other_or_needs_context,0.406,semantic_prototype_weak_label
455177,455177,223057,Thu Nov 30 23:13:08 +0000 2017,"@XboxSupport are there problems in Akron, Oh.",455176,"@223057 Hey there. We have not seen specific reports but can you dm your GT, console and specifics on what your seeing? Happy to take a look. ^IS
 https://t.co/3ZhVDWKaYU",needs_more_context,escalate,rule_assisted_needs_sample_review,other_or_needs_context,0.454,semantic_prototype_weak_label
456353,456344,223358,Thu Nov 30 23:54:28 +0000 2017,@XboxSupport Reply*,456342,@223358 https://t.co/lUV7XYl61S as they'll be able to dig into this a bit deeper with you!  2 ^BZ,public_documentation,auto_handle_candidate,rule_assisted_needs_sample_review,other_or_needs_context,0.537,semantic_prototype_weak_label
456353,456343,223358,Fri Dec 01 00:24:55 +0000 2017,@XboxSupport Thank you! I’ll have to do this later as I am driving lol,456345,@223358 Cheers :) ^BZ,general_or_unclear_reply,review_required,rule_assisted_needs_sample_review,other_or_needs_context,0.403,semantic_prototype_weak_label
456353,456346,223358,Sat Dec 02 14:17:49 +0000 2017,@XboxSupport I found that running my Xbox with instant on setting... solves the issue. Hasn’t happened since.,456347,"@223358 Hi, is there any way we can provide some assistance? ^RM",general_or_unclear_reply,review_required,rule_assisted_needs_sample_review,account_access_profile,0.451,semantic_prototype_weak_label
456353,456353,223358,Thu Nov 30 23:28:34 +0000 2017,"@XboxSupport This just started , but sometimes when I power on my Xbox One X it doesn’t detect all my TVs features. It detects 4k but nothing else(no hdr,4k60,4k50 etc... after a reboot all is normal. Hmmmmmm any clue? @116543 @15913 @115786",456350,@223358 Hi there. Let's follow the guide here: https://t.co/WXalx7xEPG for more help with this! ^BZ,public_documentation,auto_handle_candidate,rule_assisted_needs_sample_review,how_to_product_information,0.322,semantic_prototype_weak_label
456353,456344,223358,Thu Nov 30 23:54:28 +0000 2017,@XboxSupport Reply*,456349,"@223358 Hmm..if that guide isn't helping, let's have you reach out to the live chat team:  1 ^BZ",specialist_handoff,escalate,rule_assisted_needs_sample_review,other_or_needs_context,0.537,semantic_prototype_weak_label
456366,456366,223361,Thu Nov 30 22:31:12 +0000 2017,"@XboxSupport @115786 @15913 You know what'd be cool? Maybe instead of endless dashboard reworks, actually fix some problems with live, esp. Achievements. Fix what is broke, rather than what isn't.... Case in point, huh? Leaderboards are straight crap too, up and down for days https://t.co/GLEr0f3LZq",456365,"@223361 Hi there, sorry to hear about the frustration. We value all community ideas. If you have specific feedback about what you'd like to see improved in a future update, please share it here: https://t.co/Ub2WjDQf4q . ^ZM",public_documentation,auto_handle_candidate,rule_assisted_needs_sample_review,console_accessory_display,0.286,semantic_prototype_weak_label
456370,456370,223363,Thu Nov 30 23:35:11 +0000 2017,@XboxSupport Any issues with OneGuide in Canada? We haven't been able to use it all day?,456369,@223363 DM us your Gamertag and clarify what the issue is that you're having so we can investigate?  2 ^BZ,private_account_investigation,escalate,rule_assisted_needs_sample_review,other_or_needs_context,0.448,semantic_prototype_weak_label
457413,457413,223609,Fri Dec 01 00:01:12 +0000 2017,@XboxSupport hey yall.... just curious if someone can message me regarding a downloaded game.   Need some help.  Thanks!!,457412,@223609 Hi there! Do you mind DM'ing us your Gamertag so we can gather a bit of info?  ^JL,private_account_investigation,escalate,rule_assisted_needs_sample_review,other_or_needs_context,0.522,semantic_prototype_weak_label
462204,462204,224842,Tue Nov 28 15:57:29 +0000 2017,@XboxSupport me and my friend @220734 where on my xbox one and it randomly started smoking. would i be able to send it to you guys there at xbox,462202,"@224842 Apologies for missing you two day ago, once it's safe we'd reach out to our chat team here: https://t.co/HXNH3mVneL for more help on this. ^IS",specialist_handoff,escalate,rule_assisted_needs_sample_review,account_access_profile,0.497,semantic_prototype_weak_label
462207,462207,187726,Fri Dec 01 02:26:54 +0000 2017,@XboxSupport My 4k settings are not working as they are intended to with my Xbox One X. What should I do? https://t.co/4dTDITPZEC,462205,@187726 Hey there. Do you see it call out HDR10 specifically on the packaging? We looked at the newegg link and did not see HDR10 listed in the specs or overview. We didn't see deep color mentioned either on that page. To be sure is it active on the specific HDMI port. ^IS,general_or_unclear_reply,review_required,rule_assisted_needs_sample_review,how_to_product_information,0.401,semantic_prototype_weak_label
462207,462206,187726,Fri Dec 01 02:32:26 +0000 2017,"@XboxSupport I have Deep Color on in the settings of the monitor and no luck. Is HDR essential to gaming in 4k? If so, there goes my $300. https://t.co/Qf6VZRJMtW",462208,@187726 It's definitely not essential but that does seem odd. Is it set to a specific HDMI input by chance? We'd try these steps as well: https://t.co/AMt4o7KxAY . ^IS,public_documentation,auto_handle_candidate,rule_assisted_needs_sample_review,other_or_needs_context,0.250,semantic_prototype_weak_label
462207,462210,187726,Fri Dec 01 03:15:07 +0000 2017,@XboxSupport I also tried to switch HDMI ports but they are the same so oh well I guess 😞,462211,@187726 Thanks for that. We have been doing some research and we compared the monitor you linked us to with this page: https://t.co/aNZfpk9hlh and saw that alot of the features there are not featured in the specifications of the monitor. This seems to be as intended. ^IS,public_documentation,auto_handle_candidate,rule_assisted_needs_sample_review,other_or_needs_context,0.384,semantic_prototype_weak_label
463209,463209,225098,Fri Dec 01 02:19:47 +0000 2017,If @XboxSupport and @115765 can’t figure out why my achievements won’t unlock I’m gonna put my Xbox through a window. Help. Me. Please. https://t.co/4ld9QzAnxX,463208,@225098 Hey there. For this let's check out this page specifically:  https://t.co/sjqdEQXJjy . ^IS,public_documentation,auto_handle_candidate,rule_assisted_needs_sample_review,account_access_profile,0.499,semantic_prototype_weak_label
465554,465554,225759,Fri Dec 01 03:03:05 +0000 2017,"@XboxSupport Hi, I have a question, what is the cost of an Xbox One control repair? Thx.",465553,@225759 Hey there. We wouldn't have exact specifics but you can reach out here: https://t.co/lUV7XYl61S to be sure. ^IS,public_documentation,auto_handle_candidate,rule_assisted_needs_sample_review,console_accessory_display,0.492,semantic_prototype_weak_label
466504,466504,226015,Fri Dec 01 04:27:41 +0000 2017,"@XboxSupport my Xbox acts like you’re pressing up, even when no controllers are on... any idea what’s going on or how to fix it?",466502,@226015 Heya! Which version of the console are you using and does this happen with more than one controller?  ^JL,general_or_unclear_reply,review_required,rule_assisted_needs_sample_review,other_or_needs_context,0.445,semantic_prototype_weak_label
467972,467970,226421,Fri Dec 01 05:52:38 +0000 2017,@XboxSupport Thank you very much! I get tired of people sending me invites every time I play,467969,"@226421 No problem, let us know if you have any other issues. ^CO",general_or_unclear_reply,review_required,rule_assisted_needs_sample_review,account_access_profile,0.442,semantic_prototype_weak_label
467972,467972,226421,Fri Dec 01 05:10:34 +0000 2017,@XboxSupport is there a way to turn my messages and invites only to friends so I can avoid having to have conversations like this? https://t.co/OlbUnsYH2L,467971,"@226421 Hi there! You can change your privacy settings, this guide should help: https://t.co/Q93XdKrw9M ^CO",public_documentation,auto_handle_candidate,rule_assisted_needs_sample_review,connectivity_xbox_live,0.280,semantic_prototype_weak_label
489985,489985,231710,Fri Dec 01 10:41:30 +0000 2017,"@XboxSupport I purchased the VIP pack for Forza Motorsport 7: the game says I should have 1 000 000 CR in my wallet because I'm a VIP, but I'm still waiting for it after 3 days. Could you help?",489984,@231710 We'd be happy to look into this with you! Could you follow &amp; DM @Xboxsupport with your Gamertag &amp; some details? ^EZ,private_account_investigation,escalate,rule_assisted_needs_sample_review,billing_codes_refunds,0.344,semantic_prototype_weak_label
493797,493791,232734,Fri Dec 01 16:05:13 +0000 2017,"@115788 @232735 @22486 @232736 @232737 @XboxSupport Others have, and had their units returned as ""normal"" after testing. Hence my concern. Not sure who I could discuss this with who would investigate the theory about the fan speed curves needing adjustment to smooth this out.",493789,"@232734 We'd be happy to help, but we could use more info. Could you follow &amp; DM @Xboxsupport with your Gamertag &amp; some details? ^EZ",private_account_investigation,escalate,rule_assisted_needs_sample_review,other_or_needs_context,0.381,semantic_prototype_weak_label
493797,493790,232734,Fri Dec 01 17:48:08 +0000 2017,"@XboxSupport I will DM you as soon as I get back from my office lunch, in about an hour. Thanks!",493792,"@232734 Ahh OK, we'll be just an @ away to help when you get back to share this info &amp; troubleshoot. ^EZ",public_troubleshooting,auto_handle_candidate,rule_assisted_needs_sample_review,other_or_needs_context,0.397,semantic_prototype_weak_label
495510,495510,233180,Fri Dec 01 14:00:29 +0000 2017,Ayo @XboxSupport  tf I do https://t.co/31Lvtc9kMJ,495508,"@233180 We don't have any influence on suspensions, I'm afraid; if you like, you can submit a case review: https://t.co/JoGQTtB3Sp if eligible ^JS",enforcement_review,escalate,rule_assisted_needs_sample_review,account_access_profile,0.376,semantic_prototype_weak_label
495510,495509,233180,Fri Dec 01 18:19:26 +0000 2017,@XboxSupport I’m jus wondering what kind of ban I️t was g,495511,"@233180 Hey there, sorry about that. If you head over here: https://t.co/DKYj5dv910 has there been any action taken on the account by them? ^XS",public_documentation,auto_handle_candidate,rule_assisted_needs_sample_review,safety_enforcement_security,0.624,semantic_prototype_weak_label
497049,497049,206162,Fri Dec 01 09:49:11 +0000 2017,"@XboxSupport When I’m on the English language website and that’s the article returned while trying to troubleshoot. Another article suggested doing an offline update, which requires a Windows-based PC that I don’t own. Any other suggestions? https://t.co/IIkkUub6im",497046,"@206162 Hi, this page: https://t.co/HK27GSl31S should show the steps for that error code in English. We're afraid the offline update requires a Windows-based PC with an Internet connection and a USB port and a USB flash drive with a minimum 4 GB of space formatted as NTFS. ^ZM",public_documentation,auto_handle_candidate,rule_assisted_needs_sample_review,other_or_needs_context,0.368,semantic_prototype_weak_label
497049,497048,206162,Sat Dec 02 05:12:27 +0000 2017,@XboxSupport That link provided still shows the content in what looks to be a Chinese language. This is across multiple browsers and devices. Any other suggestions? https://t.co/pShNKte4CK,497050,@206162 Hey again! We tried this on our end if you enter the error code then hit enter again does this still occur?  ^RR,general_or_unclear_reply,review_required,rule_assisted_needs_sample_review,game_content_download,0.218,semantic_prototype_weak_label
497049,497051,206162,Sat Dec 02 05:20:27 +0000 2017,"@XboxSupport Ah yep, that did it. Turns out I’ve already looked at that page before though. Still searching for an answer since we spoke a couple of hours ago. Have spoken again with MS support, and with EA, and still no closer to a resolution.",497052,@206162 Thanks for that! What did what support say when you reached back out to them?  ^RR,general_or_unclear_reply,review_required,rule_assisted_needs_sample_review,account_access_profile,0.483,semantic_prototype_weak_label
498852,498852,234109,Fri Dec 01 16:01:30 +0000 2017,@115786 @XboxSupport is terrible,498851,@234109 are having along with your Gamertag? Please include verbatims of any error you are seeing.  2 ^XS,private_account_investigation,escalate,rule_assisted_needs_sample_review,account_access_profile,0.451,semantic_prototype_weak_label
498852,498852,234109,Fri Dec 01 16:01:30 +0000 2017,@115786 @XboxSupport is terrible,498853,"@234109 Hey there, can you please DM us with a full description of the issue you  1 ^XS",private_account_investigation,escalate,rule_assisted_needs_sample_review,account_access_profile,0.451,semantic_prototype_weak_label
500395,500395,234525,Fri Dec 01 17:13:13 +0000 2017,@XboxSupport My xbox one x ! i can't download my games ! some of games stopped installation when i use network transfer with my old xbox one ! Very bad experience 👎👎 https://t.co/jT7wEKJMH1,500394,@234525 are having along with your Gamertag? Please include verbatims of any error you are seeing.  2 ^XS,private_account_investigation,escalate,rule_assisted_needs_sample_review,account_access_profile,0.483,semantic_prototype_weak_label
500395,500395,234525,Fri Dec 01 17:13:13 +0000 2017,@XboxSupport My xbox one x ! i can't download my games ! some of games stopped installation when i use network transfer with my old xbox one ! Very bad experience 👎👎 https://t.co/jT7wEKJMH1,500396,"@234525 Hey there, can you please DM us with a full description of the issue you  1 ^XS",private_account_investigation,escalate,rule_assisted_needs_sample_review,account_access_profile,0.483,semantic_prototype_weak_label
506780,506780,236304,Fri Dec 01 20:08:23 +0000 2017,@XboxSupport when I go to play Fifa 18 it says there is a problem please try again and it won't open and it knocks all my sound off,506779,"@236304 Hi there! Let's have you uninstall the game https://t.co/3oioL1168I , power cycle https://t.co/QENEhDawC3 your console, and reinstall the game  ^JS",public_documentation,auto_handle_candidate,rule_assisted_needs_sample_review,account_access_profile,0.378,semantic_prototype_weak_label
508482,508482,236774,Fri Dec 01 21:14:25 +0000 2017,"@XboxSupport I got the last 5 GamerScore I needed for November's Xbox Quest last night around 9:00 pm MST. When I looked at my GS total, those points were listed in December. Does this mean I didn't qualify?",508480,"@236774 Hi there! If the gamerscore isn't listed in November then you wouldn't qualify, unfortunately  ^JS",general_or_unclear_reply,review_required,rule_assisted_needs_sample_review,billing_codes_refunds,0.320,semantic_prototype_weak_label
508482,508481,236774,Fri Dec 01 22:21:21 +0000 2017,@XboxSupport So why would it be reported in December if I earned it in November? That's pretty lame.,508483,"@236774 Hi again! Just to clarify, did you happen to check if these achievement points were reflected on your account last night? Did the achievements fully unlock? ^JA",needs_more_context,escalate,rule_assisted_needs_sample_review,safety_enforcement_security,0.425,semantic_prototype_weak_label
508482,508484,236774,Fri Dec 01 23:45:25 +0000 2017,"@XboxSupport Yes, last night. Fully unlocked.",508485,"@236774 Gotcha. If you completed the requirements for this, then you will receive rewards within 4 weeks of the promotion end date: https://t.co/lwN1G8YY6k We'd recommend continuing to keep an eye on your Xbox Message Center. ^JA",public_documentation,auto_handle_candidate,rule_assisted_needs_sample_review,account_access_profile,0.402,semantic_prototype_weak_label
508501,508501,236780,Fri Dec 01 20:24:18 +0000 2017,"@XboxSupport My Game Forza Horizon 3 on my Windows 10 PC did run very well, but now I can't open it anymore. What is wrong? I just see the picture of Forza Horizon 3 and then the Window close. I paid a lot of money. Need help please.",508500,"@236780 We'd be happy to help, but we could use more info. Could you follow &amp; DM @Xboxsupport with your Gamertag &amp; some details? ^EZ",private_account_investigation,escalate,rule_assisted_needs_sample_review,account_access_profile,0.360,semantic_prototype_weak_label
509865,509864,237155,Fri Dec 01 21:44:19 +0000 2017,@XboxSupport How do I️ fix I️t,509863,@237155 Be sure to check out our packet loss guide here: https://t.co/XQI5vx1Sjt ^BL,public_documentation,auto_handle_candidate,rule_assisted_needs_sample_review,account_access_profile,0.607,semantic_prototype_weak_label
509882,509881,237159,Fri Dec 01 20:47:24 +0000 2017,@XboxSupport I reset my console as I’ve read to do elsewhere and now I can’t even use it because it says it has to update but won’t update because of an error,509879,"@237159 Hi there! Just to clarify, have you followed all the steps here: https://t.co/dC1DijiaUy  ^JA",needs_more_context,escalate,rule_assisted_needs_sample_review,account_access_profile,0.531,semantic_prototype_weak_label
509889,509889,237160,Fri Dec 01 20:42:58 +0000 2017,Hi can anyone help me i would like to know if i buy a game as a gift to my friend can I play the game if his account is set to my home xbox @117331,509887,@237160 home console designation then you should be able to access and play the game.  2 ^RR,general_or_unclear_reply,review_required,rule_assisted_needs_sample_review,account_access_profile,0.410,semantic_prototype_weak_label
509889,509888,237160,Fri Dec 01 23:06:23 +0000 2017,@XboxSupport So I can send a game as gift To my friend and I can play it aswell because his account is set to my home xbox,509890,@237160 Correct! If the game is on their account and that account is set to your home console designation then you can access and play the game.  ^RR,general_or_unclear_reply,review_required,rule_assisted_needs_sample_review,account_access_profile,0.544,semantic_prototype_weak_label
509889,509891,237160,Fri Dec 01 23:08:18 +0000 2017,@XboxSupport Ok thank u very much,509892,@237160 You're welcome! Let us know if you get any future Xbox related questions. Have a great rest of your day.  ^RR,general_or_unclear_reply,review_required,rule_assisted_needs_sample_review,account_access_profile,0.483,semantic_prototype_weak_label
509889,509889,237160,Fri Dec 01 20:42:58 +0000 2017,Hi can anyone help me i would like to know if i buy a game as a gift to my friend can I play the game if his account is set to my home xbox @117331,509893,@237160 Hello! If the game is downloaded onto his account and it's set to your  1 ^RR,general_or_unclear_reply,review_required,rule_assisted_needs_sample_review,account_access_profile,0.410,semantic_prototype_weak_label
511558,511557,237593,Fri Dec 01 21:56:45 +0000 2017,@XboxSupport It's December now and I still haven't gotten anything else.,511556,"@237593 Hi there, can you please send us your gamertag via DM: https://t.co/nPX1yNXCi5 so we can take a closer look? ^ZM",private_account_investigation,escalate,rule_assisted_needs_sample_review,billing_codes_refunds,0.442,semantic_prototype_weak_label
512786,512786,237951,Fri Dec 01 22:13:10 +0000 2017,@XboxSupport hi guys regarding my previous tweet it was sent that way to fit in my question can you answer please when ever you can thank u,512785,"@237951 Hey there! If you would like to gift a game to a friend, they would need to be located in the same region as you. ^JA",general_or_unclear_reply,review_required,rule_assisted_needs_sample_review,other_or_needs_context,0.423,semantic_prototype_weak_label
514980,514980,238598,Sat Dec 02 00:05:34 +0000 2017,@XboxSupport Why don't I have a party chat/game volume mixer?,514979,@238598 are having along with your Gamertag? Please include verbatims of any error you are seeing.  2 ^XS,private_account_investigation,escalate,rule_assisted_needs_sample_review,connectivity_xbox_live,0.435,semantic_prototype_weak_label
514980,514980,238598,Sat Dec 02 00:05:34 +0000 2017,@XboxSupport Why don't I have a party chat/game volume mixer?,514981,"@238598 Hey there, can you please DM us with a full description of the issue you  1 ^XS",private_account_investigation,escalate,rule_assisted_needs_sample_review,connectivity_xbox_live,0.435,semantic_prototype_weak_label
514990,514990,238602,Sat Dec 02 00:01:10 +0000 2017,"@XboxSupport in general, should achievements pop while offline on the Xbox one? Is it based on the game or so they all act the same? Single player of course.",514989,@238602 are having along with your Gamertag? Please include verbatims of any error you are seeing.  2 ^XS,private_account_investigation,escalate,rule_assisted_needs_sample_review,connectivity_xbox_live,0.323,semantic_prototype_weak_label
514990,514990,238602,Sat Dec 02 00:01:10 +0000 2017,"@XboxSupport in general, should achievements pop while offline on the Xbox one? Is it based on the game or so they all act the same? Single player of course.",514991,"@238602 Hey there, can you please DM us with a full description of the issue you  1 ^XS",private_account_investigation,escalate,rule_assisted_needs_sample_review,connectivity_xbox_live,0.323,semantic_prototype_weak_label
516194,516194,238932,Sat Dec 02 00:49:07 +0000 2017,@XboxSupport I just redeemed a 12 month subscription and didn't get take for the borderlands for free could I get a refund?,516193,"@238932 Hello! For refund inquiries, check here: https://t.co/Py4eqGk6gg or reach out chat support here: https://t.co/aWWrMN54Vu for more info.
 ^RR",specialist_handoff,escalate,rule_assisted_needs_sample_review,billing_codes_refunds,0.481,semantic_prototype_weak_label
517385,517384,239301,Sat Dec 02 01:38:04 +0000 2017,@XboxSupport @XboxSupport my Xbox one sleeps shutting off when I turn it on and it keeps doing this got any ideas?,517382,@239301 Thanks for that! Let's try the steps here: https://t.co/e8ep0jMwWC to see if that helps.  ^RR,public_documentation,auto_handle_candidate,rule_assisted_needs_sample_review,account_access_profile,0.515,semantic_prototype_weak_label
517405,517403,239304,Sat Dec 02 01:23:30 +0000 2017,@XboxSupport Will do. Thanks :),517401,@239304 You're welcome! Have a great rest of your day.  ^RR,general_or_unclear_reply,review_required,rule_assisted_needs_sample_review,other_or_needs_context,0.462,semantic_prototype_weak_label
517405,517405,239304,Sat Dec 02 00:28:28 +0000 2017,@XboxSupport Hi. Bit of an unusual question. I just realised 2 of the rubber feet are missing from my xbox one x. Can i get these anywhere instead of returning the console? thanks :),517404,@239304 Hello! Let's try reaching out to chat support to see what options are available for this: https://t.co/aWWrMN54Vu ^RR,public_documentation,auto_handle_candidate,rule_assisted_needs_sample_review,other_or_needs_context,0.344,semantic_prototype_weak_label
517423,517423,239309,Sat Dec 02 00:44:47 +0000 2017,My games won’t load what to do ??? @XboxSupport,517421,@239309 Hello! Would you mind following us and sending a DM when you are so we can gather more info?  ^RR,private_account_investigation,escalate,rule_assisted_needs_sample_review,account_access_profile,0.506,semantic_prototype_weak_label
518522,518522,239610,Fri Dec 01 17:32:11 +0000 2017,Just bought my Xbox last Friday and it’s already not working. Joy. 🙄,518520,@239610 Oh no. What exactly is going on with it? Official Xbox Support here happy to help if you can share more specifics. ^IS,general_or_unclear_reply,review_required,rule_assisted_needs_sample_review,other_or_needs_context,0.496,semantic_prototype_weak_label
518522,518521,239610,Sat Dec 02 02:09:53 +0000 2017,"@XboxSupport The Xbox wont turn on and I’ve tried pulling out the power plug for 10 seconds and plugging it back in. Still wont turn on. Was working just fine last night, go to use it this morning and that happens.",518523,"@239610 Hi again! Just to clarify, have you followed the steps here: https://t.co/rhsLpOh67G Is the console plugged directly into a wall outlet? ^JA",needs_more_context,escalate,rule_assisted_needs_sample_review,account_access_profile,0.568,semantic_prototype_weak_label
518522,518524,239610,Sat Dec 02 02:53:59 +0000 2017,"@XboxSupport Yes, and I’ve tried multiple wall outlets.",518525,@239610 the console serviced. You can set that up here: https://t.co/ZAgUyf3rqr / https://t.co/IXLgtVtPLn  2 ^RR,public_documentation,auto_handle_candidate,rule_assisted_needs_sample_review,other_or_needs_context,0.340,semantic_prototype_weak_label
518522,518524,239610,Sat Dec 02 02:53:59 +0000 2017,"@XboxSupport Yes, and I’ve tried multiple wall outlets.",518526,@239610 If that is still not helping then you may need to get  1 ^RR,general_or_unclear_reply,review_required,rule_assisted_needs_sample_review,other_or_needs_context,0.340,semantic_prototype_weak_label
519464,519464,239870,Fri Dec 01 18:06:33 +0000 2017,Xbox✔️Destiny2✔️Clan✔️Go to play❌Fuckin Servers,519462,@239870 Official Xbox Support here. Are you still seeing this? If so could you tweet us more details? We'd love to help. ^IS,general_or_unclear_reply,review_required,rule_assisted_needs_sample_review,connectivity_xbox_live,0.250,semantic_prototype_weak_label
520513,520513,240144,Fri Dec 01 18:31:21 +0000 2017,Xbox One X has restored my love of Xbox. Such a great Console. Great Job @116543 @115787,520512,@240144 Glad your loving it. Official Xbox support here let us know if you have an Xbox related questions. Game on! ^IS,general_or_unclear_reply,review_required,rule_assisted_needs_sample_review,other_or_needs_context,0.450,semantic_prototype_weak_label
478857,478864,240147,Fri Dec 01 18:17:23 +0000 2017,@115765 Xbox isn’t working 🙄,520523,@240147 Official Xbox Support here. Are you still seeing this? If so could you tweet us more details? We'd love to help. ^IS,general_or_unclear_reply,review_required,rule_assisted_needs_sample_review,account_access_profile,0.513,semantic_prototype_weak_label
522269,522269,240631,Sat Dec 02 03:43:25 +0000 2017,@XboxSupport None of my games are registering that I already have an active Xbox Live Subscription https://t.co/Zqz4E2o3ab,522267,"@240631 Greetings! Would you mind following us and sending a DM with your gamertag so that we can better assist you? 
 ^RR",private_account_investigation,escalate,rule_assisted_needs_sample_review,account_access_profile,0.510,semantic_prototype_weak_label
478857,506976,240636,Fri Dec 01 20:10:10 +0000 2017,@115765 How come it isn’t working on Xbox one yet?,522283,"@240636 Official Xbox Support here. Are you still having trouble on the Xbox console? If so could you tweet us more details? We'd love to help.
 ^IS",general_or_unclear_reply,review_required,rule_assisted_needs_sample_review,other_or_needs_context,0.475,semantic_prototype_weak_label
478857,522285,240636,Sat Dec 02 04:10:22 +0000 2017,@XboxSupport And my console tends to freeze once said digital games are launched,522286,@240636 Hi again! Have you tried the steps in the guide here: https://t.co/ouleFwMwRs in regards to the freezing that you are experiencing?  ^JA,public_documentation,auto_handle_candidate,rule_assisted_needs_sample_review,account_access_profile,0.456,semantic_prototype_weak_label
478857,522287,240636,Sat Dec 02 04:24:20 +0000 2017,@XboxSupport Or more,522289,@240636 Thanks for that!  Let's have you try resetting your router/modem and power cycling: https://t.co/QENEhDs7tB ^RR,public_documentation,auto_handle_candidate,rule_assisted_needs_sample_review,account_access_profile,0.482,semantic_prototype_weak_label
478857,522290,240636,Sat Dec 02 04:54:42 +0000 2017,"@XboxSupport I’ve tried it, it seems to be working now but I do believe it won’t work for long.",522291,"@240636 Got ya, let us know if you see this happen again and we can look into some further steps.  ^BL",public_troubleshooting,auto_handle_candidate,rule_assisted_needs_sample_review,other_or_needs_context,0.430,semantic_prototype_weak_label
478857,522293,240636,Sat Dec 02 20:42:35 +0000 2017,@XboxSupport I’m over trying to play this game can I get a refund or something I love Xbox don’t get me wrong I feel like I wasted my time and money on something I can’t play,522294,@240636 Hi there! For assistance with Refunds let's have you check in with our chat teams here https://t.co/ZKmTv2mKPF ^JL,specialist_handoff,escalate,rule_assisted_needs_sample_review,billing_codes_refunds,0.499,semantic_prototype_weak_label
523146,523146,240867,Fri Dec 01 21:49:24 +0000 2017,Holy shit I get to test the Xbox One X this weekend. Gonna hook it up to my bigass 80-inch Vizio and game my tits off.,523145,@240867 Glad you loved it. Official Xbox support here let us know if you have an Xbox related questions. Game on! ^IS,general_or_unclear_reply,review_required,rule_assisted_needs_sample_review,other_or_needs_context,0.361,semantic_prototype_weak_label
523148,523148,240868,Sat Dec 02 03:50:44 +0000 2017,@XboxSupport Microsoft edge not working,523147,@240868 Hey there! Let's have you try resetting your router/modem and then power cycle: https://t.co/QENEhDs7tB  ^JA,public_documentation,auto_handle_candidate,rule_assisted_needs_sample_review,account_access_profile,0.455,semantic_prototype_weak_label
523163,523163,240872,Fri Dec 01 21:09:34 +0000 2017,All this fucking installing. Should have stuck with the 360 @115786,523162,@240872 Official Xbox support here if you need help with install speeds feel free to reach out? We're here everyday and happy to help.  ^IS,general_or_unclear_reply,review_required,rule_assisted_needs_sample_review,other_or_needs_context,0.402,semantic_prototype_weak_label
523166,523166,240873,Fri Dec 01 20:58:48 +0000 2017,My Xbox just died 😢😭🤧😭,523164,"@240873 Official Xbox Support here. Oh no. What exactly is going on with it? Could you tweet us more details, we'd love to help. 
 ^IS",general_or_unclear_reply,review_required,rule_assisted_needs_sample_review,account_access_profile,0.467,semantic_prototype_weak_label
523166,523165,240873,Sat Dec 02 08:33:24 +0000 2017,@XboxSupport I’m not sure why this happened. I downloaded the new call of duty and when finished my Xbox said it needed an update. When I turned it on the next day the only thing that pops up now is a colorful screen with lines.,523167,@240873 DM us your Gamertag and clarify what the issue is that you're having so we can investigate?  2 ^BZ,private_account_investigation,escalate,rule_assisted_needs_sample_review,other_or_needs_context,0.359,semantic_prototype_weak_label
523166,523165,240873,Sat Dec 02 08:33:24 +0000 2017,@XboxSupport I’m not sure why this happened. I downloaded the new call of duty and when finished my Xbox said it needed an update. When I turned it on the next day the only thing that pops up now is a colorful screen with lines.,523168,@240873 Heyo! We'd like to Direct Message so we can collect some more information. Can you follow and  1 ^BZ,private_account_investigation,escalate,rule_assisted_needs_sample_review,other_or_needs_context,0.359,semantic_prototype_weak_label
524002,523998,241125,Sat Dec 02 04:54:18 +0000 2017,@XboxSupport that should be 0x80072F8F,523996,"@241125 Hey there! Just to clarify, have you checked to see if the following ports are open: https://t.co/sUUrDEax2p ^JA",needs_more_context,escalate,rule_assisted_needs_sample_review,account_access_profile,0.530,semantic_prototype_weak_label
524002,523997,241125,Sat Dec 02 05:08:53 +0000 2017,@XboxSupport im not really sure what that is? what would have changed from earlier this week? was there some xbox update?,523999,"@241125 Just so that we have all our bases covered, have you tried applying the offline update: https://t.co/wuj9BjDP1L  ^JA",public_documentation,auto_handle_candidate,rule_assisted_needs_sample_review,other_or_needs_context,0.563,semantic_prototype_weak_label
542757,542757,246016,Sat Dec 02 06:52:30 +0000 2017,@XboxSupport Hello! I purchased 3 games using my old Microsoft account and Xbox One. Now i got the new Xbox One X with a new Microsoft account. How can i recover/transfer games that i purchased to new Xbox One X and new Microsoft account? Thanks!,542755,"@246016 Hi there. Unfortunately, you are not able to transfer saved data or licenses from one account to another. ^BZ",general_or_unclear_reply,review_required,rule_assisted_needs_sample_review,account_access_profile,0.571,semantic_prototype_weak_label
544036,544036,246397,Sat Dec 02 09:28:53 +0000 2017,"@XboxSupport hello 4 days ago I enter my xbox live's code. In the parameters, I see that I have the Gold but I can't play online, why?. Last time I had needed 3 days. Thanks for your attention.",544035,"@246397 Hello, would you be able to direct message us your Gamertag so we  can better assist you? ^RM",private_account_investigation,escalate,rule_assisted_needs_sample_review,account_access_profile,0.484,semantic_prototype_weak_label
545538,545538,246825,Sat Dec 02 12:01:27 +0000 2017,@XboxSupport can we get an update so you can rip cds for the Xbox one like the xbox360 can do.,545537,"@246825 Hi, you can submit feedback here for things you would like to see in the future for Xbox https://t.co/bKaMp0HcbU.
 ^RM",public_documentation,auto_handle_candidate,rule_assisted_needs_sample_review,other_or_needs_context,0.478,semantic_prototype_weak_label
546887,546887,247184,Sat Dec 02 14:56:32 +0000 2017,@XboxSupport Why finish with cross play in fortnite? In this way people will choose a PS4 than a Xbox one,546885,"@247184 Hello, can you clarify what question you have or issue you are experiencing so we can better assist you? ^RM",needs_more_context,escalate,rule_assisted_needs_sample_review,other_or_needs_context,0.352,semantic_prototype_weak_label
551093,551093,248399,Sat Dec 02 13:18:30 +0000 2017,"@XboxSupport hi Xbox,why every time I start installing a used game it stops please help me I bought 2 games and I have the same issue on both of them",551091,@248399 DM us your Gamertag and clarify what the issue is that you're having so we can investigate?  2 ^BZ,private_account_investigation,escalate,rule_assisted_needs_sample_review,game_content_download,0.423,semantic_prototype_weak_label
551093,551092,248399,Sat Dec 02 19:12:16 +0000 2017,"@XboxSupport OMANI WA AFT5R, the issue is I can't fully  install a used game it stops in a specific number",551094,"@248399 Thank you for providing that information, you can use this guide to resolve this issue. https://t.co/GyznxULS8G ^RM",public_documentation,auto_handle_candidate,rule_assisted_needs_sample_review,game_content_download,0.374,semantic_prototype_weak_label
551093,551093,248399,Sat Dec 02 13:18:30 +0000 2017,"@XboxSupport hi Xbox,why every time I start installing a used game it stops please help me I bought 2 games and I have the same issue on both of them",551095,@248399 Heyo! We'd like to Direct Message so we can collect some more information. Can you follow and  1 ^BZ,private_account_investigation,escalate,rule_assisted_needs_sample_review,game_content_download,0.423,semantic_prototype_weak_label
553877,553877,249210,Sat Dec 02 14:34:34 +0000 2017,"@XboxSupport Hola, tengo un problema con mi control parental de xbox 360 y es que me lo he olvidado y ya intente cientos de combinaciones y ninguna es la correcta, ¿Hay alguna manera de que me puedan dar la correcta? Desde ya, muchas gracias.",553876,"@249210 Hi there! We're English-speaking Support, but you can get support in your local language here: https://t.co/lUV7XYl61S ^BZ",public_documentation,auto_handle_candidate,rule_assisted_needs_sample_review,other_or_needs_context,0.404,semantic_prototype_weak_label
556844,556844,250021,Sat Dec 02 14:55:51 +0000 2017,@xboxsupport Hi guys. I have 2 Xbox consoles. My X is listed as my home console which is fine. My S however won’t allow me use of the NFL app even when signed into my main profile. I keep getting the “do you own this app” message. Help please,556842,@250021 https://t.co/c0rhsKO0Ni the console. Then sign back in and let us know if you still see that message.  2 ^BL,public_documentation,auto_handle_candidate,rule_assisted_needs_sample_review,account_access_profile,0.455,semantic_prototype_weak_label
556844,556844,250021,Sat Dec 02 14:55:51 +0000 2017,@xboxsupport Hi guys. I have 2 Xbox consoles. My X is listed as my home console which is fine. My S however won’t allow me use of the NFL app even when signed into my main profile. I keep getting the “do you own this app” message. Help please,556845,@250021 Hi there! Let's go ahead and remove: https://t.co/zJxn1EMf83 your profile from the console and then &gt;power cycle  1 ^BL,public_documentation,auto_handle_candidate,rule_assisted_needs_sample_review,account_access_profile,0.455,semantic_prototype_weak_label
558076,558076,250367,Sat Dec 02 18:02:33 +0000 2017,"@XboxSupport hi I don’t use my Xbox anymore and I was charged for a new year, was wondering if I could get a refund?",558075,@250367 Hi there. We don't handle refunds here. You can always reach out to the live chat team: https://t.co/lUV7XYl61S for further assistance ^BZ,specialist_handoff,escalate,rule_assisted_needs_sample_review,billing_codes_refunds,0.532,semantic_prototype_weak_label
560657,560653,251165,Sat Dec 02 19:48:11 +0000 2017,@251166 @XboxSupport @127852 Foaming . Buy Pro Evo me,560652,@251165 a fix. Thank you for your patience while we work to resolve this. Hang in there!  2 ^BZ,general_or_unclear_reply,review_required,rule_assisted_needs_sample_review,account_access_profile,0.402,semantic_prototype_weak_label
560657,560653,251165,Sat Dec 02 19:48:11 +0000 2017,@251166 @XboxSupport @127852 Foaming . Buy Pro Evo me,560655,@251165 Thanks for reaching out to us! The proper teams are aware of the issue &amp; working on  1 ^BZ,general_or_unclear_reply,review_required,rule_assisted_needs_sample_review,account_access_profile,0.402,semantic_prototype_weak_label
561990,561989,251523,Sat Dec 02 21:56:43 +0000 2017,@XboxSupport Why have you replied to others who only reported issues much more recently than I did?,561988,@251523 Hi there! Do you mind DM'ing us your Gamertag so we can gather a bit of info?  ^JL,private_account_investigation,escalate,rule_assisted_needs_sample_review,other_or_needs_context,0.612,semantic_prototype_weak_label
450515,450514,251524,Sat Dec 02 20:59:54 +0000 2017,@221802 @XboxSupport Has anything worked? I'm having the exact same issue with minecraft.,561998,@251524 steps here: https://t.co/dvWMkPgXfK Be sure to keep your games and apps installed when asked to do so.  2 ^BL,public_documentation,auto_handle_candidate,rule_assisted_needs_sample_review,account_access_profile,0.540,semantic_prototype_weak_label
450515,561999,251524,Sun Dec 03 02:33:51 +0000 2017,@XboxSupport Well that didn't do it either. I'm planning on buying an Xbox one X next week but I want this issue fixed first. Please give me some other ideas!,562001,@251524 also seeing this happen. Be sure to create a post if no other users are seeing this happen.  2 ^BL,general_or_unclear_reply,review_required,rule_assisted_needs_sample_review,account_access_profile,0.494,semantic_prototype_weak_label
450515,562003,251524,Sun Dec 03 04:06:20 +0000 2017,@XboxSupport Thanks for the info. Other people are posting the same problem there. I've seen it elsewhere too. I know I'm not the only one. I just don't have a solution yet.,562004,@251524 Are there any responses from the Insider team when you checked the forums there?  ^BL,general_or_unclear_reply,review_required,rule_assisted_needs_sample_review,account_access_profile,0.528,semantic_prototype_weak_label
450515,562005,251524,Sun Dec 03 04:55:08 +0000 2017,@XboxSupport I didn't see any from the team. Someone did say we may have to wait a few days to be removed from the beta though.,562006,@251524 news their team's posts. They should reach out once they have the opportunity to.  2 ^JL,general_or_unclear_reply,review_required,rule_assisted_needs_sample_review,other_or_needs_context,0.352,semantic_prototype_weak_label
450515,562008,251524,Sun Dec 03 05:30:58 +0000 2017,@XboxSupport Ok. Thanks for trying. I'll let you know if it's ever fixed ☺,562009,"@251524 Keep us in the loop for sure, and we are here to assist with any other issues you might run into. ^JL",general_or_unclear_reply,review_required,rule_assisted_needs_sample_review,account_access_profile,0.551,semantic_prototype_weak_label
450515,562005,251524,Sun Dec 03 04:55:08 +0000 2017,@XboxSupport I didn't see any from the team. Someone did say we may have to wait a few days to be removed from the beta though.,562007,"@251524 That is possible, keep an eye on that post and be sure to follow the  1 ^JL",general_or_unclear_reply,review_required,rule_assisted_needs_sample_review,other_or_needs_context,0.352,semantic_prototype_weak_label
450515,561999,251524,Sun Dec 03 02:33:51 +0000 2017,@XboxSupport Well that didn't do it either. I'm planning on buying an Xbox one X next week but I want this issue fixed first. Please give me some other ideas!,562002,@251524 Have you been able to reach out to the Insider forums here: https://t.co/X4AdtqNL92 to see if other users are  1 ^BL,public_documentation,auto_handle_candidate,rule_assisted_needs_sample_review,account_access_profile,0.494,semantic_prototype_weak_label
450515,450514,251524,Sat Dec 02 20:59:54 +0000 2017,@221802 @XboxSupport Has anything worked? I'm having the exact same issue with minecraft.,562010,@251524 Hey there! If you have left the Insider program let's try a factory reset by following the  1 ^BL,public_troubleshooting,auto_handle_candidate,rule_assisted_needs_sample_review,account_access_profile,0.540,semantic_prototype_weak_label
563276,563276,251871,Sat Dec 02 22:37:39 +0000 2017,"@XboxSupport I have problem, and I can't find a solution or find what's going on, could you help?",563275,"@251871 Hey, could you direct message us and explain in detail what issue you are experiencing?
 ^RM",private_account_investigation,escalate,rule_assisted_needs_sample_review,account_access_profile,0.646,semantic_prototype_weak_label
564244,564244,252155,Sat Dec 02 08:58:27 +0000 2017,@141157 sims 4 on xbox does not unlock its achievments. Please fix it,564243,"@252155 Hi, here is a page with some troubleshooting tips for achievements https://t.co/MBavviYwfX
 ^RM",public_documentation,auto_handle_candidate,rule_assisted_needs_sample_review,account_access_profile,0.434,semantic_prototype_weak_label
566121,566119,252697,Sat Dec 02 12:26:10 +0000 2017,"@252698 yeah for the last 4 days, keep getting disconnected from xbox and im using a wired connection",566118,"@252697 Hey, you can use this guide to help with this issue. https://t.co/KqAj3Ia0zp ^RM",public_documentation,auto_handle_candidate,rule_assisted_needs_sample_review,account_access_profile,0.483,semantic_prototype_weak_label
566131,566131,252702,Sat Dec 02 23:51:32 +0000 2017,"@XboxSupport I purchased Live Gold and a credit card error occurred, I placed another and paid, after that I put a code of 3 months on the Xbox and there was an error, I went to put it on the computer and he accepted without problems, however I did not receive the 3 months",566130,@252702 Hi there! Do you mind DM'ing us your Gamertag so we can gather a bit of info?  ^JL,private_account_investigation,escalate,rule_assisted_needs_sample_review,billing_codes_refunds,0.549,semantic_prototype_weak_label
567802,567800,253183,Sun Dec 03 00:53:35 +0000 2017,"@125965 @116655 @XboxSupport will something actually be done about this, or is the report system automated so bans don’t go out unless there are multiple reports on the same person? :(",567798,@253183 Hi there! Be sure to report the user and the messages following the steps here: https://t.co/ZMbSjht6na ^BL,public_documentation,auto_handle_candidate,rule_assisted_needs_sample_review,safety_enforcement_security,0.610,semantic_prototype_weak_label
567820,567820,253190,Sun Dec 03 00:27:42 +0000 2017,"@XboxSupport Hi, curious if I can get help with my previous tweet? Thanks",567818,@253190 Hi there! Are you able to follow these steps https://t.co/0LLB8Ad7e6 on the new console? ^JL,public_documentation,auto_handle_candidate,rule_assisted_needs_sample_review,other_or_needs_context,0.541,semantic_prototype_weak_label
567820,567819,253190,Sun Dec 03 01:54:04 +0000 2017,"@XboxSupport I was missing the security and passkey part. This helps. If I transferee to Xbox One X from Xbox One, will it remember all my biometric sign-in data?",567821,@253190 Hi there! It might not remember that from console to console as you would need to set the Kinect up on the new console for it to work properly.  ^JL,general_or_unclear_reply,review_required,rule_assisted_needs_sample_review,account_access_profile,0.506,semantic_prototype_weak_label
568575,568575,253410,Sun Dec 03 02:00:32 +0000 2017,"@XboxSupport Well, my blu ray disc is stuck in the disc drive when I tried to stick it in and play it. Paperclip in the side doesn't seem to work. What should I do?",568573,@253410 Hey there! Is the console plugged directly into a wall socket currently?  ^BL,general_or_unclear_reply,review_required,rule_assisted_needs_sample_review,account_access_profile,0.243,semantic_prototype_weak_label
569486,569485,253649,Sun Dec 03 01:31:54 +0000 2017,@XboxSupport I am using a disc copy of COD. I'm trying to install it on the One.,569484,"@253649 Alrighty, let's use this link https://t.co/akebpSMHJn for disc related issues. Are you installing to the internal drive or an external drive? ^JL",public_documentation,auto_handle_candidate,rule_assisted_needs_sample_review,account_access_profile,0.367,semantic_prototype_weak_label
570263,570262,253867,Sun Dec 03 02:18:32 +0000 2017,@XboxSupport @XboxSupport help,570261,@253867 Hey there! Let's try a full power cycle by following all the steps here: https://t.co/QENEhDawC3  ^BL,public_documentation,auto_handle_candidate,rule_assisted_needs_sample_review,account_access_profile,0.562,semantic_prototype_weak_label
570270,570270,253869,Sun Dec 03 02:13:03 +0000 2017,@115766 @XboxSupport constantly not able to play online. Can’t wait for another update to take 3 hours to not work again,570269,@253869 Hello! Would you mind following us and sending a DM when you are so we can gather more info?  ^RR,private_account_investigation,escalate,rule_assisted_needs_sample_review,account_access_profile,0.501,semantic_prototype_weak_label
571099,571099,254134,Sun Dec 03 02:55:55 +0000 2017,Yo my console just eavesdropped on some other groups stream? What’s going on? @XboxSupport,571097,@254134 Hi there! Mind clarifying what you mean exactly? Not quite sure what's going on.  ^BL,needs_more_context,escalate,rule_assisted_needs_sample_review,other_or_needs_context,0.396,semantic_prototype_weak_label
571099,571101,254134,Sun Dec 03 04:31:04 +0000 2017,@XboxSupport It was creepish,571102,@254134 into wisp-like things that are actually other players. They can chat and interact in minor ways.  2 ^JL,general_or_unclear_reply,review_required,rule_assisted_needs_sample_review,account_access_profile,0.394,semantic_prototype_weak_label
571099,571104,254134,Sun Dec 03 05:28:44 +0000 2017,@XboxSupport Sorry but huh?,571105,@254134 The game has a feature that allows players to run into each other in-game while adventuring. This sounds like what you experienced. ^JL,general_or_unclear_reply,review_required,rule_assisted_needs_sample_review,other_or_needs_context,0.482,semantic_prototype_weak_label
571099,571101,254134,Sun Dec 03 04:31:04 +0000 2017,@XboxSupport It was creepish,571103,@254134 That sounds like the in-game feature of other player spirits. While wandering the world you can run  1 ^JL,general_or_unclear_reply,review_required,rule_assisted_needs_sample_review,account_access_profile,0.394,semantic_prototype_weak_label
571912,571912,254368,Sun Dec 03 03:55:42 +0000 2017,"@XboxSupport okay so I can’t even access my home menu, like I’m either stuck at the green load up screen or a black screen for a few minutes until it says “home took to long to start.” I need help please.",571909,@254368 Hi there! Let's go ahead and try a fresh start by unplugging the console and your router/modem for a full 5 minutes. ^BL,public_troubleshooting,auto_handle_candidate,rule_assisted_needs_sample_review,account_access_profile,0.556,semantic_prototype_weak_label
571912,571911,254368,Sun Dec 03 04:57:10 +0000 2017,@XboxSupport Ok so I’ve kept my Xbox unplugged for about 5 minuets but I’m unable to unplug the router/modem because I am not sure where it’s at. What should I do next?,571913,@254368 Can you describe what you mean when you say you are not sure where the router is? We will be closing soon [hours] if we do not get back to you our AM team will pick up where we left off. ^JL,general_or_unclear_reply,review_required,rule_assisted_needs_sample_review,connectivity_xbox_live,0.416,semantic_prototype_weak_label
589753,589753,259448,Sun Dec 03 07:26:12 +0000 2017,@XboxSupport how can I play one account on one monitor and play a second account with one Xbox at the same time,589752,@259448 Hi there! We were closed up overnight: https://t.co/XJOdrwH5K1 but we're back open now. We're not quite sure we understand what you're after; can you clarify in further detail via DM? https://t.co/nPX1yNG0Tv ^QZ,needs_more_context,escalate,rule_assisted_needs_sample_review,account_access_profile,0.428,semantic_prototype_weak_label
591115,591115,259853,Sun Dec 03 11:19:16 +0000 2017,Why does my Xbox one turn it self on during the night time at random times @XboxSupport ?,591113,"@259853 Hey there, is the console connected to a surge protector? ^XS",general_or_unclear_reply,review_required,rule_assisted_needs_sample_review,account_access_profile,0.361,semantic_prototype_weak_label
591115,591114,259853,Sun Dec 03 17:13:45 +0000 2017,@XboxSupport Yeah it is 🤔,591116,"@259853 Ahh OK. If you power off the console &amp; unplug it from the surge protector then plug it into the wall outlet &amp; test for a bit, do you continue to see it power on in this manner?^EZ",public_troubleshooting,auto_handle_candidate,rule_assisted_needs_sample_review,account_access_profile,0.415,semantic_prototype_weak_label
596176,596176,190365,Sun Dec 03 17:03:31 +0000 2017,@XboxSupport Hey could you fix this? I should have all the GS for this game since I unlocked every achievement. Gamertag is uvazquez. https://t.co/ZxE3xdpW4m,596175,"@190365 Hey there, we have a couple steps here: https://t.co/sjqdEQXJjy to help resolve your issue.  ^XS",public_documentation,auto_handle_candidate,rule_assisted_needs_sample_review,account_access_profile,0.411,semantic_prototype_weak_label
598257,598257,261839,Sun Dec 03 17:29:33 +0000 2017,@125833 @161794 @XboxSupport is destiny 2 curse of Osiris DLC sold separately on Xbox one  or is it only available to buy if you have the season pass,598255,@261839 Hi there! It doesn't appear that DLC has released just yet - keep an eye on the store when it releases on December 5th!  ^QZ,general_or_unclear_reply,review_required,rule_assisted_needs_sample_review,subscription_game_pass_gold,0.408,semantic_prototype_weak_label
598257,598256,261839,Sun Dec 03 19:48:22 +0000 2017,@XboxSupport It says on the store that it's only available in a bundle? I just want to know if I will be able to buy it separately when it releases,598258,@261839 That's not something we'd be able to speculate on here at Support - we'd recommend reaching Activision directly for the best info on that.  ^QZ,general_or_unclear_reply,review_required,rule_assisted_needs_sample_review,how_to_product_information,0.445,semantic_prototype_weak_label
601611,601611,262741,Sun Dec 03 20:19:58 +0000 2017,@257377 @129009 @XboxSupport WTF ?! https://t.co/LmfPcI5sJf,601610,"@262741 We'd be happy to help, but we could use more info. Could you follow &amp; DM @Xboxsupport with your Gamertag &amp; some details? ^EZ",private_account_investigation,escalate,rule_assisted_needs_sample_review,other_or_needs_context,0.421,semantic_prototype_weak_label
602579,602577,252964,Sun Dec 03 20:42:25 +0000 2017,"@XboxSupport @115786 @115890 Other games run fine meaning my xbox has no issues, they are not connection reliant where as #CODWWII is, why is my PC at 200+ and my #XboxOne is limited?",602576,"@252964 Gotcha. Since this is the only game that you're seeing this issue on, we recommend reaching out to 1/2 ^TJ",general_or_unclear_reply,review_required,rule_assisted_needs_sample_review,connectivity_xbox_live,0.512,semantic_prototype_weak_label
602579,602579,252964,Sun Dec 03 18:09:51 +0000 2017,"130 this morning, better but not the 200+ I normally have, now in the evening its 35. During the week its 200+, test on my PC and its 200+ right now.
@115786 @115890 @XboxSupport   #XBoxOne https://t.co/xPYYBwTmia",602578,"@252964 @115786 @115890 Thanks for this info. If you continue to see issues with performance in just this game, do the steps in https://t.co/HsJXEGL69k help you to resolve this?^EZ",public_documentation,auto_handle_candidate,rule_assisted_needs_sample_review,other_or_needs_context,0.342,semantic_prototype_weak_label
616164,616164,266223,Thu Oct 19 03:50:07 +0000 2017,"@XboxSupport who the fuck made your xbox app, shitty thing crashes in parties like 50 times a day",616162,"@266223 Hello, thanks for reaching out to us. Can you DM us your gamertag and what issues you're seeing? ^CO",private_account_investigation,escalate,rule_assisted_needs_sample_review,other_or_needs_context,0.492,semantic_prototype_weak_label
623795,623795,268065,Wed Nov 22 14:07:49 +0000 2017,@XboxSupport Hey guys! Been charged £12 in arrears for XBL due to a card cancellation (and me not realising). However I was not made aware in any communication that costs were racking up. Can you please remove the charges from my account immediately and I'll happily renew.,623794,"@268065 Hey there, for all refund requests and cancellations you will want to contact our chat team here: https://t.co/lUV7XYl61S ^XS",specialist_handoff,escalate,rule_assisted_needs_sample_review,billing_codes_refunds,0.450,semantic_prototype_weak_label
628710,628710,163157,Thu Oct 05 00:03:50 +0000 2017,What does @ATVIAssist  tell you when you paid for something but didn't receive it? What a joke! @XboxSupport will make this right. https://t.co/0RaJa60G7T,628709,"@163157 In this case, let's have you check in with our chat team for some further assistance https://t.co/aWWrMN54Vu ^JL",specialist_handoff,escalate,rule_assisted_needs_sample_review,billing_codes_refunds,0.550,semantic_prototype_weak_label
632670,632670,269958,Wed Nov 22 12:46:55 +0000 2017,"Hey @XboxSupport I sent in my controller for repair and provided tracking information that it arrived. Now your rep is telling me I'm SOL because YOU can't find it. Worst #CustomerExperience, #ScamAlert",632668,"@269958 Oh no! For more insight into this, we recommend to continue working with the live chat team https://t.co/lUV7XYl61S  ^TJ",specialist_handoff,escalate,rule_assisted_needs_sample_review,other_or_needs_context,0.436,semantic_prototype_weak_label
632670,632669,269958,Mon Nov 27 00:23:50 +0000 2017,@XboxSupport Tried your live support team and was told AGAIN to wait another 72 hours. I don't know how this is a solution...,632671,@269958 do. The live chat team: https://t.co/lUV7XYl61S will be the point of contact for any potential updates.  3 ^BZ,specialist_handoff,escalate,rule_assisted_needs_sample_review,account_access_profile,0.570,semantic_prototype_weak_label
632670,632669,269958,Mon Nov 27 00:23:50 +0000 2017,@XboxSupport Tried your live support team and was told AGAIN to wait another 72 hours. I don't know how this is a solution...,632672,"@269958 the chat team is recommending that you hold tight, that would be the best thing to  2 ^BZ",specialist_handoff,escalate,rule_assisted_needs_sample_review,account_access_profile,0.570,semantic_prototype_weak_label
632670,632669,269958,Mon Nov 27 00:23:50 +0000 2017,@XboxSupport Tried your live support team and was told AGAIN to wait another 72 hours. I don't know how this is a solution...,632673,"@269958 We certainly understand the frustration, however, we don't have any insight into that process here. If  1 ^BZ",general_or_unclear_reply,review_required,rule_assisted_needs_sample_review,account_access_profile,0.570,semantic_prototype_weak_label
637724,637723,271217,Wed Oct 04 20:29:19 +0000 2017,@115786 @XboxSupport,637722,@271217 We do not handle any enforcement action here. If eligible you can file for a case review here: https://t.co/U1yn6tkAAG ^IS,enforcement_review,escalate,rule_assisted_needs_sample_review,account_access_profile,0.484,semantic_prototype_weak_label
219231,219231,168285,Thu Oct 05 01:39:08 +0000 2017,I sent my Xbox in for warranty repair on the 13th of September....still haven't gotten it back ....@XboxSupport,219232,@168285 repair? That would be the best course of action for updates on your console status.  2 ^JL,repair_or_warranty_process,escalate,rule_assisted_needs_sample_review,console_accessory_display,0.551,semantic_prototype_weak_label
645944,645944,273377,Wed Nov 22 15:24:22 +0000 2017,"@XboxSupport hey, i had a problem... I typed in a gift card code of 25 euro's and now my Xbox live is gone and transferd to Amerika pls help",645943,@273377 our chat team here: https://t.co/lUV7XYl61S so they can take a deeper look into the account and purchase with you.  2 ^XS,specialist_handoff,escalate,rule_assisted_needs_sample_review,account_access_profile,0.486,semantic_prototype_weak_label
645944,645944,273377,Wed Nov 22 15:24:22 +0000 2017,"@XboxSupport hey, i had a problem... I typed in a gift card code of 25 euro's and now my Xbox live is gone and transferd to Amerika pls help",645945,"@273377 Hi there, when you get a moment what you will want to do in this case; is reach out to  1 ^XS",general_or_unclear_reply,review_required,rule_assisted_needs_sample_review,account_access_profile,0.486,semantic_prototype_weak_label
645954,645954,273379,Wed Nov 22 07:00:15 +0000 2017,"@152374 is a joke. I get banned for two weeks for calling a dude a fucking joke once, yet they will let some dumbass make 5 accounts so he can harass people over and over so they can't block him.",645953,"@273379 @152374 Hi there! We don't have any details or influence on particular Enforcement action here, as that's all handled by a separate team from us. You can find more info on any active suspensions here: https://t.co/KvFovSf0X5 &amp; you can also submit a case review from there, as well. ^QZ",enforcement_review,escalate,rule_assisted_needs_sample_review,safety_enforcement_security,0.367,semantic_prototype_weak_label
645961,645960,273380,Wed Nov 22 11:52:04 +0000 2017,@XboxSupport Bumpity-Bump.,645959,"@273380 Hi there! Just so we're on the same page, are you noticing that viewers of your stream are hearing the music that you're 1/3  ^TJ",general_or_unclear_reply,review_required,rule_assisted_needs_sample_review,other_or_needs_context,0.469,semantic_prototype_weak_label
645967,645967,273383,Wed Nov 22 06:56:51 +0000 2017,what the fuck did y'all do to the party chat @XboxSupport,645966,"@273383 Hi there, can you please provide more details on what you're experiencing via a direct message: https://t.co/nPX1yNG0Tv so we can collect more info? ^ZM",private_account_investigation,escalate,rule_assisted_needs_sample_review,safety_enforcement_security,0.419,semantic_prototype_weak_label
224441,224441,169629,Thu Oct 05 04:35:43 +0000 2017,@XboxSupport Is there anything wrong with filing numerous complaints against an inappropriate player? Taking into account the Code of Conduc,224442,@169629 Hi there! Nothing wrong with it but keep in mind that filling numerous complaints  1 ^JL,general_or_unclear_reply,review_required,rule_assisted_needs_sample_review,safety_enforcement_security,0.449,semantic_prototype_weak_label
649506,649506,274395,Wed Nov 22 13:40:55 +0000 2017,"@XboxSupport my gold 12 month membership isnt working on online games and tells me i need to buy it though i have it, please fix this",649505,@274395 Hi there! Can you DM us your Gamertag and a photo of that subscription from this link https://t.co/KwpDVOSrYz ^JL,visual_evidence_required,escalate,rule_assisted_needs_sample_review,subscription_game_pass_gold,0.573,semantic_prototype_weak_label
649519,649519,274398,Wed Nov 22 20:40:24 +0000 2017,@XboxSupport and @129941 just thought you guys should know I now have a screen burn of Pandora!,649518,@274398 @129941 Sorry to hear about that! We'd recommend reaching out to your TV manufacturer to explore service or replacement options. ^AK,general_or_unclear_reply,review_required,rule_assisted_needs_sample_review,other_or_needs_context,0.367,semantic_prototype_weak_label
651351,651351,274910,Wed Nov 22 16:25:46 +0000 2017,@XboxSupport so I have called the swedish xbox support 4 times now and they pick up but the only thing i can hear is a movie or something like that. I need help and i wont get any. if I don't get help within 24 hours I'm gonna pee on bill gates or something.,651350,@274910 Hi there. Happy to help troubleshoot. Can you DM us your Gamertag and a description of the issue? ^JL,private_account_investigation,escalate,rule_assisted_needs_sample_review,other_or_needs_context,0.523,semantic_prototype_weak_label
654106,654106,275598,Wed Nov 22 22:00:12 +0000 2017,"@XboxSupport 
My XBOX just made a loud EEEEEERRRERRERRR noise.. I was playing @162401",654105,"@275598 Hi there! We'd be happy to help with this. Could you follow us back &amp; DM your GamerTag when you get a chance? 
 ^TJ",private_account_investigation,escalate,rule_assisted_needs_sample_review,other_or_needs_context,0.467,semantic_prototype_weak_label
654143,654138,275605,Wed Nov 22 22:05:29 +0000 2017,"@XboxSupport Alright, got it... One last thing is regarding games, there's not region locks, right?!",654140,@275605 when purchasing game codes you would only be able to use code from your region.  2 ^JL,general_or_unclear_reply,review_required,rule_assisted_needs_sample_review,other_or_needs_context,0.469,semantic_prototype_weak_label
654143,654138,275605,Wed Nov 22 22:05:29 +0000 2017,"@XboxSupport Alright, got it... One last thing is regarding games, there's not region locks, right?!",654141,"@275605 That can vary from region to region as some regions may not allow specific games. Also,  1 ^JL",general_or_unclear_reply,review_required,rule_assisted_needs_sample_review,other_or_needs_context,0.469,semantic_prototype_weak_label
654143,654143,275605,Wed Nov 22 21:50:20 +0000 2017,"@XboxSupport Hi... A Xbox One X bought in Japan would work normally in the US? I mean, is there any differences on plug connectors, is it possible to change language and play english games and etc? Or does it have ""local constraints""? Thanks!",654142,@275605 Hi there! You should be able to change your language settings via Settings&gt;System&gt;Language &amp; Location. As for your 1/3 ^TJ,public_troubleshooting,auto_handle_candidate,rule_assisted_needs_sample_review,how_to_product_information,0.338,semantic_prototype_weak_label
660185,660185,277255,Wed Nov 22 23:34:39 +0000 2017,@XboxSupport the Microsoft store keeps giving me a black screen and I have to hard reset my Xbox.,660184,"@277255 Sorry to hear that! Can you DM us your gamertag, and whether you're seeing that on an Xbox One or Xbox 360 console? Sorry to hear that! Can you DM us your gamertag, and whether you're seeing that on an Xbox One or Xbox 360 console?  ^QZ",private_account_investigation,escalate,rule_assisted_needs_sample_review,account_access_profile,0.603,semantic_prototype_weak_label
660196,660196,200267,Wed Nov 22 23:18:16 +0000 2017,@115786 @XboxSupport @204967 is it really necessary to use this much packaging for a code I could have been sent by email??? https://t.co/EkAT37yot6,660194,@200267 Great question. Protection is key but if you have feedback to this process please let our teams know here: https://t.co/Ub2WjDyEcS . ^IS,public_documentation,auto_handle_candidate,rule_assisted_needs_sample_review,billing_codes_refunds,0.387,semantic_prototype_weak_label
662530,662530,272964,Thu Nov 23 01:03:44 +0000 2017,@30212 @XboxSupport  Where are we able to buy the tactical assault commander pro for the Xbox one?,662529,"@272964 @30212 Hi there! This accessory would not be compatible with the Xbox One. If you like, you can leave feedback here: https://t.co/Ub2WjDQf4q ^JA",public_documentation,auto_handle_candidate,rule_assisted_needs_sample_review,how_to_product_information,0.350,semantic_prototype_weak_label
665131,665131,278525,Tue Oct 10 17:16:56 +0000 2017,@6167 + @XboxSupport Got a problem : can’t play Fortnite (bought the standard version) except to the Battle Royale mode 😔,665130,@278525 DM us your Gamertag and clarify what the issue is that you're having so we can investigate?  2 ^BZ,private_account_investigation,escalate,rule_assisted_needs_sample_review,account_access_profile,0.408,semantic_prototype_weak_label
665131,665131,278525,Tue Oct 10 17:16:56 +0000 2017,@6167 + @XboxSupport Got a problem : can’t play Fortnite (bought the standard version) except to the Battle Royale mode 😔,665132,@278525 Heyo! We'd like to Direct Message so we can collect some more information. Can you follow and  1 ^BZ,private_account_investigation,escalate,rule_assisted_needs_sample_review,account_access_profile,0.408,semantic_prototype_weak_label
666050,666050,278670,Thu Nov 23 01:43:06 +0000 2017,@115786 @XboxSupport well you had your chance to right you're wrong and you didn't I will never spend another penny on Xbox I guess 13 years of loyalty means nothing bye Xbox hello Sony,666049,@278670 @115786 Hey there. We're sorry to hear about the frustration! Would you be able to send us a direct message https://t.co/nPX1yNG0Tv with your Gamertag and a summary of the issue so we can further assist? ^JA,private_account_investigation,escalate,rule_assisted_needs_sample_review,other_or_needs_context,0.475,semantic_prototype_weak_label
666801,666801,197604,Thu Nov 23 02:08:49 +0000 2017,@XboxSupport so I take it no comment then?,666800,@197604 Hi there! Mind sending us a direct message https://t.co/nPX1yNXCi5 with your Gamertag so we can further assist?  ^JA,private_account_investigation,escalate,rule_assisted_needs_sample_review,other_or_needs_context,0.548,semantic_prototype_weak_label
670315,670315,279893,Thu Nov 23 04:24:44 +0000 2017,@XboxSupport please stop slowing my download speed for games im trying to download games and updates but your killing the purpose of me having gigabit internet,670314,@279893 Hey there. That will always show but if you'd like to see that feature removed let's leave that feedback here: https://t.co/Ub2WjDyEcS . ^IS,public_documentation,auto_handle_candidate,rule_assisted_needs_sample_review,connectivity_xbox_live,0.406,semantic_prototype_weak_label
671134,671134,280105,Wed Nov 22 23:39:57 +0000 2017,@XboxSupport anyway I can get a digital refund for a game if I’m not part of the preview program? I used to be but opted out 6 months back? Brought the game on the 18 November,671133,"@280105 Hello. To explore your refund options, you'll want to get in touch with the chat team https://t.co/A27lh3IeG0 ^AK",specialist_handoff,escalate,rule_assisted_needs_sample_review,billing_codes_refunds,0.431,semantic_prototype_weak_label
671924,671924,280303,Sat Oct 28 03:09:38 +0000 2017,"@XboxSupport Tried hard shutdown, checking/unchecking, nada. I bought an X expecting these things to work. Xbox S not working 2/2",671922,"@280303 Hello, thanks for reaching out to us. We moved a lot of voice commands to Cortana commands or removed. ^CO",general_or_unclear_reply,review_required,rule_assisted_needs_sample_review,other_or_needs_context,0.489,semantic_prototype_weak_label
671924,671923,280303,Mon Oct 30 13:58:16 +0000 2017,@XboxSupport I was under the impression that I would be allowed to disable Cortana in the options and keep what ORIGINALLY worked.  Now it doesn't work.,671925,"@280303 Hello again. For more insight regarding this, we recommend our guide here about commands here https://t.co/wXfs9wzvZ4 ^TJ",public_documentation,auto_handle_candidate,rule_assisted_needs_sample_review,account_access_profile,0.324,semantic_prototype_weak_label
262031,262031,178413,Thu Oct 05 20:51:29 +0000 2017,@XboxSupport is there something going on with Xbox party chat? My friends and I all keep getting booted.,262032,@178413 a DM: https://t.co/nPX1yNXCi5 with your gamertag and a detailed summary of the issue you're experiencing?  2 ^ZM,private_account_investigation,escalate,rule_assisted_needs_sample_review,account_access_profile,0.519,semantic_prototype_weak_label
700159,700159,287068,Thu Nov 23 13:56:10 +0000 2017,"Why is it that you can't buy 4k films from the Microsoft/Xbox store, in the UK? But you can if I switch to the US store....🤔
@117331 @115786 @XboxSupport",700157,"@287068 Hi there! As a heads up, we do not recommend changing the region of your store to one that you're not located in. 1/2 ^TJ",general_or_unclear_reply,review_required,rule_assisted_needs_sample_review,how_to_product_information,0.352,semantic_prototype_weak_label
700164,700164,287070,Thu Nov 23 04:37:40 +0000 2017,@XboxSupport tell me what this mean https://t.co/J3s4paqfII,700163,@287070 Hi there! Could you DM https://t.co/nPX1yNXCi5 us your Gamertag and a what game you are seeing this for? ^JS,private_account_investigation,escalate,rule_assisted_needs_sample_review,other_or_needs_context,0.493,semantic_prototype_weak_label
705455,705454,153720,Thu Nov 23 11:07:07 +0000 2017,"@XboxSupport Also how long does a review take to get a banned over turned I filed for a request , ,that’s is separate to why I want to talk to tw chat team",705453,"@153720 Hi there! We're a separate team from the Enforcement team, so we wouldn't have any insight into how long that review will take, I'm afraid. Make sure the contact email for your Microsoft account is one you have access to, as that's the one they'll use to reach out ^QZ",enforcement_review,escalate,rule_assisted_needs_sample_review,safety_enforcement_security,0.442,semantic_prototype_weak_label
118406,118406,142281,Thu Nov 23 12:29:52 +0000 2017,@XboxSupport uhh what should I do https://t.co/TVulOOf2s2,118407,"@142281 Hey there, can you please DM us with a full description of the issue you  1 ^XS",private_account_investigation,escalate,rule_assisted_needs_sample_review,other_or_needs_context,0.479,semantic_prototype_weak_label
705475,705475,288647,Thu Nov 23 12:01:16 +0000 2017,"@XboxSupport  The store isn't letting me download a free add-on to ESO. It says, ""Foxbat Brassilisk is currently unavailable"" but someone was able to download it yesterday. 😕😒😡",705474,@288647 are having along with your Gamertag? Please include verbatims of any error you are seeing.  2 ^XS,private_account_investigation,escalate,rule_assisted_needs_sample_review,billing_codes_refunds,0.312,semantic_prototype_weak_label
705475,705475,288647,Thu Nov 23 12:01:16 +0000 2017,"@XboxSupport  The store isn't letting me download a free add-on to ESO. It says, ""Foxbat Brassilisk is currently unavailable"" but someone was able to download it yesterday. 😕😒😡",705476,"@288647 Hey there, can you please DM us with a full description of the issue you  1 ^XS",private_account_investigation,escalate,rule_assisted_needs_sample_review,billing_codes_refunds,0.312,semantic_prototype_weak_label
705492,705488,288651,Thu Nov 23 10:49:45 +0000 2017,"@XboxSupport And let me tell you, I have done all the fixed you guys suggested yet Twitch is still bugging the hell out.",705487,"@288651 Hey there, can you please follow then DM us your Gamertag so that we can collect some more information from you? ^XS",private_account_investigation,escalate,rule_assisted_needs_sample_review,other_or_needs_context,0.435,semantic_prototype_weak_label
705517,705517,288658,Thu Nov 23 09:43:44 +0000 2017,"Hi @XboxSupport, I would like to have an email to a support worker who is actually willing to help me. I haven't been able to access my games and apps with my XBL profile for the past 2-3 months. Simply not good enough.",705516,@288658 are having along with your Gamertag? Please include verbatims of any error you are seeing.  2 ^XS,private_account_investigation,escalate,rule_assisted_needs_sample_review,account_access_profile,0.551,semantic_prototype_weak_label
705517,705517,288658,Thu Nov 23 09:43:44 +0000 2017,"Hi @XboxSupport, I would like to have an email to a support worker who is actually willing to help me. I haven't been able to access my games and apps with my XBL profile for the past 2-3 months. Simply not good enough.",705518,"@288658 Hey there, can you please DM us with a full description of the issue you  1 ^XS",private_account_investigation,escalate,rule_assisted_needs_sample_review,account_access_profile,0.551,semantic_prototype_weak_label
707675,707673,289184,Tue Oct 10 19:38:28 +0000 2017,@116781 It downloaded the game digitally instead of the season pass.,707671,@289184 Hi there! Could you DM https://t.co/nPX1yNXCi5 us your Gamertag and the full code so we can look into this more? ^JS,private_account_investigation,escalate,rule_assisted_needs_sample_review,game_content_download,0.344,semantic_prototype_weak_label
708251,708249,289300,Tue Oct 10 19:26:47 +0000 2017,@207498 @XboxSupport  https://t.co/3lwOtfThnU,708248,"@289300 We'd be happy to help, but we could use more info. Could you follow &amp; DM @Xboxsupport with your Gamertag? ^EZ",private_account_investigation,escalate,rule_assisted_needs_sample_review,other_or_needs_context,0.423,semantic_prototype_weak_label
709302,709302,289592,Tue Oct 10 20:36:15 +0000 2017,@XboxSupport Hi guys. Having issues signing in on https://t.co/Ib4e0Ny6ZB and on Xbox One... any known issues? My internet works fine,709301,@289592 DM us your Gamertag and clarify what the issue is that you're having so we can investigate?  2 ^BZ,private_account_investigation,escalate,rule_assisted_needs_sample_review,account_access_profile,0.625,semantic_prototype_weak_label
709302,709302,289592,Tue Oct 10 20:36:15 +0000 2017,@XboxSupport Hi guys. Having issues signing in on https://t.co/Ib4e0Ny6ZB and on Xbox One... any known issues? My internet works fine,709303,@289592 Heyo! We'd like to Direct Message so we can collect some more information. Can you follow and  1 ^BZ,private_account_investigation,escalate,rule_assisted_needs_sample_review,account_access_profile,0.625,semantic_prototype_weak_label
709311,709311,289594,Tue Oct 10 20:27:04 +0000 2017,@XboxSupport i cant sign into my xbox profile,709309,@289594 Hi there! Can you Dm us your Gamertag and a description of exactly what happens? ^JL,private_account_investigation,escalate,rule_assisted_needs_sample_review,account_access_profile,0.769,semantic_prototype_weak_label
709302,709304,289701,Tue Oct 10 20:39:39 +0000 2017,@289592 @XboxSupport cant sign in on the one and get this on web https://t.co/O6cglSiFej,709746,"@289701 Hi there! This is something that's currently being looked into. Greatly appreciate your patience! 
 ^TJ",general_or_unclear_reply,review_required,rule_assisted_needs_sample_review,account_access_profile,0.696,semantic_prototype_weak_label
712301,712298,290339,Tue Oct 10 21:54:51 +0000 2017,@164477 @XboxSupport can anyone connect?,712297,@290339 patience and understanding as the appropriate teams work to get this fixed.  2 ^JS,general_or_unclear_reply,review_required,rule_assisted_needs_sample_review,account_access_profile,0.572,semantic_prototype_weak_label
712301,712298,290339,Tue Oct 10 21:54:51 +0000 2017,@164477 @XboxSupport can anyone connect?,712299,@290339 Hi there! There's currently a service alert affecting this https://t.co/dG2dbIAHPz we appreciate your  1 ^JS,public_documentation,auto_handle_candidate,rule_assisted_needs_sample_review,account_access_profile,0.572,semantic_prototype_weak_label
712746,712744,290453,Tue Oct 10 21:59:24 +0000 2017,@116781 Thanks buddy. Any word on how long @XboxSupport,712742,"@290453 Hiya! We do not have that info directly, but look out for updates on the status page here https://t.co/puAtoZIwD1 ^JL",public_documentation,auto_handle_candidate,rule_assisted_needs_sample_review,other_or_needs_context,0.472,semantic_prototype_weak_label
713103,713103,290557,Tue Oct 10 22:04:38 +0000 2017,"@116549 
This is the message for the game Dizeaze by Neuron Vexx https://t.co/Q3e2F3gNbR",713101,@290557 Heya! Have you reached out to the creator as the messages suggests? ^JL,general_or_unclear_reply,review_required,rule_assisted_needs_sample_review,other_or_needs_context,0.223,semantic_prototype_weak_label
713103,713102,290557,Tue Oct 10 22:43:59 +0000 2017,"@XboxSupport If you've read my tweets, you would see I did.",713104,@290557 reinstall.  YOu might want to ping them again in case they are busy and just missed your last message.  2 ^JL,general_or_unclear_reply,review_required,rule_assisted_needs_sample_review,other_or_needs_context,0.431,semantic_prototype_weak_label
713103,713102,290557,Tue Oct 10 22:43:59 +0000 2017,"@XboxSupport If you've read my tweets, you would see I did.",713105,"@290557 Let's uninstall https://t.co/O7oVp7DTAq the app, then power off and unplug the console for 10 seconds, plug it back in and  1 ^JL",public_documentation,auto_handle_candidate,rule_assisted_needs_sample_review,other_or_needs_context,0.431,semantic_prototype_weak_label
713573,713572,290673,Tue Oct 10 22:38:21 +0000 2017,@XboxSupport Hook me up with that upgrade @117014 ???,713571,"@290673 Hi there! Sounds like it's related to the current service alert here https://t.co/d97ud06cfH Appreciate your patience!
 ^TJ",public_documentation,auto_handle_candidate,rule_assisted_needs_sample_review,other_or_needs_context,0.482,semantic_prototype_weak_label
713977,713975,290780,Tue Oct 10 23:01:17 +0000 2017,@116781 It's been down for over that..,713972,@290780 Hi there! We do currently have a status alert that might be affecting you. For more info https://t.co/0O8gdo9A8v ^JL,needs_more_context,escalate,rule_assisted_needs_sample_review,account_access_profile,0.199,semantic_prototype_weak_label
714537,714535,225589,Tue Oct 10 23:18:34 +0000 2017,"@XboxSupport “You need to sign on to use Hulu/Amazon”

WHY?!?!",714533,@225589 Hi there! We do currently have a status alert that might be affecting you. For more info https://t.co/0O8gdo9A8v ^JL,needs_more_context,escalate,rule_assisted_needs_sample_review,account_access_profile,0.433,semantic_prototype_weak_label
715724,715724,291259,Tue Oct 10 23:54:21 +0000 2017,@XboxSupport can’t even look at the status of it https://t.co/WvySmVZejy,715723,@291259 Hi there! Our teams are aware and working hard to get it fixed! We appreciate your patience and understanding with this! ^JS,general_or_unclear_reply,review_required,rule_assisted_needs_sample_review,other_or_needs_context,0.506,semantic_prototype_weak_label
715750,715750,291270,Tue Oct 10 23:41:55 +0000 2017,@XboxSupport why can’t I get on my account,715749,@291270 Hi! There is an alert on https://t.co/99xfLNdOow about an issue with signing in &amp; our teams are working hard to resolve it ^EZ,public_documentation,auto_handle_candidate,rule_assisted_needs_sample_review,account_access_profile,0.700,semantic_prototype_weak_label
716752,716752,291551,Wed Oct 11 00:12:16 +0000 2017,@XboxSupport any news on episode 4 guardians of the galaxy for xbox one yet still can't download not happy  😐,716750,"@291551 Hi there! We would not have further info here, the best course of action is to watch their Twitter feed for updates. ^JL",general_or_unclear_reply,review_required,rule_assisted_needs_sample_review,other_or_needs_context,0.363,semantic_prototype_weak_label
716789,716789,291571,Wed Oct 11 00:10:23 +0000 2017,When will the servers be back up? @XboxSupport,716788,@291571 Heya! Let's power down the console and unplug it for about 30 seconds then reboot and try again. ^JL,public_troubleshooting,auto_handle_candidate,rule_assisted_needs_sample_review,connectivity_xbox_live,0.443,semantic_prototype_weak_label
717343,717343,291742,Wed Oct 11 00:16:24 +0000 2017,It let me sign in to Xbox live once I completely restarted my console in the settings. Just thought id let everyone know. @XboxSupport,717342,"@291742 Hello, thanks for sharing that information. This is working for some people currently. ^CO",general_or_unclear_reply,review_required,rule_assisted_needs_sample_review,account_access_profile,0.598,semantic_prototype_weak_label
717380,717380,291755,Wed Oct 11 00:09:44 +0000 2017,@XboxSupport can I cancel family profile &amp; create a new one? Son has wrong bday can't access some games,717378,@291755 Yeah you can just make a new account with the proper info for sure. Wouldn't even need to cancel the other profile. ^IS,general_or_unclear_reply,review_required,rule_assisted_needs_sample_review,account_access_profile,0.503,semantic_prototype_weak_label
717380,717379,291755,Wed Oct 11 20:05:00 +0000 2017,@XboxSupport Thing is I already changed his bday &amp; still can't access some games online,717381,@291755 Hi again. You wouldn't be able to directly change the age of the account. 1/2 ^JA,general_or_unclear_reply,review_required,rule_assisted_needs_sample_review,account_access_profile,0.494,semantic_prototype_weak_label
720130,720130,292351,Wed Oct 11 00:50:54 +0000 2017,"All tweets on @XboxSupport for the last couple hours

""WE'RE GOIN DOWN! WE'RE GOIN DOWN!"" https://t.co/OnG31jwqc3",720128,@292351 The status page summarizes what we know here: https://t.co/99xfLNdOow . Hope that clarifies. ^IS,public_documentation,auto_handle_candidate,rule_assisted_needs_sample_review,connectivity_xbox_live,0.342,semantic_prototype_weak_label
720132,720132,292353,Wed Oct 11 00:50:06 +0000 2017,@XboxSupport I can now go online and download stuff but still the store is down here in memphis,720131,@292353 Thanks for that update. It seems the teams are still looking to resolve this. Keep us in the loop. ^IS,general_or_unclear_reply,review_required,rule_assisted_needs_sample_review,account_access_profile,0.398,semantic_prototype_weak_label
722328,722328,180563,Wed Oct 11 01:10:41 +0000 2017,While this is happening • I’ll be watching @1776 to pass the time! #Canucks #XboxLive @115786 @XboxSupport https://t.co/18C8jXF7XF,722325,@180563 Hey. There was a service alert earlier for this but it has been resolved. Are you still seeing issues? ^IS,general_or_unclear_reply,review_required,rule_assisted_needs_sample_review,other_or_needs_context,0.290,semantic_prototype_weak_label
722328,722326,292933,Wed Oct 11 02:30:03 +0000 2017,@XboxSupport @180563 Still can’t sign in or play,722329,@292933 Hi there! have you tested resetting your router/modem and then power cycle: https://t.co/QENEhDawC3  ^JA,public_documentation,auto_handle_candidate,rule_assisted_needs_sample_review,account_access_profile,0.726,semantic_prototype_weak_label
722328,722330,180563,Wed Oct 11 02:39:42 +0000 2017,@XboxSupport  https://t.co/iI1txaKbqW,722331,@180563 We appreciate your patience as this issue is getting resolved. We recommend waiting a bit and restarting your console. ^CO,public_troubleshooting,auto_handle_candidate,rule_assisted_needs_sample_review,account_access_profile,0.442,semantic_prototype_weak_label
723163,723163,293156,Wed Oct 11 01:27:55 +0000 2017,@XboxSupport Will you allow mods for @293157 when it is released?,723161,@293156 Unfortunately we wouldn't have those specifics. It would be worth it to reach out to the publisher directly on this. ^IS,general_or_unclear_reply,review_required,rule_assisted_needs_sample_review,other_or_needs_context,0.446,semantic_prototype_weak_label
723828,723828,293335,Wed Oct 11 02:03:18 +0000 2017,How sweet💕@115786 @XboxSupport https://t.co/unGAMvMf6l,723826,@293335 Heya! Is that working for you now? ^JL,general_or_unclear_reply,review_required,rule_assisted_needs_sample_review,other_or_needs_context,0.395,semantic_prototype_weak_label
723828,723827,293335,Wed Oct 11 03:30:26 +0000 2017,@XboxSupport Yes it is,723829,@293335 Awesome! Let us know if we can assist with anything else. ^JL,general_or_unclear_reply,review_required,rule_assisted_needs_sample_review,other_or_needs_context,0.456,semantic_prototype_weak_label
723849,723848,293340,Wed Oct 11 01:56:52 +0000 2017,@160829 @XboxSupport Any news on the option files? You said it would be an easy fix and I am yet to see any information at all,723847,"@293340 Not quite sure what you mean, can you DM us a bit more info? ^JL",private_account_investigation,escalate,rule_assisted_needs_sample_review,other_or_needs_context,0.571,semantic_prototype_weak_label
724729,724729,125831,Wed Oct 11 02:33:21 +0000 2017,@XboxSupport how can someone get a cheater report against them when ive never cheated,724728,"@125831 hi there. We are a separate team from Enforcement, so we would not be able to speculate. 1/2 ^JA",enforcement_review,escalate,rule_assisted_needs_sample_review,safety_enforcement_security,0.591,semantic_prototype_weak_label
725062,725062,266185,Wed Oct 11 03:42:31 +0000 2017,@XboxSupport it works but I can't get anything from the store,725061,@266185 Can you DM us your Gamertag and a photo of what you see on the store? ^JL,visual_evidence_required,escalate,rule_assisted_needs_sample_review,account_access_profile,0.479,semantic_prototype_weak_label
742702,742702,297587,Wed Oct 11 04:19:21 +0000 2017,@XboxSupport jay writes every time I go into avatar it said uh oh that shouldn’t happened. Can you try again. richmermaid2090,742701,"@297587 If you remove account: https://t.co/zJxn1EMf83 , power cycle: https://t.co/QENEhDawC3 then sign in, does that fix it? ^BZ",public_documentation,auto_handle_candidate,rule_assisted_needs_sample_review,account_access_profile,0.453,semantic_prototype_weak_label
743704,743698,297825,Wed Oct 11 04:36:59 +0000 2017,"@XboxSupport I've tried all that, even a new power supply. Still doing it. Once or twice it's turned on but when I go to load a game , it's crashes again",743696,"@297825 Hey, have you tried plugging the console into another outlet ? ^RM",general_or_unclear_reply,review_required,rule_assisted_needs_sample_review,account_access_profile,0.404,semantic_prototype_weak_label
743704,743697,297825,Wed Oct 11 16:17:13 +0000 2017,@XboxSupport Yeah I've tried that,743699,@297825 Have you tried any of these steps? https://t.co/VVhl1hR7yZ ^RM,public_documentation,auto_handle_candidate,rule_assisted_needs_sample_review,account_access_profile,0.508,semantic_prototype_weak_label
743704,743700,297825,Wed Oct 11 16:46:32 +0000 2017,@XboxSupport Tried them all,743701,@297825 reached here https://t.co/aWWrMN54Vu. They can provide you with more support around this issue.  2 ^RM,public_documentation,auto_handle_candidate,rule_assisted_needs_sample_review,account_access_profile,0.540,semantic_prototype_weak_label
743704,743700,297825,Wed Oct 11 16:46:32 +0000 2017,@XboxSupport Tried them all,743702,"@297825 Hey, we recommend reaching out to our chat support team. They can be  1 ^RM",general_or_unclear_reply,review_required,rule_assisted_needs_sample_review,account_access_profile,0.540,semantic_prototype_weak_label
743704,743704,297825,Wed Oct 11 03:11:40 +0000 2017,@XboxSupport Any ideas or help? https://t.co/rKUPfxRPrZ,743703,@297825 Oh no. Let's make sure the console is plugged directly into a wall outlet and then let's try these steps: https://t.co/rhsLpNZvg8 ^IS,public_documentation,auto_handle_candidate,rule_assisted_needs_sample_review,account_access_profile,0.548,semantic_prototype_weak_label
754294,754294,300288,Wed Oct 11 12:05:15 +0000 2017,@XboxSupport I picked up my Xbox elite controller tonight after work to realise the back rubber on the right hand side is starting to peel,754293,"@300288 Oh no! For this, we recommend reaching out to the live chat team to explore some possible options https://t.co/lUV7XYl61S ^TJ",specialist_handoff,escalate,rule_assisted_needs_sample_review,other_or_needs_context,0.358,semantic_prototype_weak_label
757360,757358,300999,Wed Oct 11 18:23:25 +0000 2017,"@129011 Done that about five times now, no change.",757357,@300999 Have you tried re-adding your account to your console by following these steps here https://t.co/ANtB3VzqWa ? ^RM,public_documentation,auto_handle_candidate,rule_assisted_needs_sample_review,safety_enforcement_security,0.150,semantic_prototype_weak_label
758631,758631,301280,Tue Oct 10 20:17:06 +0000 2017,@XboxSupport why can’t I get on the live chat? Need assistance with my account / fifa 18,758630,"@301280 Hey there! We'd like to DM so we can collect more info, let us know when you're Following us? https://t.co/FIM7KsmdfD ^FH",needs_more_context,escalate,rule_assisted_needs_sample_review,account_access_profile,0.542,semantic_prototype_weak_label
761480,761474,301947,Wed Oct 11 20:39:16 +0000 2017,@XboxSupport Nope that didn't work...,761476,"@301947 Alrighty, let's reach out directly to their team here https://t.co/PhpMGkbfoH ^JL",public_documentation,auto_handle_candidate,rule_assisted_needs_sample_review,account_access_profile,0.495,semantic_prototype_weak_label
761480,761477,301947,Wed Oct 11 20:17:24 +0000 2017,"@XboxSupport Yep, its there for me.",761475,"@301947 Gotcha. Let's try briefly removing your profile https://t.co/zJxn1EMf83 power cycle, then 1/2 ^TJ",public_documentation,auto_handle_candidate,rule_assisted_needs_sample_review,account_access_profile,0.455,semantic_prototype_weak_label
761480,761479,301947,Wed Oct 11 19:55:39 +0000 2017,@XboxSupport @127889 The car I've uninstalled and re installed and still nothing,761478,"@301947 Hi there! To make sure, do you see that the transfer for this car went through on the link here? https://t.co/FI2DG48xus  ^TJ",public_documentation,auto_handle_candidate,rule_assisted_needs_sample_review,account_access_profile,0.486,semantic_prototype_weak_label
763225,763224,161778,Wed Oct 11 11:33:08 +0000 2017,@302381 Cant even find it on the store. Xbox,763223,@161778 @302381 Sorry to hear! We can help take a closer look with you - reach out any time for official Xbox support :) ^QZ,general_or_unclear_reply,review_required,rule_assisted_needs_sample_review,account_access_profile,0.428,semantic_prototype_weak_label
763865,763865,302543,Wed Oct 11 21:03:50 +0000 2017,@XboxSupport hi i am having trouble connecting my xbox one to the internet but 360 is connected. Its not my internet,763863,"@302543 Hello, you can try re-adding your Xbox account to the console by following these steps https://t.co/ANtB3VzqWa. ^RM",public_documentation,auto_handle_candidate,rule_assisted_needs_sample_review,connectivity_xbox_live,0.468,semantic_prototype_weak_label
763870,763870,302545,Wed Oct 11 11:09:12 +0000 2017,That's the Xbox One X pre-ordered. Let's do this shit.,763869,"@302545 Awesome! If you need any help setting it up or run into any trouble using it, give us a shout here for official Xbox support :) ^QZ",general_or_unclear_reply,review_required,rule_assisted_needs_sample_review,other_or_needs_context,0.465,semantic_prototype_weak_label
763895,763894,302552,Wed Oct 11 10:08:37 +0000 2017,@302553 @117348 @115786 @15913 Congrats on 250k! A very hard earned gamerscore 👍,763892,"@302552 Love seeing this.Official Xbox support here let us know if you have an Xbox related questions. Game on!
 ^IS",general_or_unclear_reply,review_required,rule_assisted_needs_sample_review,other_or_needs_context,0.238,semantic_prototype_weak_label
763900,763900,302555,Wed Oct 11 09:57:58 +0000 2017,Should i make a new xbox account called Hoax f1sh or keep my old f1shluver6000 name?,763899,"@302555 Tough decisions there. Official Xbox support here let us know if you have an Xbox related questions. Game on!
 ^IS",general_or_unclear_reply,review_required,rule_assisted_needs_sample_review,safety_enforcement_security,0.379,semantic_prototype_weak_label
765866,765866,303033,Wed Oct 11 14:28:20 +0000 2017,So past 7 hours been trying to Fix Middle earth Shadow of war installed it then it doesnt work loads the image then POOF home screen on xbox,765864,@303033 Hiya! We might be able to help with that. Send us some details and we can help troubleshoot with you. ^JL,public_troubleshooting,auto_handle_candidate,rule_assisted_needs_sample_review,other_or_needs_context,0.401,semantic_prototype_weak_label
765866,765865,303033,Wed Oct 11 23:00:36 +0000 2017,@XboxSupport thanks I did stay up late and spoke with a Xbox ambassador very helpful in the end uninstall and reinstall worked,765867,@303033 That is good. We are glad to hear you got the issue resolved. ^RM,general_or_unclear_reply,review_required,rule_assisted_needs_sample_review,account_access_profile,0.646,semantic_prototype_weak_label
763895,766520,302553,Wed Oct 11 16:39:00 +0000 2017,@303186 @117348 @115786 @15913 THANK YOU SO MUCH!,766519,@302553 Legend in the making! Official Xbox support here let us know if you have an Xbox related questions. Game on! ^IS,general_or_unclear_reply,review_required,rule_assisted_needs_sample_review,other_or_needs_context,0.151,semantic_prototype_weak_label
767436,767436,303413,Wed Oct 11 16:27:38 +0000 2017,"Xbox Live better be working tonight, wanna play a bit of FIFA with my pal",767435,@303413 Do let us know if you run into any issues. We are always happy to help troubleshoot.  ^JL,public_troubleshooting,auto_handle_candidate,rule_assisted_needs_sample_review,other_or_needs_context,0.486,semantic_prototype_weak_label
769380,769376,303700,Wed Oct 11 21:48:04 +0000 2017,@302698 its already on there like a million times haha,769375,"@303700 Hi there! For any updates to the backwards compatibility list, be sure to keep an eye on https://t.co/1QSni2GOvR  ^TJ",public_documentation,auto_handle_candidate,rule_assisted_needs_sample_review,other_or_needs_context,0.188,semantic_prototype_weak_label
769792,769792,302874,Wed Oct 11 22:21:44 +0000 2017,"@XboxSupport bought the 70s charger on rocket league, doesnt show up in garage but showroom says already owned. Tried redownloading also",769791,@302874 here for any updates around the issue https://t.co/9bqWpJ4UMv. We appreciate your patience.  2 ^RM,public_documentation,auto_handle_candidate,rule_assisted_needs_sample_review,billing_codes_refunds,0.251,semantic_prototype_weak_label
769792,769792,302874,Wed Oct 11 22:21:44 +0000 2017,"@XboxSupport bought the 70s charger on rocket league, doesnt show up in garage but showroom says already owned. Tried redownloading also",769793,"@302874 Hey, this is a known issue that is being worked on. Refer  1 ^RM",general_or_unclear_reply,review_required,rule_assisted_needs_sample_review,billing_codes_refunds,0.251,semantic_prototype_weak_label
769807,769807,303812,Wed Oct 11 22:16:06 +0000 2017,"@XboxSupport my Xbox is set in English, idk why some of my captures were changed to this language, any ideas? https://t.co/OYVf4H6qcD",769806,@303812 That's odd! Is this console enrolled in the update preview? Can you DM us your gamertag please? https://t.co/nPX1yNXCi5 ^QZ,private_account_investigation,escalate,rule_assisted_needs_sample_review,other_or_needs_context,0.392,semantic_prototype_weak_label
770627,770627,304027,Wed Oct 11 22:54:20 +0000 2017,@XboxSupport the dpad on my controller keeps pulling to the left can you help me please,770626,@304027 Sorry to hear that! Is that an Xbox One or Xbox 360 controller? Can you DM us your GT &amp; more info? https://t.co/nPX1yNXCi5  ^QZ,private_account_investigation,escalate,rule_assisted_needs_sample_review,account_access_profile,0.330,semantic_prototype_weak_label
770635,770635,304029,Wed Oct 11 20:56:38 +0000 2017,@129931 MY GTR NISSAN FOR RL IS WORKING PLEASE FIX... XBOX GT IF NEEDED CRIMECOPGAMING,770633,@304029 games &amp; apps&gt;Games&gt;Rocket League&gt;manage game...are you seeing that car installed properly on your console?  2 ^BZ,general_or_unclear_reply,review_required,rule_assisted_needs_sample_review,account_access_profile,0.401,semantic_prototype_weak_label
770635,770634,304030,Fri Oct 13 07:03:51 +0000 2017,@XboxSupport @304029 I’m having the same issue. And mine says it’s properly installed,770636,"@304030 Hey, you can try uninstalling the download content then reinstalling it. It should then appear in your garage. ^RM",public_troubleshooting,auto_handle_candidate,rule_assisted_needs_sample_review,account_access_profile,0.596,semantic_prototype_weak_label
770635,770637,304030,Sat Oct 14 08:45:03 +0000 2017,@XboxSupport I just tried doing that and still no luck,770638,"@304030 Thanks for checking. So we can look into this with you further, Could you follow &amp; DM @Xboxsupport with your Gamertag? ^EZ",private_account_investigation,escalate,rule_assisted_needs_sample_review,account_access_profile,0.536,semantic_prototype_weak_label
770635,770635,304029,Wed Oct 11 20:56:38 +0000 2017,@129931 MY GTR NISSAN FOR RL IS WORKING PLEASE FIX... XBOX GT IF NEEDED CRIMECOPGAMING,770639,"@304029 Hey there! We'd be glad to help. To check, if you go to My  1 ^BZ",general_or_unclear_reply,review_required,rule_assisted_needs_sample_review,account_access_profile,0.401,semantic_prototype_weak_label
771145,771145,304170,Wed Oct 11 23:13:16 +0000 2017,"Hi @XboxSupport, Im trying to redeem a code to increase my sub, however, I keep getting an error that states it's a problem on ur side",771143,@304170 Sorry to hear! Can you DM us your gamertag and code you're trying to redeem for that? https://t.co/nPX1yNXCi5 ^QZ,private_account_investigation,escalate,rule_assisted_needs_sample_review,account_access_profile,0.426,semantic_prototype_weak_label
771147,771147,304171,Wed Oct 11 22:21:14 +0000 2017,@XboxSupport need help with my Xbox one!,771146,@304171 DM us your Gamertag and clarify what the issue is that you're having so we can investigate?  2 ^BZ,private_account_investigation,escalate,rule_assisted_needs_sample_review,account_access_profile,0.552,semantic_prototype_weak_label
771147,771147,304171,Wed Oct 11 22:21:14 +0000 2017,@XboxSupport need help with my Xbox one!,771148,@304171 Heyo! We'd like to Direct Message so we can collect some more information. Can you follow and  1 ^BZ,private_account_investigation,escalate,rule_assisted_needs_sample_review,account_access_profile,0.552,semantic_prototype_weak_label
772096,772083,304418,Thu Oct 12 00:12:51 +0000 2017,"@XboxSupport My internet is working perfectly, nothing changed after the troubleshooting steps so the issue has to be on your end.",772080,@304418 a picture of your network stats: Settings&gt;Network&gt;Network Settings&gt;Detailed Network Statistics and NAT?  2 ^JL,visual_evidence_required,escalate,rule_assisted_needs_sample_review,connectivity_xbox_live,0.464,semantic_prototype_weak_label
772096,772081,304419,Thu Oct 12 00:42:03 +0000 2017,@XboxSupport @304418 I am also having the same problem internet is fine I just can't sign into my xbox one live account,772084,@304419 Hey there. We have not seen many reports of sign in issues today. Can you dm your GT and a pic of what happens when you try? ^IS,public_troubleshooting,auto_handle_candidate,rule_assisted_needs_sample_review,account_access_profile,0.713,semantic_prototype_weak_label
772096,772082,304418,Thu Oct 12 01:23:08 +0000 2017,@XboxSupport I would if I could. Everything shows up blank but I'm connected to my home network on other devices without an issue.,772086,"@304418 Oh alrighty, are you using a wired or wireless connection? Let's try the steps listed here https://t.co/aEO7DCVhAe ^JL",public_documentation,auto_handle_candidate,rule_assisted_needs_sample_review,connectivity_xbox_live,0.419,semantic_prototype_weak_label
772096,772089,304418,Thu Oct 12 03:27:32 +0000 2017,@XboxSupport I've never seen this issue but it needs to be resolved immediately.,772091,@304418 Are you able to sign in here https://t.co/zL4kXLdbSH ? Can you DM us a video of what happens when you try to sign into your  1 ^JL,visual_evidence_required,escalate,rule_assisted_needs_sample_review,account_access_profile,0.564,semantic_prototype_weak_label
772096,772089,304418,Thu Oct 12 03:27:32 +0000 2017,@XboxSupport I've never seen this issue but it needs to be resolved immediately.,772092,@304418 account? We will be closing soon https://t.co/XJOdrwpuSt if we do not get back to you our AM team will pick up where we left off.  2 ^JL,public_documentation,auto_handle_candidate,rule_assisted_needs_sample_review,account_access_profile,0.564,semantic_prototype_weak_label
772096,772096,304418,Wed Oct 11 22:57:52 +0000 2017,@XboxSupport What's going on with the service on Xbox One? Haven't been able to sign in for over an hour!,772095,"@304418 Hi there! Everything is up and running here, can you describe what you are seeing on your end? ^JL",needs_more_context,escalate,rule_assisted_needs_sample_review,account_access_profile,0.626,semantic_prototype_weak_label
772096,772083,304418,Thu Oct 12 00:12:51 +0000 2017,"@XboxSupport My internet is working perfectly, nothing changed after the troubleshooting steps so the issue has to be on your end.",772093,"@304418 We would see any service interruptions if there were some, can you DM  1 ^JL",general_or_unclear_reply,review_required,rule_assisted_needs_sample_review,connectivity_xbox_live,0.464,semantic_prototype_weak_label
773948,773946,304888,Thu Oct 12 00:40:05 +0000 2017,@XboxSupport @304889 He had it coming,773944,@304888 Hi there. We'd recommend applying for a case review here: https://t.co/U1yn6tkAAG  ^JA,enforcement_review,escalate,rule_assisted_needs_sample_review,account_access_profile,0.422,semantic_prototype_weak_label
773948,773945,304888,Thu Oct 12 02:12:39 +0000 2017,@XboxSupport @304889 ay si ay si mira estos weyes muy chingones,773947,@304888 Not sure what that means but if you are ever being harassed we'd never respond but  simply report.  ^IS,general_or_unclear_reply,review_required,rule_assisted_needs_sample_review,account_access_profile,0.298,semantic_prototype_weak_label
337176,359624,195371,Sun Oct 08 10:26:50 +0000 2017,@XboxSupport Hoonigan cars can be purchased with CR in FH3 but get Marketplace Exclusive error in FH7. All dates in Forzahub for availability have passed,359625,"@195371 Hi there, when you get a moment what you will want to do in this case; is reach out to  1 ^XS",general_or_unclear_reply,review_required,rule_assisted_needs_sample_review,other_or_needs_context,0.280,semantic_prototype_weak_label
775873,775873,287735,Thu Oct 12 02:29:19 +0000 2017,"@XboxSupport Just upgraded my X1 and I synced my controller and everything but when I try to turn on my console by turning on my controller, nothing happens. I have Power mode Instant-on enabled",775871,@287735 Hi there! If you plug the controller into the console with a USB cable will it turn it on?  ^JL,general_or_unclear_reply,review_required,rule_assisted_needs_sample_review,account_access_profile,0.393,semantic_prototype_weak_label
778312,778312,197753,Thu Oct 12 02:29:45 +0000 2017,@XboxSupport I was just playing game of thrones episode 2 when xbox took me to the dashboard asking if I own the game. I do own all episodes,778311,"@197753 Hi. Let's remove: https://t.co/10cNWNMzCU your profile, power cycle https://t.co/hxfKiEq1R4 Then sign in and try.  ^IS",public_documentation,auto_handle_candidate,rule_assisted_needs_sample_review,how_to_product_information,0.304,semantic_prototype_weak_label
335078,335078,195865,Sat Oct 07 05:40:00 +0000 2017,@XboxSupport xbox app not being captured on @15542 no problem with other captures or games,335079,@195865 Heyo! We'd like to Direct Message so we can collect some more information. Can you follow and  1 ^BZ,private_account_investigation,escalate,rule_assisted_needs_sample_review,how_to_product_information,0.447,semantic_prototype_weak_label
805085,805083,311845,Thu Oct 12 16:15:47 +0000 2017,@XboxSupport When I reach the Terms of Service page I select I Agree and it loads forever and doesn't do anything,805082,@311845 are having along with your Gamertag? Please include verbatims of any error you are seeing.  2 ^XS,private_account_investigation,escalate,rule_assisted_needs_sample_review,account_access_profile,0.485,semantic_prototype_weak_label
805085,805083,311845,Thu Oct 12 16:15:47 +0000 2017,@XboxSupport When I reach the Terms of Service page I select I Agree and it loads forever and doesn't do anything,805084,"@311845 Hey there, can you please DM us with a full description of the issue you  1 ^XS",private_account_investigation,escalate,rule_assisted_needs_sample_review,account_access_profile,0.485,semantic_prototype_weak_label
806711,806710,312235,Thu Oct 12 16:46:50 +0000 2017,@XboxSupport I’m having problems getting dlc 4 for infinite warfare and I have the season pass??,806709,"@312235 Hey there, they are aware of and working on the issue. https://t.co/yAC1uD9JMk ^XS",public_documentation,auto_handle_candidate,rule_assisted_needs_sample_review,account_access_profile,0.374,semantic_prototype_weak_label
806711,806713,312236,Thu Oct 12 16:42:09 +0000 2017,@XboxSupport Eta on the IW DLC 4 fix?,806775,"@312236 Hey there, they are aware of and working on the issue. https://t.co/yAC1uD9JMk ^XS",public_documentation,auto_handle_candidate,rule_assisted_needs_sample_review,other_or_needs_context,0.394,semantic_prototype_weak_label
806711,806768,302861,Thu Oct 12 16:35:22 +0000 2017,"@XboxSupport Im HamzaSamhoun,I bought xbox live subscription 14 days but it does not work, you can check it so I ask you to solve this problem",806793,@302861 return to the retailer from whom you made the purchase to get it replaced.  2 ^XS,general_or_unclear_reply,review_required,rule_assisted_needs_sample_review,account_access_profile,0.560,semantic_prototype_weak_label
806711,806768,302861,Thu Oct 12 16:35:22 +0000 2017,"@XboxSupport Im HamzaSamhoun,I bought xbox live subscription 14 days but it does not work, you can check it so I ask you to solve this problem",806794,"@302861 Hey there, if you have a code that does not work, you will want to  1 ^XS",general_or_unclear_reply,review_required,rule_assisted_needs_sample_review,account_access_profile,0.560,semantic_prototype_weak_label
806711,806719,312628,Thu Oct 12 16:47:26 +0000 2017,@XboxSupport  https://t.co/EriHTHrv4Q,808411,"@312628 Hey, could you direct message us and tell us what issue it is you are experiencing? ^RM",private_account_investigation,escalate,rule_assisted_needs_sample_review,other_or_needs_context,0.424,semantic_prototype_weak_label
806711,806720,312937,Thu Oct 12 17:11:02 +0000 2017,@XboxSupport Xbox Smartglass isn't working!!,809702,"@312937 Hey, what issue are you experiencing with Xbox SmartGlass ^RM",general_or_unclear_reply,review_required,rule_assisted_needs_sample_review,account_access_profile,0.495,semantic_prototype_weak_label
806711,806761,312938,Thu Oct 12 16:56:03 +0000 2017,"@XboxSupport I bought a gold status, but after a week and a half I can use it only on one account, although I used it for a week on two accounts",809703,"@312938 Hello, are the accounts being used on the same console? ^RM",general_or_unclear_reply,review_required,rule_assisted_needs_sample_review,subscription_game_pass_gold,0.519,semantic_prototype_weak_label
806711,806745,313119,Thu Oct 12 17:15:41 +0000 2017,@XboxSupport I can't buy anything,810539,"@313119 Hey, can you show us what is appearing on your screen that is preventing you from making a purchase? ^RM",visual_evidence_required,escalate,rule_assisted_needs_sample_review,account_access_profile,0.553,semantic_prototype_weak_label
806711,806762,156514,Thu Oct 12 17:15:18 +0000 2017,@XboxSupport Speaking from experience..your system and network is shit! Why did i even buy this poor excuse of a console..keep your X..#SHUDHAVEGOTAPS4!,810540,"@156514 Hi, did you have a Xbox question that we can assist with? ^RM",general_or_unclear_reply,review_required,rule_assisted_needs_sample_review,other_or_needs_context,0.536,semantic_prototype_weak_label
806711,806725,313849,Thu Oct 12 17:38:33 +0000 2017,@XboxSupport I can’t access my auction house on Forza Horizon 3,813473,@313849 are having along with your Gamertag? Please include verbatims of any error you are seeing.  2 ^XS,private_account_investigation,escalate,rule_assisted_needs_sample_review,account_access_profile,0.471,semantic_prototype_weak_label
806711,806725,313849,Thu Oct 12 17:38:33 +0000 2017,@XboxSupport I can’t access my auction house on Forza Horizon 3,813474,"@313849 Hey there, can you please DM us with a full description of the issue you  1 ^XS",private_account_investigation,escalate,rule_assisted_needs_sample_review,account_access_profile,0.471,semantic_prototype_weak_label
813477,813477,313850,Thu Oct 12 17:14:44 +0000 2017,@XboxSupport I sent you a DM about my Xbox live,813476,"@313850 To inquire about a refund for the subscription, please contact chat support: https://t.co/lUV7XYl61S .  2 ^ZM",public_documentation,auto_handle_candidate,rule_assisted_needs_sample_review,other_or_needs_context,0.518,semantic_prototype_weak_label
813477,813477,313850,Thu Oct 12 17:14:44 +0000 2017,@XboxSupport I sent you a DM about my Xbox live,813478,"@313850 Hi, you'll want to ensure auto-renew is toggled off through these steps: https://t.co/AxV1fzcC1A .  1 ^ZM",public_documentation,auto_handle_candidate,rule_assisted_needs_sample_review,other_or_needs_context,0.518,semantic_prototype_weak_label
815680,815680,314228,Thu Oct 12 17:54:19 +0000 2017,@XboxSupport why can't I sign into my profile ye fuckin stupid cunts,815679,@314228 are having along with your Gamertag? Please include verbatims of any error you are seeing.  2 ^XS,private_account_investigation,escalate,rule_assisted_needs_sample_review,account_access_profile,0.617,semantic_prototype_weak_label
815680,815680,314228,Thu Oct 12 17:54:19 +0000 2017,@XboxSupport why can't I sign into my profile ye fuckin stupid cunts,815681,"@314228 Hey there, can you please DM us with a full description of the issue you  1 ^XS",private_account_investigation,escalate,rule_assisted_needs_sample_review,account_access_profile,0.617,semantic_prototype_weak_label
817781,817777,314779,Thu Oct 12 21:12:40 +0000 2017,@XboxSupport ??,817776,@314779 are having along with your Gamertag? Please include verbatims of any error you are seeing.  2 ^XS,private_account_investigation,escalate,rule_assisted_needs_sample_review,account_access_profile,0.505,semantic_prototype_weak_label
817781,817777,314779,Thu Oct 12 21:12:40 +0000 2017,@XboxSupport ??,817778,"@314779 Hey there, can you please DM us with a full description of the issue you  1 ^XS",private_account_investigation,escalate,rule_assisted_needs_sample_review,account_access_profile,0.505,semantic_prototype_weak_label
806711,806764,315129,Thu Oct 12 20:16:38 +0000 2017,@XboxSupport Does tagging not work? Why an instaban for a gamerpic incorrectly identified as offensive? Not my fault AI doesnt read different fonts well?,819145,@315129 code of conduct https://t.co/itURlVhmBR in all scenarios as it applies to all aspects of your account.  2 ^JL,enforcement_review,escalate,rule_assisted_needs_sample_review,safety_enforcement_security,0.331,semantic_prototype_weak_label
806711,806764,315129,Thu Oct 12 20:16:38 +0000 2017,@XboxSupport Does tagging not work? Why an instaban for a gamerpic incorrectly identified as offensive? Not my fault AI doesnt read different fonts well?,819148,"@315129 Hi there, we are not part of the Enforcement team, but we would recommend following the  1 ^JL",enforcement_review,escalate,rule_assisted_needs_sample_review,safety_enforcement_security,0.331,semantic_prototype_weak_label
806711,820329,315419,Thu Oct 12 20:34:17 +0000 2017,@XboxSupport I'm a forza 7 VIP owner,820328,"@315419 Hey there. Can you share you GT and when you purchased the membership? Happy to look into this.  ^IS
 https://t.co/3ZhVDWKaYU",public_documentation,auto_handle_candidate,rule_assisted_needs_sample_review,other_or_needs_context,0.389,semantic_prototype_weak_label
817781,817785,169374,Thu Oct 12 21:27:13 +0000 2017,@XboxSupport Y’all should make this an option to where we can change our password on the Xbox it self,820330,"@169374 Heya! If that is something you would like to see, you can let your voice be heard here: https://t.co/xzPtJXQjgy 
 ^RR",public_documentation,auto_handle_candidate,rule_assisted_needs_sample_review,account_access_profile,0.625,semantic_prototype_weak_label
806711,820827,315516,Thu Oct 12 20:51:43 +0000 2017,@290783 @XboxSupport Real shit it’s like I don’t have one and need a new sent to me ASAP,820825,@315516 A bit lost. Are you having an issue with an Xbox your using or wondering how to get access to a console?  ^IS,general_or_unclear_reply,review_required,rule_assisted_needs_sample_review,account_access_profile,0.454,semantic_prototype_weak_label
806711,820826,315516,Thu Oct 12 22:24:14 +0000 2017,@XboxSupport Nah I want an Xbox pls,820828,"@315516 Oh, we would not be able to gift items here, but you can check out prices for consoles here https://t.co/k6FUQ4ukmi ^JL",public_documentation,auto_handle_candidate,rule_assisted_needs_sample_review,other_or_needs_context,0.497,semantic_prototype_weak_label
806711,822403,315885,Thu Oct 12 21:38:47 +0000 2017,@XboxSupport Obviously but xbox is apart of this problem you for for hem and don’t understand that?,822401,@315885 Definitely understand. The proper teams are looking to address this but that page is going to keep you guys updated. ^IS,general_or_unclear_reply,review_required,rule_assisted_needs_sample_review,other_or_needs_context,0.531,semantic_prototype_weak_label
806711,806741,315885,Thu Oct 12 16:37:08 +0000 2017,@XboxSupport Can the dlc4 for infinite warfare please be fixed I have the season pass and it’s still asking me to pay,822404,"@315885 Hey, the publisher posted this regarding that issue https://t.co/yAC1uD9JMk. We recommend following up with them for updates. ^RM",public_documentation,auto_handle_candidate,rule_assisted_needs_sample_review,subscription_game_pass_gold,0.413,semantic_prototype_weak_label
822903,822903,316023,Thu Oct 12 22:52:46 +0000 2017,. @115787 @XboxSupport my Xbox One Day One just pooped. If this is a ploy to get me to really want an Xbox OneX... it is working #XboxOne,822901,@316023 Hi there! Can you describe exactly what your console is doing? We would be happy to help troubleshoot. ^JL,public_troubleshooting,auto_handle_candidate,rule_assisted_needs_sample_review,other_or_needs_context,0.506,semantic_prototype_weak_label
822903,822902,316023,Thu Oct 12 23:29:34 +0000 2017,@XboxSupport For sure -not turning on at all- faint restart sound (sometimes) then nada.  I troubleshoot the power brick but it kept a solid Amber lite,822904,"@316023 alrighty, are you able to test another power supply, a friend's or a local game store's?  ^JL",general_or_unclear_reply,review_required,rule_assisted_needs_sample_review,account_access_profile,0.396,semantic_prototype_weak_label
824269,824269,316348,Thu Oct 12 23:37:23 +0000 2017,"@XboxSupport Hey, I've had 3 dropped calls with your CS. Seriously now, please stop. I've also been talking for 1 hour with no fix",824268,@316348 Oh no. Definitely sorry to hear your getting disconnected. If unable to get it resolved can you dm your GT and what's going on? ^IS,general_or_unclear_reply,review_required,rule_assisted_needs_sample_review,other_or_needs_context,0.391,semantic_prototype_weak_label
806711,806736,316351,Thu Oct 12 23:25:06 +0000 2017,@XboxSupport I sent you a DM,824283,"@316351 it becomes available, reach out to our chat team for a refund.  2 ^CO",specialist_handoff,escalate,rule_assisted_needs_sample_review,account_access_profile,0.473,semantic_prototype_weak_label
806711,824284,316351,Fri Oct 13 01:09:24 +0000 2017,@XboxSupport Where's the chat team,824285,@316351 Sorry about that! You can reach out to the chat team here: https://t.co/aWWrMN54Vu ^RR,specialist_handoff,escalate,rule_assisted_needs_sample_review,other_or_needs_context,0.407,semantic_prototype_weak_label
806711,806736,316351,Thu Oct 12 23:25:06 +0000 2017,@XboxSupport I sent you a DM,824286,"@316351 Hello, the content isn't available yet, stay updated here https://t.co/yAC1uD9JMk Also, when  1 ^CO",public_documentation,auto_handle_candidate,rule_assisted_needs_sample_review,account_access_profile,0.473,semantic_prototype_weak_label
825284,825284,316548,Thu Oct 12 23:57:47 +0000 2017,@XboxSupport does the server still has issues or why do i get error with a 360 purchase? neither paypal or debit card work,825283,@316548 Hey there. Can you dm your GT and the console/device your trying to purchase on specifically and what happens when you try? ^IS,public_troubleshooting,auto_handle_candidate,rule_assisted_needs_sample_review,account_access_profile,0.506,semantic_prototype_weak_label
826051,826051,316740,Fri Oct 13 00:11:04 +0000 2017,@XboxSupport I'm having an issue where it's saying I need to have Xbox gold to start a party even tho I'm subscribed to gold till next year,826050,"@316740 Hello, thanks for reaching out to us. Can you DM us your gamertag so we can look into this further? ^CO",private_account_investigation,escalate,rule_assisted_needs_sample_review,subscription_game_pass_gold,0.545,semantic_prototype_weak_label
826779,826779,316939,Fri Oct 13 00:52:21 +0000 2017,@XboxSupport The gamertag Kakashi isn’t coming up when I search it but I can’t change my gamertag to it?,826777,"@316939 Greetings! If a gamertag is being used or is not available then you would need to select a new name for your gamertag.
 ^RR",private_account_investigation,escalate,rule_assisted_needs_sample_review,account_access_profile,0.431,semantic_prototype_weak_label
806711,806726,317310,Thu Oct 12 18:05:38 +0000 2017,@XboxSupport I just want my account to be unbanned I can't send a forum so can I just explain the reason on why I'm banned through the dm,828247,"@317310 Heya! To view enforcement actions you can go here: https://t.co/JXq4oCmI9s and if eligible you can submit a case review.
 ^RR",enforcement_review,escalate,rule_assisted_needs_sample_review,safety_enforcement_security,0.573,semantic_prototype_weak_label
829653,829646,317577,Fri Oct 13 02:16:40 +0000 2017,@317579  https://t.co/qLCq3RDwIs,829644,"@317577 Hello, everyone gets the standard game, once it launches, all the extra cool stuff comes with it. Let us know if it doesn't. ^CO",general_or_unclear_reply,review_required,rule_assisted_needs_sample_review,account_access_profile,0.173,semantic_prototype_weak_label
829653,829645,317578,Fri Oct 13 03:25:48 +0000 2017,@XboxSupport @317577 Same thing is happening to me to,829647,@317578 Hello! You should be able to access and play the game know let us know if you are unable to.   ^RR,general_or_unclear_reply,review_required,rule_assisted_needs_sample_review,account_access_profile,0.585,semantic_prototype_weak_label
830884,830884,317856,Fri Oct 13 02:35:25 +0000 2017,@XboxSupport when can I start playing wwe 2k18 ?,830883,@317856 Hi there! If you check here https://t.co/Wsr5kYqICq you should be able to see a start time for that version. ^JL,public_documentation,auto_handle_candidate,rule_assisted_needs_sample_review,other_or_needs_context,0.348,semantic_prototype_weak_label
831657,831655,318057,Fri Oct 13 04:50:53 +0000 2017,@XboxSupport I've done that but nothing happened he just keeps doing it,831652,@318057 Rest assured the Enforcement Team reviews all reports and then takes the appropriate action needed.   ^RR,enforcement_review,escalate,rule_assisted_needs_sample_review,safety_enforcement_security,0.414,semantic_prototype_weak_label
831657,831657,318057,Fri Oct 13 04:36:43 +0000 2017,Hello I'm playing on my Xbox 360 and the gamertag RxD Officials keeps hitting me off everytime I get on and I need help @XboxSupport,831656,@318057 Hello! You can find more info on reporting users on Xbox Live here: https://t.co/ZMbSjhKHeI ^RR,needs_more_context,escalate,rule_assisted_needs_sample_review,account_access_profile,0.471,semantic_prototype_weak_label
817781,817788,319942,Fri Oct 13 01:36:12 +0000 2017,@XboxSupport Hey can you guys hurry and fix the sighn in issue it still isn’t working 100%,840309,"@319942 Hello, can you DM us your gamertag so we can look into this further? ^CO",private_account_investigation,escalate,rule_assisted_needs_sample_review,account_access_profile,0.466,semantic_prototype_weak_label
850781,850776,322118,Fri Oct 20 02:29:04 +0000 2017,@XboxSupport  https://t.co/EzaiBhCq8A,850775,@322118 Network&gt;Network Statistics  ? Let's have you clear cache: https://t.co/lWYI9SC3VD &amp; reboot your router/modem.  2 ^ZM,public_documentation,auto_handle_candidate,rule_assisted_needs_sample_review,other_or_needs_context,0.445,semantic_prototype_weak_label
850781,850781,322118,Sat Oct 14 22:00:40 +0000 2017,"@XboxSupport Lately I have had trouble in multiplayer once I get on a game it kicks me out and says ""UI error 60650"".Im on xbox360",850778,@322118 Heya! Would you mind DM'ing us a photo of the entire error screen? ^JL,visual_evidence_required,escalate,rule_assisted_needs_sample_review,account_access_profile,0.470,semantic_prototype_weak_label
850781,850776,322118,Fri Oct 20 02:29:04 +0000 2017,@XboxSupport  https://t.co/EzaiBhCq8A,850777,@322118 Gotcha. Can you please send us your Xbox 360 network stats:  Settings&gt;System&gt;Network Settings&gt;Your  1 ^ZM,public_troubleshooting,auto_handle_candidate,rule_assisted_needs_sample_review,other_or_needs_context,0.445,semantic_prototype_weak_label
852357,852357,322491,Fri Oct 20 04:24:18 +0000 2017,"This new update has killed 2 of my Xbox one consoles. I've tried all fixes....

And I'm getting NO HELP from

@XboxSupport https://t.co/4KmCiReiqU",852356,@322491 Hi there! You can find the Australian phone support number here https://t.co/i585grksEP ^JS,public_documentation,auto_handle_candidate,rule_assisted_needs_sample_review,account_access_profile,0.485,semantic_prototype_weak_label
806711,806774,322767,Fri Oct 20 04:48:36 +0000 2017,@XboxSupport My Xbox isn’t detecting my network but I’m sure my wifi is working?,853561,"@322767 here https://t.co/K9uQAXh0DA and at step seven select ""Reset and keep my games &amp; apps""  2 ^JS",public_documentation,auto_handle_candidate,rule_assisted_needs_sample_review,connectivity_xbox_live,0.407,semantic_prototype_weak_label
806711,806774,322767,Fri Oct 20 04:48:36 +0000 2017,@XboxSupport My Xbox isn’t detecting my network but I’m sure my wifi is working?,853563,@322767 Hi there! Could you try soft factory resetting your console by following the steps  1 ^JS,public_troubleshooting,auto_handle_candidate,rule_assisted_needs_sample_review,connectivity_xbox_live,0.407,semantic_prototype_weak_label
863765,863761,325124,Tue Nov 21 02:32:11 +0000 2017,"@XboxSupport Just did all this and still getting the same outcome.
I bought it yesterday but online banking says payment is pending. Could that be why?",863759,"@325124 That might be an issue, have you reached out to your bank to be sure they are letting the charge go through? ^JL",general_or_unclear_reply,review_required,rule_assisted_needs_sample_review,account_access_profile,0.432,semantic_prototype_weak_label
863765,863760,325124,Wed Nov 22 03:51:46 +0000 2017,"@XboxSupport Payment has now gone through, redid all the steps and still not working!",863762,"@325124 Since the payment went through, let's remove the profile and power cycle the console one more time. ^JL",public_troubleshooting,auto_handle_candidate,rule_assisted_needs_sample_review,account_access_profile,0.545,semantic_prototype_weak_label
863765,863765,325124,Mon Nov 20 08:56:45 +0000 2017,"@XboxSupport bought gold, still saying I need gold to play. I’ve tried turning on/off,  signing in/out &amp; restarting game. Help? https://t.co/82jpfRiKja",863764,"@325124 Hi there, if you remove profile: https://t.co/zJxn1F3PZB power cycle: https://t.co/QENEhDs7tB your Xbox One console and router/modem, and sign back in, does that change what you're experiencing? ^ZM",public_documentation,auto_handle_candidate,rule_assisted_needs_sample_review,account_access_profile,0.501,semantic_prototype_weak_label
863768,863768,325125,Tue Nov 21 02:38:52 +0000 2017,@XboxSupport so I'm trying to find the Rogers Anyplace TV app but can't seem to locate it in the store. I know it exists tho.... https://t.co/IuaOcbvkNN,863766,@325125 Hello! Would you mind sending us a picture of what you see when searching for the app in the Xbox Store?  ^RR,visual_evidence_required,escalate,rule_assisted_needs_sample_review,how_to_product_information,0.256,semantic_prototype_weak_label
865062,865062,325454,Fri Oct 20 12:57:51 +0000 2017,@XboxSupport my xbox 360 wont connect to internet,865060,"@325454 Hi, what type of internet source are you using? ^RM",general_or_unclear_reply,review_required,rule_assisted_needs_sample_review,account_access_profile,0.545,semantic_prototype_weak_label
866674,866674,197753,Fri Oct 13 04:02:55 +0000 2017,"@XboxSupport Xbox One Achievements Notification's setting's: Default, 15 sec, 30 sec, 1 min, 5 min. Does the default shut off the pop-up?.",866672,"@197753 Hey, it should not shut off the pop-up. ^RM",general_or_unclear_reply,review_required,rule_assisted_needs_sample_review,other_or_needs_context,0.258,semantic_prototype_weak_label
866674,866673,197753,Fri Oct 13 15:55:45 +0000 2017,@XboxSupport Well it's not popping up any achievements that I get. It's happening both with Game of Thrones and Tom Clancy's Ghost recon wildlands.,866675,@197753 redownload your profile and see if this fixes the issue?  2 ^JS,general_or_unclear_reply,review_required,rule_assisted_needs_sample_review,account_access_profile,0.279,semantic_prototype_weak_label
866674,866673,197753,Fri Oct 13 15:55:45 +0000 2017,@XboxSupport Well it's not popping up any achievements that I get. It's happening both with Game of Thrones and Tom Clancy's Ghost recon wildlands.,866676,"@197753 Gotcha, could you remove your profile https://t.co/zJxn1EMf83, power cycle https://t.co/QENEhDawC3 &amp;  1 ^JS",public_documentation,auto_handle_candidate,rule_assisted_needs_sample_review,account_access_profile,0.279,semantic_prototype_weak_label
866898,866897,325841,Fri Oct 20 07:31:17 +0000 2017,@XboxSupport Your useless jobs!!,866894,"@325841 Hi, we're unable to troubleshoot under threat of legal action. You can reach our legal team: https://t.co/bh9XXqv0kc   ^ZM",public_documentation,auto_handle_candidate,rule_assisted_needs_sample_review,other_or_needs_context,0.398,semantic_prototype_weak_label
868780,868780,326284,Fri Oct 13 05:00:43 +0000 2017,@XboxSupport how do I get the update,868778,"@326284 Hi! If you're in the preview program, the preview forums should have some more info. https://t.co/ivKG1xJts9 ^TJ",needs_more_context,escalate,rule_assisted_needs_sample_review,other_or_needs_context,0.485,semantic_prototype_weak_label
868804,868804,326289,Fri Oct 13 04:25:33 +0000 2017,"@XboxSupport why won't it finish updating, it's been stuck there for a hour now???? https://t.co/oHERjNLl8g",868803,"@326289 Hey there, sorry that we missed you we closed for the night, good news though we are  1 ^XS",general_or_unclear_reply,review_required,rule_assisted_needs_sample_review,other_or_needs_context,0.472,semantic_prototype_weak_label
868804,868804,326289,Fri Oct 13 04:25:33 +0000 2017,"@XboxSupport why won't it finish updating, it's been stuck there for a hour now???? https://t.co/oHERjNLl8g",868805,"@326289 back, and would love to help if you are still experiencing an issue please let us know.  2 ^XS",general_or_unclear_reply,review_required,rule_assisted_needs_sample_review,other_or_needs_context,0.472,semantic_prototype_weak_label
868834,868834,315126,Fri Oct 13 03:31:52 +0000 2017,@XboxSupport about my update problem I kept asking the tech support if my games would delete off my external and he didn’t answer me,868833,"@315126 I see. When you can, we recommend heading over to the preview forums to take a deeper look into this 1/2 ^TJ",general_or_unclear_reply,review_required,rule_assisted_needs_sample_review,other_or_needs_context,0.509,semantic_prototype_weak_label
869245,869245,184802,Fri Oct 20 04:16:09 +0000 2017,@XboxSupport my Xbox One has randomly turned itself on several times today. This has been going on for weeks. What’s the fix?,869243,"@184802 Also, what power mode: https://t.co/Cic0PpXZHa are you using and about how often does this occur?  2 ^ZM",public_documentation,auto_handle_candidate,rule_assisted_needs_sample_review,account_access_profile,0.434,semantic_prototype_weak_label
869245,869244,184802,Fri Oct 20 17:12:14 +0000 2017,@XboxSupport I’ve tried both modes. Happens either way. Started itself at least four times yesterday.,869246,@184802 wall outlet. Are you able to try that and see if this issue still occurs?  2 ^ZM,public_troubleshooting,auto_handle_candidate,rule_assisted_needs_sample_review,account_access_profile,0.453,semantic_prototype_weak_label
869245,869248,184802,Fri Oct 20 21:10:39 +0000 2017,@XboxSupport Thanks. I’ll give it a try.,869249,"@184802 You are welcome, let us know if these steps resolve the issue. ^RM",public_troubleshooting,auto_handle_candidate,rule_assisted_needs_sample_review,account_access_profile,0.508,semantic_prototype_weak_label
869245,869244,184802,Fri Oct 20 17:12:14 +0000 2017,@XboxSupport I’ve tried both modes. Happens either way. Started itself at least four times yesterday.,869247,@184802 Thanks for that info. It's recommend that you connect your Xbox One console directly to a  1 ^ZM,general_or_unclear_reply,review_required,rule_assisted_needs_sample_review,account_access_profile,0.453,semantic_prototype_weak_label
869245,869245,184802,Fri Oct 20 04:16:09 +0000 2017,@XboxSupport my Xbox One has randomly turned itself on several times today. This has been going on for weeks. What’s the fix?,869250,"@184802 Hi there, is your Xbox One console connected to a wall outlet or power strip?  1 ^ZM",general_or_unclear_reply,review_required,rule_assisted_needs_sample_review,account_access_profile,0.434,semantic_prototype_weak_label
869255,869255,326394,Fri Oct 20 06:36:26 +0000 2017,"@XboxSupport Whoever owns the gamertag ""DMF Melodies"" is being paid to hit people offline and DDOS. its happened to me and people i know.",869254,"@326394 Hello, you can refer to this guide here for filing a complaint against a player https://t.co/ZMbSjht6na. ^RM",public_documentation,auto_handle_candidate,rule_assisted_needs_sample_review,safety_enforcement_security,0.430,semantic_prototype_weak_label
870580,870580,326709,Fri Oct 20 17:10:43 +0000 2017,@XboxSupport Just got the fall update and the startup chime is back when I turn on my Xbox One even though it's set to off. Any ideas?,870578,@326709 toggled off. Then try a power cycle: https://t.co/QENEhDawC3 of your console &amp; router/modem. Any change?  2 ^ZM,public_documentation,auto_handle_candidate,rule_assisted_needs_sample_review,account_access_profile,0.407,semantic_prototype_weak_label
870580,870579,326709,Fri Oct 20 20:47:23 +0000 2017,"@XboxSupport No dice. Even tried toggling it back on, restarting, toggling off, and restarting again. Seems like the setting broke with this release.",870581,"@326709 Okay, if you want, you can try re-adding your profile to the console using these steps https://t.co/O64xh8tIC8. ^RM",public_documentation,auto_handle_candidate,rule_assisted_needs_sample_review,other_or_needs_context,0.380,semantic_prototype_weak_label
870580,870582,326709,Mon Oct 23 21:49:24 +0000 2017,@XboxSupport Nope. Still hearing the startup sound.,870583,@326709 Thanks for testing. Would you be able to send us a DM with your Gamertag &amp; the current OS Version: https://t.co/r74WEost0E ? ^EZ,private_account_investigation,escalate,rule_assisted_needs_sample_review,other_or_needs_context,0.422,semantic_prototype_weak_label
870580,870580,326709,Fri Oct 20 17:10:43 +0000 2017,@XboxSupport Just got the fall update and the startup chime is back when I turn on my Xbox One even though it's set to off. Any ideas?,870584,"@326709 Hi there, please go to Settings&gt;Power &amp; Startup&gt;Power mode &amp; startup&gt;Startup chime and make sure it's  1 ^ZM",public_troubleshooting,auto_handle_candidate,rule_assisted_needs_sample_review,account_access_profile,0.407,semantic_prototype_weak_label
870624,870624,326720,Fri Oct 13 07:05:01 +0000 2017,I GOT A QUESTION @XboxSupport,870622,"@326720 Hi, how can we assist you? ^RM",general_or_unclear_reply,review_required,rule_assisted_needs_sample_review,other_or_needs_context,0.562,semantic_prototype_weak_label
870624,870623,326720,Fri Oct 13 20:26:51 +0000 2017,"@XboxSupport Ok well I got communication banned 2 months ago, I’m just wondering why I’m still communication banned",870625,"@326720 We can't speculate on enforcement actions, you are welcome to submit a case review here https://t.co/aM24FiIcML ^RM",enforcement_review,escalate,rule_assisted_needs_sample_review,safety_enforcement_security,0.512,semantic_prototype_weak_label
870661,870661,326730,Fri Oct 13 05:06:47 +0000 2017,@XboxSupport Cancelled auto renewal for EA Access a couple of days back still you charged me! Order ID: 56__credit_card__ Please refund!,870659,"@326730 Hey there, for all refund requests and cancellations you will want to contact our chat team here: https://t.co/lUV7XYl61S ^XS",specialist_handoff,escalate,rule_assisted_needs_sample_review,billing_codes_refunds,0.494,semantic_prototype_weak_label
881729,881729,208800,Fri Oct 13 12:13:08 +0000 2017,@XboxSupport is their any word on project cars 2 patch...it's been out on pc/ps4 for 3 days already this is ridiculous....,881728,"@208800 Hi there. Afraid we wouldn't have any insight into this. For more info, we recommend reaching out to 1/2  ^TJ",needs_more_context,escalate,rule_assisted_needs_sample_review,other_or_needs_context,0.362,semantic_prototype_weak_label
882979,882979,329678,Fri Oct 20 18:33:52 +0000 2017,@38953 Will you launch Xbox servers?,882978,@329678 don't have any news on that but https://t.co/qus8onLJeA and https://t.co/OXio35tqGR would have updates if available.  2 ^ZM,public_documentation,auto_handle_candidate,rule_assisted_needs_sample_review,other_or_needs_context,0.474,semantic_prototype_weak_label
882979,882979,329678,Fri Oct 20 18:33:52 +0000 2017,@38953 Will you launch Xbox servers?,882980,"@329678 Hi there, to clarify, what games are you referring to in regards to server renting? We  1 ^ZM",needs_more_context,escalate,rule_assisted_needs_sample_review,other_or_needs_context,0.474,semantic_prototype_weak_label
806711,806749,328295,Fri Oct 13 15:25:37 +0000 2017,@XboxSupport Here's my tweet from t'other day: https://t.co/m6QZ41hXR2,883806,"@328295 Hey there, to clarify, you took an update and loss some progress in a game? ^XS",needs_more_context,escalate,rule_assisted_needs_sample_review,other_or_needs_context,0.399,semantic_prototype_weak_label
884564,884564,165997,Fri Oct 20 22:27:39 +0000 2017,For @38982  please can you look into why streams are in mono when streaming from the xbox? @xboxsupport,884562,@165997 Hey there! Would you mind following us and sending a DM when you are so we can gather more info?   ^RR,private_account_investigation,escalate,rule_assisted_needs_sample_review,connectivity_xbox_live,0.390,semantic_prototype_weak_label
886794,886794,330554,Fri Oct 20 22:29:16 +0000 2017,@XboxSupport my console updated and my games are not showing.i can launch them just not see them any help. https://t.co/VIiqo2ks5D,886793,@330554 Hello! Would you mind following us and sending a DM with your gamertag and what games you are unable to access? ^RR,private_account_investigation,escalate,rule_assisted_needs_sample_review,other_or_needs_context,0.412,semantic_prototype_weak_label
887543,887539,330731,Fri Oct 20 22:25:16 +0000 2017,@XboxSupport No dice. Still coming up Installation Stopped. 😕 Anything up with the marketplace perhaps?,887536,@330731 oh no! :( Can we get you to reach out to the chat team https://t.co/lUV7XYCGTq so that they may be able to look deeper? ^JS,specialist_handoff,escalate,rule_assisted_needs_sample_review,other_or_needs_context,0.492,semantic_prototype_weak_label
887543,887543,330731,Fri Oct 20 21:47:20 +0000 2017,@XboxSupport @115786 Unable to install anything right now. Keeps popping up Installation Stopped. 4.6 TB space left. What gives? 😕 https://t.co/62pDCrFgRv,887542,"@330731 steps here https://t.co/K9uQAXh0DA and at step seven select ""Reset and keep my games &amp; apps""  2 ^JS",public_documentation,auto_handle_candidate,rule_assisted_needs_sample_review,other_or_needs_context,0.382,semantic_prototype_weak_label
887548,887548,330733,Fri Oct 20 22:14:49 +0000 2017,@XboxSupport  status says it's ok when it's not 3:  you removed the related tab on 360 4: problems  getting messages on 360 ugh,887545,@330733 Oh no! Is there any clarification you can give so we may be able to support you better? ^JS,general_or_unclear_reply,review_required,rule_assisted_needs_sample_review,other_or_needs_context,0.481,semantic_prototype_weak_label
887548,887546,330733,Wed Oct 25 08:11:20 +0000 2017,@XboxSupport  https://t.co/6AJnmpOHjA,887549,@330733 Thanks for clarifying! The proper teams are aware of the Smartglass issue and are looking into it currently - thanks for… ^QZ,needs_more_context,escalate,rule_assisted_needs_sample_review,other_or_needs_context,0.436,semantic_prototype_weak_label
888660,888660,330980,Fri Oct 20 22:51:56 +0000 2017,@XboxSupport is there a way to remove the horrible interface @115890 just put on @115786 and go back to the one that was functional?,888658,@330980 Hi there! Be sure to check out this great video that goes through the new update: https://t.co/qQyUc9ql7T ^BL,visual_evidence_required,escalate,rule_assisted_needs_sample_review,other_or_needs_context,0.328,semantic_prototype_weak_label
889007,889007,331065,Fri Oct 13 15:59:44 +0000 2017,"@XboxSupport Just installing WWE 2K18. It stopped on 70% when trying online. Switched to offline and it installed within 30 mins.

Now it says the game needs an update, which has to be done online. It's at 1% after 15 mins. Is there a quicker way?",889006,"@331065 Hi there! Let's check out our guide here for this install issue that you're seeing https://t.co/hU7IFbIJib
 ^TJ",public_documentation,auto_handle_candidate,rule_assisted_needs_sample_review,game_content_download,0.279,semantic_prototype_weak_label
890045,890045,331292,Fri Oct 20 22:00:50 +0000 2017,@135958 @117331 @XboxSupport @115787 @15913 @153293 why are UHD movies not available in the UK Microsoft marketplace?,890043,"@331292 Hi there, we're afraid the availability of UHD movies in the Movies &amp; TV app can differ based on the movie and region. ^ZM",general_or_unclear_reply,review_required,rule_assisted_needs_sample_review,how_to_product_information,0.336,semantic_prototype_weak_label
891152,891149,331594,Fri Oct 20 23:32:54 +0000 2017,@331595 @XboxSupport @39211 @39212 @39213 @331596 DEINE MUM PFEIFT IN DER KREISLIGA WARUM IST DAS SO LUSTIG 😂😂😂😂,891148,@331594 Hi there! We're actually an English speaking support channel. To continue in your native language you can here 1 ^JS,general_or_unclear_reply,review_required,rule_assisted_needs_sample_review,billing_codes_refunds,0.123,semantic_prototype_weak_label
891684,891684,331740,Fri Oct 13 17:16:03 +0000 2017,@XboxSupport Bjr juste pour savoir si ma manette élite est garantie j'ai un problème un une des gâchettes,891683,"@331740 Hello there! We are an English only support channel, if you are able to translate for us we would be more than  1 ^XS",general_or_unclear_reply,review_required,rule_assisted_needs_sample_review,account_access_profile,0.131,semantic_prototype_weak_label
892151,892151,330732,Fri Oct 20 22:35:24 +0000 2017,"@XboxSupport Cant reinstall a game i wanna play again after the update, cause it always says: installation has stopped. why?",892150,@330732 Hi there! Mind sending us a direct message with your Gamertag so we can further assist? ^JA,private_account_investigation,escalate,rule_assisted_needs_sample_review,account_access_profile,0.464,semantic_prototype_weak_label
893863,893863,332235,Fri Oct 20 19:02:53 +0000 2017,"@XboxSupport We’ve been waiting for years now. If the controllers can connect wirelessly, so can headphones.... https://t.co/e3KraGuKco",893862,"@332235 Hi there! Thanks for sending us this feedback. If you like, you can post this feedback here: https://t.co/Ub2WjDyEcS  ^JA",public_documentation,auto_handle_candidate,rule_assisted_needs_sample_review,other_or_needs_context,0.352,semantic_prototype_weak_label
893895,893895,332245,Fri Oct 20 18:38:48 +0000 2017,@XboxSupport hiya I can’t message people my Xbox I’m not ban my GT HolyTrashBoat,893894,@332245 Hi there! Let's have you follow the steps in the guide here: https://t.co/4BJnF4h6oT ^JA,public_documentation,auto_handle_candidate,rule_assisted_needs_sample_review,account_access_profile,0.484,semantic_prototype_weak_label
893898,893898,140282,Fri Oct 20 18:57:23 +0000 2017,@XboxSupport Worst customer service ever recently made an accidental order of $400 and no refund with my car payment coming up....,893896,"@140282 Hi there! That's no good, were you able to check in with the chat team here: https://t.co/lUV7XYl61S to look into this?  ^BL",specialist_handoff,escalate,rule_assisted_needs_sample_review,billing_codes_refunds,0.485,semantic_prototype_weak_label
893898,893897,140282,Sat Oct 21 00:50:42 +0000 2017,@XboxSupport Yes they said they couldn't do anything even though I've spent thousands on xbox and have been with you guys since the start,893899,"@140282 Sorry to hear that, that decision is ultimately up to them though and we are not able to bypass that decision.  ^BL",general_or_unclear_reply,review_required,rule_assisted_needs_sample_review,other_or_needs_context,0.532,semantic_prototype_weak_label
893898,893900,332246,Mon Oct 23 06:27:47 +0000 2017,@140282 @XboxSupport I have a recording of beyond killing admitting he made that purchase and disputed w bank 2 get money back. Fraud,893901,@332246 report that user directly via the console: https://t.co/EFXCSgvFhN so that the enforcement team is aware. 2 ^EZ,enforcement_review,escalate,rule_assisted_needs_sample_review,safety_enforcement_security,0.412,semantic_prototype_weak_label
893898,893900,332246,Mon Oct 23 06:27:47 +0000 2017,@140282 @XboxSupport I have a recording of beyond killing admitting he made that purchase and disputed w bank 2 get money back. Fraud,893902,@332246 If you see any accounts that are violating the Code of Conduct: https://t.co/WeIlK8EVEL then please be sure to 1 ^EZ,enforcement_review,escalate,rule_assisted_needs_sample_review,safety_enforcement_security,0.412,semantic_prototype_weak_label
806711,895508,332640,Fri Oct 13 19:02:23 +0000 2017,@XboxSupport What happens after,895510,"@332640 Afterwards, the proper teams will review your submission then make the decision to uphold or overturn the suspension 1/2 ^TJ",enforcement_review,escalate,rule_assisted_needs_sample_review,other_or_needs_context,0.478,semantic_prototype_weak_label
806711,895512,332640,Fri Oct 13 20:01:16 +0000 2017,@XboxSupport So I'm not permanently banned I'm just still suspended I'll deal with us suspension I just do not want to be banned,895514,@332640 You will want to check out the case review option if you are eligible.  ^BL,enforcement_review,escalate,rule_assisted_needs_sample_review,safety_enforcement_security,0.548,semantic_prototype_weak_label
806711,895516,332640,Fri Oct 13 17:44:27 +0000 2017,@XboxSupport But why is that a rule in the first place why do they allow people to report me for saying something people can easily take advantage of it,895509,"@332640 Hi there. We're actually separate from the enforcement team &amp; couldn't provide info on their actions. Recommend 1/2
 ^TJ",enforcement_review,escalate,rule_assisted_needs_sample_review,safety_enforcement_security,0.484,semantic_prototype_weak_label
895631,895631,332677,Fri Oct 20 21:52:53 +0000 2017,"@XboxSupport help pls. Tried to update my controller, but the update failed and now my controller won’t turn on. It’s been like 15 minutes.",895630,@332677 Hi there! Have you been able to work through the steps here: https://t.co/mWmWe6zlAp ^BL,public_documentation,auto_handle_candidate,rule_assisted_needs_sample_review,account_access_profile,0.452,semantic_prototype_weak_label
887543,887543,330731,Fri Oct 20 21:47:20 +0000 2017,@XboxSupport @115786 Unable to install anything right now. Keeps popping up Installation Stopped. 4.6 TB space left. What gives? 😕 https://t.co/62pDCrFgRv,887544,@330731 Thanks for reaching out! Could you try soft factory resetting your console by following the  1 ^JS,public_troubleshooting,auto_handle_candidate,rule_assisted_needs_sample_review,other_or_needs_context,0.382,semantic_prototype_weak_label
898478,898476,333351,Sat Oct 21 03:46:41 +0000 2017,@XboxSupport Wow this was a joke but thanks,898475,"@333351 You're very welcome. If you come across any other videos like this, feel free to forward them our way.  ^JA",visual_evidence_required,escalate,rule_assisted_needs_sample_review,other_or_needs_context,0.467,semantic_prototype_weak_label
898478,898478,333351,Sat Oct 21 00:08:29 +0000 2017,I need some help. @115787 @XboxSupport I think my Xbox has a virus. https://t.co/dL3lzJ9jG7,898477,@333351 Hi there. Thanks for sending us this video &amp; feedback. We're going to look into this issue a little further. ^JA,visual_evidence_required,escalate,rule_assisted_needs_sample_review,account_access_profile,0.596,semantic_prototype_weak_label
891684,891685,331740,Fri Oct 13 18:06:45 +0000 2017,@XboxSupport I got an problems with my pad it's any garanties with you or do I have to see with my provider.,899074,@331740 issues getting this done please reach out to our phone team here: https://t.co/lUV7XYl61S for further assistance.  2 ^XS,public_documentation,auto_handle_candidate,rule_assisted_needs_sample_review,account_access_profile,0.477,semantic_prototype_weak_label
891684,891685,331740,Fri Oct 13 18:06:45 +0000 2017,@XboxSupport I got an problems with my pad it's any garanties with you or do I have to see with my provider.,899075,@331740 You can register your device here: https://t.co/v9YfjCym1O and check for warranty and repair options. If you have any  1 ^XS,repair_or_warranty_process,escalate,rule_assisted_needs_sample_review,account_access_profile,0.477,semantic_prototype_weak_label
899094,899093,219681,Sat Oct 21 02:22:14 +0000 2017,@XboxSupport !!!!!,899092,@219681 Hello! You can go to Settings&gt; System&gt; Backup &amp; Transfer to find that setting.  ^RR,public_troubleshooting,auto_handle_candidate,rule_assisted_needs_sample_review,account_access_profile,0.468,semantic_prototype_weak_label
899099,899096,333476,Sat Oct 21 02:02:43 +0000 2017,@XboxSupport There isn't even a way to see what the tax is.,899095,@333476 The tax for this item may vary depending on the region in which you are located.  ^JA,general_or_unclear_reply,review_required,rule_assisted_needs_sample_review,billing_codes_refunds,0.417,semantic_prototype_weak_label
899099,899099,333476,Sat Oct 21 00:10:39 +0000 2017,@xboxsupport I have a $50 gift card but the game I want is $50+tax. What do I do?,899097,@333476 Hello! You would need to pay the difference to purchase the game.   ^RR,general_or_unclear_reply,review_required,rule_assisted_needs_sample_review,subscription_game_pass_gold,0.423,semantic_prototype_weak_label
903420,903420,334476,Sat Oct 21 00:08:59 +0000 2017,"@XboxSupport Guys I'm having major issues installing games on my Xbox One, Keep getting Installation stopped, but there's space on drive",903418,"@334476 Hello! Xbox Live Services are currently experiencing issues. You can stay up to date here: https://t.co/NSXOiTMoQ9 
 ^RR",public_documentation,auto_handle_candidate,rule_assisted_needs_sample_review,account_access_profile,0.366,semantic_prototype_weak_label
905636,905636,334997,Sat Oct 21 00:57:27 +0000 2017,@XboxSupport my Xbox one S can’t update a game. It stops installing after 5 seconds.,905635,"@334997 Hello! Xbox Live Services are currently experiencing issues. You can stay up to date here: https://t.co/NSXOiTMoQ9 
 ^RR",public_documentation,auto_handle_candidate,rule_assisted_needs_sample_review,account_access_profile,0.443,semantic_prototype_weak_label
905993,905991,335092,Fri Oct 13 17:58:52 +0000 2017,"@161810 I've checked and no, and even if I was suspended it would have been an error. I still can't access online",905990,"@335092 We'd be happy to help, but we could use more info. Could you follow &amp; DM @Xboxsupport with your Gamertag &amp; some details? ^EZ",private_account_investigation,escalate,rule_assisted_needs_sample_review,safety_enforcement_security,0.374,semantic_prototype_weak_label
907981,907981,335610,Fri Oct 13 18:40:19 +0000 2017,@XboxSupport I can’t sign into my account because after I got that update yesterday my key board won’t pop up,907980,"@335610 We'd be happy to help, but could use more info. Could you follow &amp; DM @Xboxsupport with your Gamertag &amp; some details? ^EZ",private_account_investigation,escalate,rule_assisted_needs_sample_review,account_access_profile,0.659,semantic_prototype_weak_label
907995,907994,310757,Fri Oct 13 17:19:17 +0000 2017,@115786 I would love to play my games by my Xbox one has the E100 error after the most recent update..,907993,"@310757 Hi there! For more insight into this, we recommend heading over to the preview forums https://t.co/ivKG1xJts9 ^TJ",public_documentation,auto_handle_candidate,rule_assisted_needs_sample_review,other_or_needs_context,0.420,semantic_prototype_weak_label
911316,911316,186517,Fri Oct 13 19:20:46 +0000 2017,@XboxSupport @129773 why doesn't the app load on Xbox one ?,911315,@186517 are having along with your Gamertag? Please include verbatims of any error you are seeing.  2 ^XS,private_account_investigation,escalate,rule_assisted_needs_sample_review,account_access_profile,0.476,semantic_prototype_weak_label
911316,911316,186517,Fri Oct 13 19:20:46 +0000 2017,@XboxSupport @129773 why doesn't the app load on Xbox one ?,911317,"@186517 Hey there, can you please DM us with a full description of the issue you  1 ^XS",private_account_investigation,escalate,rule_assisted_needs_sample_review,account_access_profile,0.476,semantic_prototype_weak_label
913295,913295,336898,Fri Oct 13 19:10:47 +0000 2017,This is uncalled for and it is very offensive @XboxSupport. @125965 this is what I get all the time but this is the most disgusting thing I have ever heard. https://t.co/X0lqa2IH8C,913293,@336898 If you see any accounts that are violating the Code of Conduct: https://t.co/WeIlK8EVEL then be sure to 1 ^EZ,enforcement_review,escalate,rule_assisted_needs_sample_review,safety_enforcement_security,0.340,semantic_prototype_weak_label
913295,913294,332245,Fri Oct 13 20:34:28 +0000 2017,@XboxSupport @336898 What a dick,913296,@332245 Hi there! Let's check out our guide here for this disconnection issue that you're seeing https://t.co/fHCPjSHTH7  ^TJ,public_documentation,auto_handle_candidate,rule_assisted_needs_sample_review,account_access_profile,0.444,semantic_prototype_weak_label
913303,913303,336901,Fri Oct 13 19:37:05 +0000 2017,"@XboxSupport sort Microsoft edge out! Everyone's complaining that you can't watch a video without it shutting down, why's there no fix yet?",913302,@336901 Hi there! Can you let us know the site you are seeing this happen with?  ^BL,general_or_unclear_reply,review_required,rule_assisted_needs_sample_review,other_or_needs_context,0.381,semantic_prototype_weak_label
915985,915985,337480,Fri Oct 13 19:12:32 +0000 2017,@XboxSupport can you guys help out my friend @39973 ???,915984,@337480 We'd be happy to help this friend! Would they be able to Tweet us directly for assistance? ^EZ,general_or_unclear_reply,review_required,rule_assisted_needs_sample_review,other_or_needs_context,0.499,semantic_prototype_weak_label
919931,919931,338363,Fri Oct 13 20:27:38 +0000 2017,@XboxSupport @152814 My Minecraft Xbox One DLC’s did not transfer over to the bedrock edition?,919929,"@338363 Hi there! We'd be happy to help with this. Could you follow us back &amp; DM your GamerTag when you get a chance? 
 ^TJ",private_account_investigation,escalate,rule_assisted_needs_sample_review,account_access_profile,0.402,semantic_prototype_weak_label
923997,923996,339272,Tue Oct 10 20:22:25 +0000 2017,"@XboxSupport A payment method online it says it can't sign in, or it just takes me to Xbox home, instead of my account.",923995,@339272 Can you DM https://t.co/nPX1yNXCi5 us your Gamertag and Screenshots/pictures of these errors so we can better understand? ^JS,visual_evidence_required,escalate,rule_assisted_needs_sample_review,account_access_profile,0.723,semantic_prototype_weak_label
929897,929886,340625,Sun Nov 05 17:41:26 +0000 2017,@XboxSupport that is why i can enter,929884,"@340625 Regions supported by Xbox Live, be sure to let us know here https://t.co/Ub2WjDyEcS 2/2 ^TJ",public_documentation,auto_handle_candidate,rule_assisted_needs_sample_review,account_access_profile,0.584,semantic_prototype_weak_label
929897,929893,340625,Sun Nov 05 02:44:53 +0000 2017,@XboxSupport is not that why i want your help to change my region back to us,929888,"@340625 would not change this and may, in fact, make things worse as region mismatches cause issues as well.  2 ^JL",general_or_unclear_reply,review_required,rule_assisted_needs_sample_review,other_or_needs_context,0.480,semantic_prototype_weak_label
929897,929897,340625,Sat Nov 04 19:47:51 +0000 2017,@XboxSupport i need to download my games and add on of rage of xbox 360,929895,@340625 mean that you are located in an unsupported region and these features may not function.  2 ^JL,general_or_unclear_reply,review_required,rule_assisted_needs_sample_review,account_access_profile,0.492,semantic_prototype_weak_label
929897,929886,340625,Sun Nov 05 17:41:26 +0000 2017,@XboxSupport that is why i can enter,929887,@340625 I'm afraid that's not something we can do on our end. If you'd like to see your region added to the list of 1/2  ^TJ,general_or_unclear_reply,review_required,rule_assisted_needs_sample_review,account_access_profile,0.584,semantic_prototype_weak_label
934649,934649,341711,Wed Oct 11 00:15:29 +0000 2017,"@XboxSupport sign-in is working now for me. Party chat is still broke. 🤷🏼‍♀️
Thanks for the partial fix so far! 😊",934648,"@341711 Excellent, glad to hear that you're seeing some improvements. Let us know if you still see that issue. ^CO",general_or_unclear_reply,review_required,rule_assisted_needs_sample_review,account_access_profile,0.610,semantic_prototype_weak_label
935795,935795,341853,Wed Oct 11 00:14:21 +0000 2017,@XboxSupport my Xbox one won't connect to online and it says its on your side pls help my gt isHipDONOVAN123 plz help,935793,@341853 Hi there! We do currently have a status alert that might be affecting you. For more info https://t.co/0O8gdo9A8v ^JL,needs_more_context,escalate,rule_assisted_needs_sample_review,account_access_profile,0.509,semantic_prototype_weak_label
935795,935794,341853,Wed Oct 11 00:51:54 +0000 2017,@XboxSupport Thx,935796,@341853 Sure thing! Let us know if we can assist with anything else. ^JL,general_or_unclear_reply,review_required,rule_assisted_needs_sample_review,account_access_profile,0.473,semantic_prototype_weak_label
936352,936350,341981,Sat Oct 21 15:19:49 +0000 2017,@202342 Thanks I tried that and the orange light won’t turn off it’s dead,936348,@341981 You can make a service request https://t.co/ZAgUyfl2P1 to send your console in to get fixed. ^JS,public_documentation,auto_handle_candidate,rule_assisted_needs_sample_review,account_access_profile,0.186,semantic_prototype_weak_label
936919,936919,342104,Fri Oct 13 22:45:00 +0000 2017,"@XboxSupport @204967  is there an ETA when we can buy F13 1-8 for $13?  Been trying all day, its bugged. Called support n told to wait.",936916,"@342104 Hi there, can you try to purchase it right through the Microsoft Store by logging in here https://t.co/IvfDGQ3q41 ^JS",public_documentation,auto_handle_candidate,rule_assisted_needs_sample_review,other_or_needs_context,0.353,semantic_prototype_weak_label
936919,936918,342104,Fri Oct 13 23:49:32 +0000 2017,"@XboxSupport Ok, so I click get now n its still messes up. Won't let me put my password in. I'm signed in n logged in but keeps asking for it. Help?",936920,"@342104 Hi, the issue is still being investigated and has not yet been resolved. Stay tuned for updates on this issue. ^RM",general_or_unclear_reply,review_required,rule_assisted_needs_sample_review,account_access_profile,0.660,semantic_prototype_weak_label
937889,937889,342323,Sat Oct 21 15:20:59 +0000 2017,@XboxSupport do it take a lot of space on your hard drive to download a movie,937888,"@342323 Hi, it does not. You can also watch them on the Movies &amp; TV app on Windows 10 when signed into your Microsoft account. ^ZM",general_or_unclear_reply,review_required,rule_assisted_needs_sample_review,game_content_download,0.372,semantic_prototype_weak_label
938633,938633,342507,Fri Oct 13 21:54:34 +0000 2017,@XboxSupport um this got released early.. I thought it doesn’t come out till the 19th of October? https://t.co/TYWJP9r7eN,938632,@342507 HI there! This issue is being looked into by the proper teams. We appreciate your understanding. ^JA,general_or_unclear_reply,review_required,rule_assisted_needs_sample_review,other_or_needs_context,0.429,semantic_prototype_weak_label
938711,938711,342521,Sat Oct 21 12:26:47 +0000 2017,@15913 are you alright? WHERE'S MY THIS WEEK ON XBOX? It's not the weekend without it!,938709,@342521 Heyo! Official Xbox Support here! Can you privately DM us your Gamertag so we can take a closer look into this with you? ^BZ,private_account_investigation,escalate,rule_assisted_needs_sample_review,other_or_needs_context,0.399,semantic_prototype_weak_label
938777,938777,342539,Sat Dec 02 13:41:14 +0000 2017,@XboxSupport - my recent players function on my LIVE is not working. I play MP every day and my recent players are listed from 1 week ago. Is this a known issue or something I can fix?,938776,"@342539 Hi there. Please try removing your profile: https://t.co/zJxn1F3PZB (please ensure you remember your account info before doing this step), power cycling: https://t.co/QENEhDs7tB your Xbox One console and router/modem and then signing back in. Did that solve the issue? ^ZM",public_documentation,auto_handle_candidate,rule_assisted_needs_sample_review,account_access_profile,0.284,semantic_prototype_weak_label
940991,940991,343073,Sat Oct 21 12:26:05 +0000 2017,Since the new update my xbox has been pulling lower FPS and has just been slow in general? @115787 @XboxSupport,940990,@343073 DM us your Gamertag and clarify what the issue is that you're having so we can investigate?  2 ^BZ,private_account_investigation,escalate,rule_assisted_needs_sample_review,other_or_needs_context,0.484,semantic_prototype_weak_label
940991,940991,343073,Sat Oct 21 12:26:05 +0000 2017,Since the new update my xbox has been pulling lower FPS and has just been slow in general? @115787 @XboxSupport,940992,@343073 Heyo! We'd like to Direct Message so we can collect some more information. Can you follow and  1 ^BZ,private_account_investigation,escalate,rule_assisted_needs_sample_review,other_or_needs_context,0.484,semantic_prototype_weak_label
941549,941547,343213,Fri Oct 13 23:46:00 +0000 2017,@116781 I don’t have WiFi at all. I don’t have a router I don’t have satellite or anything. So idk I’m just as surprised as u are,941546,"@343213 Hey there, unfortunately, the console will need to update the title before you will be able to play it. ^XS",general_or_unclear_reply,review_required,rule_assisted_needs_sample_review,connectivity_xbox_live,0.267,semantic_prototype_weak_label
941914,941914,343290,Sat Oct 21 12:58:12 +0000 2017,"@XboxSupport since the new update it's been bugged with wired internet, I have to unplug and replug it in every time to log on",941910,"@343290 step seven select ""Reset and keep my games &amp; apps"" and see if the issue is resolved?  2 ^JS",general_or_unclear_reply,review_required,rule_assisted_needs_sample_review,account_access_profile,0.497,semantic_prototype_weak_label
941914,941913,343290,Mon Oct 23 11:35:36 +0000 2017,@XboxSupport It says the same thing even when I unplug the internet cord from the xbox so it didn’t even have internet,941915,@343290 occurs? Can you please send us your Detailed Network Stats as seen on your Xbox One console?  2 ^ZM,general_or_unclear_reply,review_required,rule_assisted_needs_sample_review,connectivity_xbox_live,0.520,semantic_prototype_weak_label
941914,941917,343290,Mon Oct 23 23:23:37 +0000 2017,@XboxSupport Down-162.14mps Up-45.40 pocket loss 0% latency- 38ms mtu-1480,941918,@343290 &gt;power cycle https://t.co/c0rhsKO0Ni the console. Then sign back in and let us know if that still happens.  2 ^BL,public_documentation,auto_handle_candidate,rule_assisted_needs_sample_review,connectivity_xbox_live,0.454,semantic_prototype_weak_label
941914,941920,343290,Tue Oct 24 00:06:52 +0000 2017,@XboxSupport It still says in the top left for me to sign in,941923,@343290 Thank you for that info. Do you see this same thing happen with a wireless connection?  ^BL,general_or_unclear_reply,review_required,rule_assisted_needs_sample_review,account_access_profile,0.686,semantic_prototype_weak_label
941914,941924,343290,Sat Oct 28 23:08:38 +0000 2017,"@XboxSupport My modem, this is very irritating because I don’t want to run on wireless internet because it’s not as reliable and wired",941926,@343290 with the chat team here: https://t.co/lUV7XYl61S to take a closer look into this with you.  2 ^BL,specialist_handoff,escalate,rule_assisted_needs_sample_review,connectivity_xbox_live,0.486,semantic_prototype_weak_label
941914,941924,343290,Sat Oct 28 23:08:38 +0000 2017,"@XboxSupport My modem, this is very irritating because I don’t want to run on wireless internet because it’s not as reliable and wired",941927,@343290 Thank you for reaching back out to us on this. Let's go ahead and check in  1 ^BL,general_or_unclear_reply,review_required,rule_assisted_needs_sample_review,connectivity_xbox_live,0.486,semantic_prototype_weak_label
941914,941917,343290,Mon Oct 23 23:23:37 +0000 2017,@XboxSupport Down-162.14mps Up-45.40 pocket loss 0% latency- 38ms mtu-1480,941919,@343290 Thank you for that info. Let's go ahead and remove: https://t.co/zJxn1EMf83 your profile from the console and then  1 ^BL,public_documentation,auto_handle_candidate,rule_assisted_needs_sample_review,connectivity_xbox_live,0.454,semantic_prototype_weak_label
941914,941913,343290,Mon Oct 23 11:35:36 +0000 2017,@XboxSupport It says the same thing even when I unplug the internet cord from the xbox so it didn’t even have internet,941916,"@343290 Hi there, are you able to test out a different Ethernet cable to see if the same issue  1 ^ZM",general_or_unclear_reply,review_required,rule_assisted_needs_sample_review,connectivity_xbox_live,0.520,semantic_prototype_weak_label
941914,941914,343290,Sat Oct 21 12:58:12 +0000 2017,"@XboxSupport since the new update it's been bugged with wired internet, I have to unplug and replug it in every time to log on",941928,@343290 Howdy! Could you try soft factory resetting your console by following the steps here https://t.co/K9uQAXh0DA and at  1 ^JS,public_documentation,auto_handle_candidate,rule_assisted_needs_sample_review,account_access_profile,0.497,semantic_prototype_weak_label
943104,943104,343582,Sat Oct 21 14:19:36 +0000 2017,@XboxSupport I can't play battlefield 1? I have gold and i cancelled EA pass and has been expired for awhile. Didn't get this crap before the update so why is it happening now :| https://t.co/C8kcsdjJRT,943103,@343582 can take a closer look? Do you own Battlefield 1 on disc or digitally?  2 ^ZM,general_or_unclear_reply,review_required,rule_assisted_needs_sample_review,subscription_game_pass_gold,0.457,semantic_prototype_weak_label
943104,943104,343582,Sat Oct 21 14:19:36 +0000 2017,@XboxSupport I can't play battlefield 1? I have gold and i cancelled EA pass and has been expired for awhile. Didn't get this crap before the update so why is it happening now :| https://t.co/C8kcsdjJRT,943105,"@343582 Hi there, can you please send us a DM: https://t.co/nPX1yNXCi5 with your gamertag so we  1 ^ZM",private_account_investigation,escalate,rule_assisted_needs_sample_review,subscription_game_pass_gold,0.457,semantic_prototype_weak_label
946029,946027,170963,Sat Oct 21 16:05:46 +0000 2017,@115786 @XboxSupport happend twice on a high round zombies game*,946026,@170963 install them manually by checking for them through the steps here: https://t.co/FUE13P9Xad .  2 ^ZM,public_documentation,auto_handle_candidate,rule_assisted_needs_sample_review,account_access_profile,0.350,semantic_prototype_weak_label
946029,946027,170963,Sat Oct 21 16:05:46 +0000 2017,@115786 @XboxSupport happend twice on a high round zombies game*,946028,"@170963 Hi there, Xbox One console updates can push to install when critical. You can  1 ^ZM",general_or_unclear_reply,review_required,rule_assisted_needs_sample_review,account_access_profile,0.350,semantic_prototype_weak_label
946029,946034,170963,Sat Oct 21 19:38:27 +0000 2017,@XboxSupport i mean even if you have the update screen in your screen that you can select remind me later or install later not that you are forced to,946035,@170963 Gotcha. Please also share that feedback here: https://t.co/Ub2WjDyEcS as we welcome all ideas and suggestions. ^ZM,public_documentation,auto_handle_candidate,rule_assisted_needs_sample_review,other_or_needs_context,0.460,semantic_prototype_weak_label
946041,946040,344332,Sat Oct 21 15:59:40 +0000 2017,@XboxSupport Please help,946038,"@344332 Hi there, we're afraid you cannot use account balance to purchase a subscription. You must use a bank-backed payment card. ^ZM",general_or_unclear_reply,review_required,rule_assisted_needs_sample_review,account_access_profile,0.554,semantic_prototype_weak_label
950483,950481,345444,Sat Oct 21 17:18:05 +0000 2017,@345445 Aye pal you’ve 96 followers and your supposedly from Xbox? Get to fuck,950480,"@345444 Howdy, our ambassadors are here to help too! If you wish to never be replied to by an Ambassador we recommend to DM us 1 ^JS",private_account_investigation,escalate,rule_assisted_needs_sample_review,other_or_needs_context,0.397,semantic_prototype_weak_label
950826,950826,291754,Sat Oct 14 00:14:14 +0000 2017,@XboxSupport if my xbox live ends on the 14th would it be cut off at midnight tonight or cut off at midnight tomorrow going into the 15th?,950825,@291754 Hi there! Mind sending us a direct message with your Gamertag so we can further assist? ^JA,private_account_investigation,escalate,rule_assisted_needs_sample_review,other_or_needs_context,0.370,semantic_prototype_weak_label
817781,817793,346698,Sat Oct 14 01:11:01 +0000 2017,@XboxSupport Fix the servers,955475,@346698 Hi there! What seems to be the trouble that you are encountering? Mind sending us a direct message 1/2 ^JA,private_account_investigation,escalate,rule_assisted_needs_sample_review,account_access_profile,0.533,semantic_prototype_weak_label
955520,955520,346708,Sat Oct 14 01:05:09 +0000 2017,@XboxSupport when i try to sign into my xbox live account it dosent work. please fix it,955519,@346708 Hi there! Are you encountering any specific error messages when you try to sign into your account? 1/2  ^JA,public_troubleshooting,auto_handle_candidate,rule_assisted_needs_sample_review,account_access_profile,0.732,semantic_prototype_weak_label
956028,956028,346838,Sat Oct 21 17:56:22 +0000 2017,@XboxSupport How much does it cost (UK) to replace an out of warranty Xbox 360 ?,956027,@346838 Hello! It depends on the issue and model. You can start that process here: https://t.co/IatNbSvj12 ^CO,public_documentation,auto_handle_candidate,rule_assisted_needs_sample_review,console_accessory_display,0.560,semantic_prototype_weak_label
956862,956862,347027,Sat Oct 21 18:33:49 +0000 2017,@115786 Stop changing the Xbox One dashboard man wtf is this shit,956860,"@347027 Hello, thanks for reaching out to us. What seems to be the issue? ^CO",general_or_unclear_reply,review_required,rule_assisted_needs_sample_review,safety_enforcement_security,0.428,semantic_prototype_weak_label
956864,956864,347028,Sat Oct 21 19:18:09 +0000 2017,Bought fm7 i tried to install it placed disc in and nothing but all my other games dvds cds blu rays work no error codes @XboxSupport :(,956863,@347028 Hi there! Have you been able to work through all the steps here: https://t.co/2hsGsHnkrv ^BL,public_documentation,auto_handle_candidate,rule_assisted_needs_sample_review,game_content_download,0.377,semantic_prototype_weak_label
956880,956880,347033,Sat Oct 21 19:15:51 +0000 2017,@XboxSupport I purchased Doom months ago digitally. Now I’m being shown that I have to repurchase the game. https://t.co/y7kXRSSveV,956879,"@347033 Hi! Let's have you follow us, DM us your Gamertag, and some more info about what you're seeing: https://t.co/nPX1yNXCi5
 ^BL",private_account_investigation,escalate,rule_assisted_needs_sample_review,subscription_game_pass_gold,0.385,semantic_prototype_weak_label
957619,957619,347216,Sat Oct 14 01:51:54 +0000 2017,@XboxSupport help! I can't sign in to Xbox live and I'm dying to see the end of this @180562 episode ASAP!,957618,@347216 Hello! Would you mind following us and sending a DM when you are so we can gather more info?  ^RR,private_account_investigation,escalate,rule_assisted_needs_sample_review,account_access_profile,0.527,semantic_prototype_weak_label
957660,957660,347226,Sat Oct 14 01:43:07 +0000 2017,@XboxSupport How I can't upload a Xbox One screenshot to Xbox live,957659,@347226 Hello! Would you mind following us and sending a DM when you are so we can gather more info?  ^RR,private_account_investigation,escalate,rule_assisted_needs_sample_review,account_access_profile,0.439,semantic_prototype_weak_label
958012,958012,347313,Sun Oct 22 00:23:33 +0000 2017,@XboxSupport My Xbox was working fine last night and I woke up to this error message. The Internet is fine on my phone. What can I do? https://t.co/lY4IPLmz8C,958011,@347313 Hello! Let's try the steps here: https://t.co/pULGJT4zeS to get you connected to Xbox Live.  ^RR,public_documentation,auto_handle_candidate,rule_assisted_needs_sample_review,account_access_profile,0.532,semantic_prototype_weak_label
958422,958422,338820,Sun Oct 22 00:57:19 +0000 2017,@XboxSupport so when is the next gamertag reset coming and what type of gamertags will be released?,958421,"@338820 Heya! If that is something you would like to see, you can let your voice be heard here: https://t.co/xzPtJXQjgy 
 ^RR",public_documentation,auto_handle_candidate,rule_assisted_needs_sample_review,account_access_profile,0.430,semantic_prototype_weak_label
955520,955521,316138,Sat Oct 14 02:09:49 +0000 2017,@346708 @XboxSupport The same thing is happening to you too see Xbox is too much they can't just go in and fix they need all this info 🤦🏻‍♂️,958680,@316138 Greetings! Would you mind following us and sending a DM when you are so we can gather more info?  ^RR,private_account_investigation,escalate,rule_assisted_needs_sample_review,account_access_profile,0.628,semantic_prototype_weak_label
960932,960922,348043,Sun Oct 22 01:10:21 +0000 2017,"@213651 no they save, it’s just they don’t upload to live",960919,"@348043 Hello, we just added a feature where you can save clips to an external drive dedicated to DVR, you can transfer to PC. ^CO",general_or_unclear_reply,review_required,rule_assisted_needs_sample_review,billing_codes_refunds,0.213,semantic_prototype_weak_label
960932,960920,348043,Sun Oct 22 02:35:30 +0000 2017,@XboxSupport i don’t have a pc,960923,@348043 Without a PC you would be unable to use that feature then.   ^RR,general_or_unclear_reply,review_required,rule_assisted_needs_sample_review,account_access_profile,0.497,semantic_prototype_weak_label
960932,960924,348043,Sun Oct 22 02:57:17 +0000 2017,@XboxSupport my only problem is they don’t upload to xbox live,960925,@348043 Would you mind sending a picture of your network stats: Settings&gt;Network&gt;Network Settings&gt;Detailed Network Statistics ^RR,visual_evidence_required,escalate,rule_assisted_needs_sample_review,account_access_profile,0.509,semantic_prototype_weak_label
960932,960926,348043,Sun Oct 22 03:52:40 +0000 2017,@XboxSupport it seems to only happen in nba 2k18 but it works in ever other game,960927,@348043 Would you mind sending us a picture of your network stats that we mentioned in our last message?   ^RR,visual_evidence_required,escalate,rule_assisted_needs_sample_review,account_access_profile,0.296,semantic_prototype_weak_label
960932,960928,348043,Sun Oct 22 04:11:51 +0000 2017,@XboxSupport  https://t.co/ThsKEtFsCt,960929,@348043 Thanks for that! Let's have you try resetting your router/modem and power cycling: https://t.co/QENEhDawC3 ^RR,public_documentation,auto_handle_candidate,rule_assisted_needs_sample_review,other_or_needs_context,0.422,semantic_prototype_weak_label
962575,962575,348411,Sat Oct 21 20:25:11 +0000 2017,"Mein Netzteil leuchtet die ganze zeit Orange egal was ich tue seit schon 3 Monaten passiert immer das gleiche #help @XboxSupport 
@115786",962574,"@348411 English? If not no problem, let us know your country/region so that we can direct you to the best option.  2 ^BL",public_troubleshooting,auto_handle_candidate,rule_assisted_needs_sample_review,account_access_profile,0.177,semantic_prototype_weak_label
962575,962575,348411,Sat Oct 21 20:25:11 +0000 2017,"Mein Netzteil leuchtet die ganze zeit Orange egal was ich tue seit schon 3 Monaten passiert immer das gleiche #help @XboxSupport 
@115786",962576,"@348411 Hey there. We are an English speaking support channel here, to better assist you are you able to continue in  1 ^BL",general_or_unclear_reply,review_required,rule_assisted_needs_sample_review,account_access_profile,0.177,semantic_prototype_weak_label
963498,963498,138601,Sat Oct 21 21:04:02 +0000 2017,@XboxSupport ever since the new dashboard update it keeps signing me out but keeps me signed it,963497,@138601 Heya! Would you mind sending a picture of your network stats: Settings&gt;Network&gt;Network Settings&gt;Detailed Network Stats ^RR,visual_evidence_required,escalate,rule_assisted_needs_sample_review,account_access_profile,0.519,semantic_prototype_weak_label
964682,964682,348969,Sat Oct 14 03:20:38 +0000 2017,"@XboxSupport is xbox live down or something?
i keep getting this while signing in https://t.co/4xhtPcTPIK",964681,"@348969 Hello! Let's try clearing the cache on your console and resetting your router/modem: https://t.co/lWYI9SC3VD 
 ^RR",public_documentation,auto_handle_candidate,rule_assisted_needs_sample_review,account_access_profile,0.564,semantic_prototype_weak_label
966611,966610,349400,Sat Oct 21 23:45:32 +0000 2017,@XboxSupport Nvm. Found the issue,966609,"@349400 Hi there! Glad to hear it's all sorted out, have a great night!  ^BL",general_or_unclear_reply,review_required,rule_assisted_needs_sample_review,account_access_profile,0.532,semantic_prototype_weak_label
966871,966871,349472,Sat Oct 14 03:53:45 +0000 2017,@XboxSupport both of my controllers wouldn't connect to my xbox for some reaseon. Note Ive had this xbox for about a year now.,966870,@349472 Hi there! Have you tried the steps in the guide here: https://t.co/4BSSUrhPgG  ^JA,public_documentation,auto_handle_candidate,rule_assisted_needs_sample_review,account_access_profile,0.517,semantic_prototype_weak_label
967079,967076,349532,Sat Oct 21 23:51:02 +0000 2017,@XboxSupport I'm also trying to purchase 3 months of xbox live but it's giving me an error. I don't want to be charged double for this also...,967075,@349532 Hello! Would you mind following us and sending a DM with your gamertag and picture of the error?  ^RR,visual_evidence_required,escalate,rule_assisted_needs_sample_review,billing_codes_refunds,0.495,semantic_prototype_weak_label
967515,967515,349645,Sat Oct 21 22:41:31 +0000 2017,@XboxSupport Got a question regarding Xbox Groove and Forza Horizon 3. Will Spotify replace Groove in-game? #ForzaHorizon3,967514,"@349645 Hello, thanks for reaching out to us. for news about future updates, be sure to visit https://t.co/DLBNovhFb4  ^CO",public_documentation,auto_handle_candidate,rule_assisted_needs_sample_review,other_or_needs_context,0.349,semantic_prototype_weak_label
975596,975596,351365,Sat Nov 25 09:21:45 +0000 2017,"@XboxSupport my Xbox one ejects discs randomly on its own and even goes off and comes on by itself, how can this be remedied?",975594,@351365 to power cycle your console to help resolve the issues you are seeing https://t.co/Z4gqYJG4xh.  2 ^RM,public_documentation,auto_handle_candidate,rule_assisted_needs_sample_review,other_or_needs_context,0.319,semantic_prototype_weak_label
975596,975596,351365,Sat Nov 25 09:21:45 +0000 2017,"@XboxSupport my Xbox one ejects discs randomly on its own and even goes off and comes on by itself, how can this be remedied?",975597,"@351365 Hello, we understand how this can be an inconvenience. You can use these steps  1 ^RM",public_troubleshooting,auto_handle_candidate,rule_assisted_needs_sample_review,other_or_needs_context,0.319,semantic_prototype_weak_label
977011,977011,351723,Sun Oct 22 03:54:07 +0000 2017,Why cant i take my friends home xbox? He has 1 change left. @XboxSupport,977010,"@351723 Hello, thanks for reaching out to us. Can you DM us your gamertag and the error message when you try? ^CO",private_account_investigation,escalate,rule_assisted_needs_sample_review,account_access_profile,0.532,semantic_prototype_weak_label
985004,985004,353478,Wed Oct 11 13:29:08 +0000 2017,fuck you groove and spotify both you refuse to sign me in or move my stuff really @17455 is a joke,985003,@353478 Sorry to hear you're having trouble! We'd love to help - tweet any time for official Xbox support :) ^QZ,general_or_unclear_reply,review_required,rule_assisted_needs_sample_review,account_access_profile,0.250,semantic_prototype_weak_label
994783,994782,355638,Sun Oct 22 08:38:23 +0000 2017,@XboxSupport have only tried digital games since the problem began,994781,"@355638 Gotcha. To make sure our bases are covered, let's check out the steps over in our guide here https://t.co/ouleFx48g2  ^TJ",public_documentation,auto_handle_candidate,rule_assisted_needs_sample_review,account_access_profile,0.546,semantic_prototype_weak_label
1000569,1000569,356881,Sun Oct 22 13:53:39 +0000 2017,@XboxSupport literally the only game I play has corrupted. What the hell,1000568,"@356881 Hi, you can try reinstalling the game using these steps. https://t.co/zox0T68AHf ^RM",public_documentation,auto_handle_candidate,rule_assisted_needs_sample_review,other_or_needs_context,0.473,semantic_prototype_weak_label
1003194,1003194,357463,Sun Oct 22 05:49:59 +0000 2017,@XboxSupport new update ruined my Xbox no app won't lunch tells me to re download my apps,1003192,"@357463 Hi, you can try restarting your console with these steps here https://t.co/Z4gqYJG4xh. ^RM",public_documentation,auto_handle_candidate,rule_assisted_needs_sample_review,account_access_profile,0.464,semantic_prototype_weak_label
1004014,1004014,357639,Sun Oct 22 06:13:35 +0000 2017,@XboxSupport need help everytime I'm in my party chat I can not scroll down it just keeps going back up and won't go down I can't leave,1004012,"@357639 We'd be happy to help, but we could use more info. Could you follow &amp; DM @Xboxsupport with your Gamertag &amp; some details? ^EZ",private_account_investigation,escalate,rule_assisted_needs_sample_review,account_access_profile,0.399,semantic_prototype_weak_label
1004014,1004013,357639,Sun Oct 22 16:29:20 +0000 2017,@XboxSupport Nvm my Xbox was glitching I fixed it I just needed a Xbox update,1004015,@357639 Gotcha! Glad to hear that things are up &amp; running on your end. Take care &amp; have a great day :)  ^TJ,general_or_unclear_reply,review_required,rule_assisted_needs_sample_review,account_access_profile,0.509,semantic_prototype_weak_label
1005460,1005460,357984,Sun Oct 22 16:15:57 +0000 2017,@XboxSupport الله يلعنكم في كل ساعة و كل يوم,1005459,"@357984 but if you wish to receive support in your language, you can reach out to our chat support team here https://t.co/sMM0hn9ycL  2 ^RM",specialist_handoff,escalate,rule_assisted_needs_sample_review,other_or_needs_context,0.404,semantic_prototype_weak_label
1005460,1005460,357984,Sun Oct 22 16:15:57 +0000 2017,@XboxSupport الله يلعنكم في كل ساعة و كل يوم,1005461,"@357984 Hi, we are an English channel, if you would like to continue engaging with us, we would love to assist you,  1 ^RM",general_or_unclear_reply,review_required,rule_assisted_needs_sample_review,other_or_needs_context,0.404,semantic_prototype_weak_label
1006577,1006575,358190,Sun Oct 22 18:13:15 +0000 2017,"@XboxSupport I found the solution, sorry for the inconvenience :)",1006574,"@358190 No worries, glad to hear you got this resolved! If any more Xbox support questions pop up we'll be here to help ^EZ",general_or_unclear_reply,review_required,rule_assisted_needs_sample_review,account_access_profile,0.506,semantic_prototype_weak_label
1006577,1006577,358190,Sun Oct 22 15:57:36 +0000 2017,@XboxSupport on fait comment une capture d'écran et un enregistrement sur la nouvelle mise à jour ? Elle est nul...,1006576,"@358190 We'd be happy to help, but we are an English speaking team. Could you follow &amp; DM @Xboxsupport your Gamertag &amp; details? ^EZ",private_account_investigation,escalate,rule_assisted_needs_sample_review,how_to_product_information,0.050,semantic_prototype_weak_label
1008814,1008813,358720,Sun Oct 22 18:45:11 +0000 2017,@XboxSupport you make me hate playing games online u cunt’s,1008811,"@358720 Hi! Let's have you follow us, DM us your Gamertag, and some more info about what you're seeing: https://t.co/nPX1yNXCi5
 ^BL",private_account_investigation,escalate,rule_assisted_needs_sample_review,other_or_needs_context,0.472,semantic_prototype_weak_label
1009609,1009609,358898,Sun Oct 22 19:09:26 +0000 2017,https://t.co/DoUoBZ1qnQ via @xboxsupport,1009607,@358898 Hi there! Do you have a support question for us today?  ^BL,general_or_unclear_reply,review_required,rule_assisted_needs_sample_review,other_or_needs_context,0.433,semantic_prototype_weak_label
1009614,1009613,358899,Sun Oct 22 18:20:44 +0000 2017,@XboxSupport Also to add I’ve seen it on other people’s profiles,1009611,@358899 Hi there! The Xbox 360 version of this game would not be compatible on the Xbox One. 1/2  ^JA,general_or_unclear_reply,review_required,rule_assisted_needs_sample_review,account_access_profile,0.423,semantic_prototype_weak_label
1010289,1010289,359058,Sun Oct 22 18:14:23 +0000 2017,@XboxSupport je n’ai jamais pu jouer sur les cartes des packs achetés pour #BlackOps3 elles ne st jamais proposees.,1010288,"@359058 Hey, could you direct message us and explain in detail what issue you are experiencing? ^RM",private_account_investigation,escalate,rule_assisted_needs_sample_review,how_to_product_information,0.129,semantic_prototype_weak_label
1012616,1012616,359611,Sun Oct 22 13:04:11 +0000 2017,@XboxSupport Is there any way to clean up all the people in a club without losing the list of blocked? thx,1012615,@359611 Hi there! Not sure we follow. Could you follow us back &amp; DM your Gamertag so we can ask some more 1/2 ^TJ,private_account_investigation,escalate,rule_assisted_needs_sample_review,safety_enforcement_security,0.314,semantic_prototype_weak_label
1015194,1015194,360191,Sun Oct 22 15:13:15 +0000 2017,@XboxSupport seriously what is going on with your stuff? Most apps/games take to long to loads and my external hard drives stops working and then starts again randomly! The Xbox one is such a terrible system to play on!,1015192,"@360191 Hi, did you have a Xbox question that we could assist with? ^RM",general_or_unclear_reply,review_required,rule_assisted_needs_sample_review,account_access_profile,0.351,semantic_prototype_weak_label
1017052,1017052,360632,Sun Oct 22 19:19:56 +0000 2017,@XboxSupport some reason when I try to redeem a either a $25 dollar code or a $50 dollar plz help fix plz,1017049,"@360632 Hi, what issue are you experiencing that we can assist with? ^RM",general_or_unclear_reply,review_required,rule_assisted_needs_sample_review,account_access_profile,0.503,semantic_prototype_weak_label
1017405,1017405,360725,Sat Oct 14 07:32:28 +0000 2017,"@116655 @XboxSupport
Very sick of being harassed via messages by toxic people for ""throwing"" 
Then getting banned for responding to them",1017404,@360725 If you see any accounts that are violating the Code of Conduct: https://t.co/WeIlK8EVEL then be sure to report that user 1 ^EZ,enforcement_review,escalate,rule_assisted_needs_sample_review,safety_enforcement_security,0.483,semantic_prototype_weak_label
1018492,1018492,360978,Sun Oct 22 21:26:34 +0000 2017,"pls quit changing the Xbox home layout, each update gets worse and worse @115786 @XboxSupport",1018491,"@360978 If you'd like to see other layout options in the future, make sure to share your suggestions on https://t.co/EDoaucSh9O  ^EZ",public_documentation,auto_handle_candidate,rule_assisted_needs_sample_review,account_access_profile,0.420,semantic_prototype_weak_label
806711,806753,361036,Sat Oct 14 08:24:31 +0000 2017,"@XboxSupport Been 4 days since I last logged in, not good enough",1018691,"@361036 We'd be happy to help, but we could use more info. Could you follow &amp; DM @Xboxsupport with your Gamertag &amp; some details? ^EZ",private_account_investigation,escalate,rule_assisted_needs_sample_review,account_access_profile,0.567,semantic_prototype_weak_label
1018699,1018699,361039,Sat Oct 14 05:24:03 +0000 2017,"@XboxSupport 
I usually can not sign in on xbox one for a few days. Though network is online. automatic software updating can work.",1018698,@361039 Hi there! COuld you DM us your Gamertag so we can collect a little more info?  ^JS,private_account_investigation,escalate,rule_assisted_needs_sample_review,account_access_profile,0.605,semantic_prototype_weak_label
1019043,1019043,361128,Sun Oct 22 21:35:46 +0000 2017,@XboxSupport any reason why my Fifa 18 keeps restarting. It’s downloaded by the way is something wrong?,1019042,"@361128 We'd be happy to help, but we could use more info. Could you follow &amp; DM @Xboxsupport with your Gamertag &amp; some details? ^EZ",private_account_investigation,escalate,rule_assisted_needs_sample_review,account_access_profile,0.344,semantic_prototype_weak_label
1019757,1019756,361285,Sun Oct 22 21:08:24 +0000 2017,@XboxSupport jdgghost and I did find it in the purchase history.,1019755,@361285 Can you show us where you see it in your purchase history? ^RM,general_or_unclear_reply,review_required,rule_assisted_needs_sample_review,billing_codes_refunds,0.442,semantic_prototype_weak_label
1020182,1020182,361401,Sat Oct 14 06:06:49 +0000 2017,@XboxSupport What is the deal XBL? I keep getting signed out by your service. GIVE AN ACTUAL UPDATE.,1020180,@361401 Thanks for reaching out! Could you go through the steps here https://t.co/fHCPjSHTH7 for this? ^JS,public_documentation,auto_handle_candidate,rule_assisted_needs_sample_review,other_or_needs_context,0.528,semantic_prototype_weak_label
163154,163159,361507,Sat Nov 25 17:19:49 +0000 2017,@153721 @XboxSupport same,1020591,@361507 Thanks for reaching out! We have more info about what you are seeing with the game here: https://t.co/99xfLNdOow  ^EZ,needs_more_context,escalate,rule_assisted_needs_sample_review,account_access_profile,0.532,semantic_prototype_weak_label
163154,1020592,361508,Sat Nov 25 18:22:38 +0000 2017,@XboxSupport @361507 @XboxSupport how much longer?,1020594,@361508 We would not be able to speculate on a time frame here I am afraid.  ^BL,general_or_unclear_reply,review_required,rule_assisted_needs_sample_review,other_or_needs_context,0.455,semantic_prototype_weak_label
163154,1020593,361510,Sat Nov 25 20:48:32 +0000 2017,@XboxSupport @361507 @XboxSupport how long till a resolution is made,1020597,@361510 Hi there! We couldn't speculate on a timeline. We recommend keeping an eye on the service alert page for any updates on this! ^JS,general_or_unclear_reply,review_required,rule_assisted_needs_sample_review,other_or_needs_context,0.480,semantic_prototype_weak_label
1022980,1022974,322118,Sun Oct 22 23:21:15 +0000 2017,@202236 Do u know what UI error means,1022971,@322118 Hi there! What Status are you looking for specifically? Are you referring to this site: https://t.co/NSXOiTMoQ9 ^JL,public_documentation,auto_handle_candidate,rule_assisted_needs_sample_review,account_access_profile,0.265,semantic_prototype_weak_label
1022980,1022972,322118,Mon Oct 23 00:22:26 +0000 2017,@XboxSupport My Xbox 360 network status,1022975,@322118 Could you be a bit more descriptive? Are you referring to your home network and internet connection? ^JL,general_or_unclear_reply,review_required,rule_assisted_needs_sample_review,connectivity_xbox_live,0.533,semantic_prototype_weak_label
1023411,1023411,301277,Sat Oct 14 12:19:31 +0000 2017,@127889 @XboxSupport I bought the skyline but it won't show up in my inventory! I have already restarted game and Xbox a few times! https://t.co/sBUohA8d4C,1023410,"@301277 Thanks for reaching out! For more info, could you follow &amp; DM @Xboxsupport with your Gamertag &amp; some details? ^EZ",private_account_investigation,escalate,rule_assisted_needs_sample_review,account_access_profile,0.337,semantic_prototype_weak_label
1025171,1025171,362585,Sat Oct 14 08:38:24 +0000 2017,"@XboxSupport my elite controller won't power up,can you help please?",1025170,@362585 Thanks for reaching out! If you change to different batteries are you able to power up your controller? ^JS,general_or_unclear_reply,review_required,rule_assisted_needs_sample_review,account_access_profile,0.485,semantic_prototype_weak_label
1026811,1026811,362968,Sat Oct 14 07:38:17 +0000 2017,@XboxSupport i am trying to buy the friday the 13th 8 movie collection. But i always get the please try again. You have not been charched,1026810,"@362968 However, we're afraid the price on that sale offer has since changed.  2 ^ZM",general_or_unclear_reply,review_required,rule_assisted_needs_sample_review,billing_codes_refunds,0.361,semantic_prototype_weak_label
1026811,1026811,362968,Sat Oct 14 07:38:17 +0000 2017,@XboxSupport i am trying to buy the friday the 13th 8 movie collection. But i always get the please try again. You have not been charched,1026812,"@362968 Hi there, you may be able to purchase the films here: https://t.co/IvfDGQ3q41 .  1 ^ZM",public_documentation,auto_handle_candidate,rule_assisted_needs_sample_review,billing_codes_refunds,0.361,semantic_prototype_weak_label
1030363,1030361,363781,Mon Oct 23 04:01:19 +0000 2017,@XboxSupport Yes I do. The humming stopped around the time you sent your tweet. It only happens when you first plug it in.,1030359,@363781 Gotcha. Have you tested plugging your console into a different wall outlet? 1/2 ^JA,general_or_unclear_reply,review_required,rule_assisted_needs_sample_review,other_or_needs_context,0.261,semantic_prototype_weak_label
1030363,1030363,363781,Mon Oct 23 02:46:02 +0000 2017,"@XboxSupport send help, Xbox 1 Power Supply is making weird noises, it's working but is rumbling.",1030362,@363781 We're sorry to hear about your power supply! Do you have your console connected directly into a wall outlet?  ^JA,general_or_unclear_reply,review_required,rule_assisted_needs_sample_review,other_or_needs_context,0.437,semantic_prototype_weak_label
1032021,1032021,364199,Mon Oct 23 04:53:51 +0000 2017,"@XboxSupport I bought a new controller for my brother's birthday and it came scratched, as well as the control sticks being hard to move.",1032019,@364199 Hi there! You will want to reach out to retailer that you purchased it from and look into an exchange.  ^BL,general_or_unclear_reply,review_required,rule_assisted_needs_sample_review,console_accessory_display,0.384,semantic_prototype_weak_label
806711,806718,364305,Thu Oct 12 16:48:33 +0000 2017,@XboxSupport I keep getting disconnected from live for no reason but can reconnect instantly it’s only started in last few days,1032544,@364305 Sorry to hear that! Can you DM us your gamertag &amp; which Xbox console you're using? https://t.co/nPX1yNXCi5  ^QZ,private_account_investigation,escalate,rule_assisted_needs_sample_review,account_access_profile,0.517,semantic_prototype_weak_label
1035243,1035241,116048,Mon Oct 23 00:44:47 +0000 2017,"@223059 That worked! Thank you so much, it was getting quite frustrating ☺️",1035239,"@116048 Glad to hear it's all sorted out, have a great night!  ^BL",general_or_unclear_reply,review_required,rule_assisted_needs_sample_review,account_access_profile,0.197,semantic_prototype_weak_label
1035703,1035703,169374,Mon Oct 23 01:01:32 +0000 2017,@XboxSupport my controller keeps disconnecting when I play is there an update for it or is it because I’ve had it since I bought it,1035702,@169374 Hi there! Let's be sure to work through the steps here: https://t.co/HtCyvLolGR to get this sorted out.  ^BL,public_documentation,auto_handle_candidate,rule_assisted_needs_sample_review,other_or_needs_context,0.435,semantic_prototype_weak_label
1036845,1036843,365273,Mon Oct 23 01:47:24 +0000 2017,@XboxSupport Remaped,1036842,@365273 cycle https://t.co/c0rhsKO0Ni the console. Then check again if this is still not able to be used.  2 ^BL,public_documentation,auto_handle_candidate,rule_assisted_needs_sample_review,account_access_profile,0.473,semantic_prototype_weak_label
1036845,1036843,365273,Mon Oct 23 01:47:24 +0000 2017,@XboxSupport Remaped,1036844,@365273 Hi there! Let's go ahead and remove: https://t.co/zJxn1EMf83 your profile from the console and then &gt;power  1 ^BL,public_documentation,auto_handle_candidate,rule_assisted_needs_sample_review,account_access_profile,0.473,semantic_prototype_weak_label
1038394,1038394,365657,Mon Oct 23 01:22:35 +0000 2017,@116543 hey what's the new Xbox one update about i just got,1038393,@365657 Hi! You can learn about all the new changes that came with the latest update here: https://t.co/wcZMo8NmgB. ^AK,public_documentation,auto_handle_candidate,rule_assisted_needs_sample_review,other_or_needs_context,0.486,semantic_prototype_weak_label
1056934,1056934,369549,Sat Oct 14 18:07:49 +0000 2017,@XboxSupport  @115786 please explain to me wtf this is about? I’ve checked the website I’ve checked my emails and nothing. https://t.co/AiKcSZsJdy,1056933,"@369549 We'd be happy to look into this with you, but we could use more info. Could you follow &amp; DM @Xboxsupport your Gamertag? ^EZ",private_account_investigation,escalate,rule_assisted_needs_sample_review,other_or_needs_context,0.559,semantic_prototype_weak_label
1058463,1058457,369906,Sat Oct 14 20:55:21 +0000 2017,"@202236 @XboxSupport https://t.co/czrSGaurGV for more information, please check this. Is there any solution for this?",1058455,@369906 Hello! Would you mind following us and sending a DM when you are so we can gather more info?   ^RR,private_account_investigation,escalate,rule_assisted_needs_sample_review,account_access_profile,0.544,semantic_prototype_weak_label
1061269,1061269,370592,Sat Oct 14 21:32:00 +0000 2017,"@116549 after 6 days, you guys determined indeed my account was hacked, why is it going to take another 3 days to give it back to me?",1061268,@370592 get your account back. Rest assured they're working to get it to you as fast as possible.  2 ^JS,general_or_unclear_reply,review_required,rule_assisted_needs_sample_review,safety_enforcement_security,0.413,semantic_prototype_weak_label
1061269,1061269,370592,Sat Oct 14 21:32:00 +0000 2017,"@116549 after 6 days, you guys determined indeed my account was hacked, why is it going to take another 3 days to give it back to me?",1061270,"@370592 Hi there, we wouldn't be able to speculate on the amount of time for the appropriate teams to  1 ^JS",general_or_unclear_reply,review_required,rule_assisted_needs_sample_review,safety_enforcement_security,0.413,semantic_prototype_weak_label
1061269,1061271,370592,Sat Oct 14 22:02:02 +0000 2017,@XboxSupport Is this how @AskPlayStation handles things or is it just an @115786 thing?,1061274,@370592 things are going with this. We would be unable to speculate since we are separate from the phone/chat teams.  2 ^RR,specialist_handoff,escalate,rule_assisted_needs_sample_review,other_or_needs_context,0.569,semantic_prototype_weak_label
1061269,1061271,370592,Sat Oct 14 22:02:02 +0000 2017,@XboxSupport Is this how @AskPlayStation handles things or is it just an @115786 thing?,1061275,@370592 Totally understand the frustration. You can try reaching out to the phone/chat teams to get an update on how  1 ^RR,specialist_handoff,escalate,rule_assisted_needs_sample_review,other_or_needs_context,0.569,semantic_prototype_weak_label
1061269,1061277,370592,Sat Oct 14 23:25:13 +0000 2017,"@XboxSupport 2xbox ones in the house, 8 year running gold member, have bought all of my games through the live store=no extra effort from Microsoft",1061278,@370592 If you have not tried the steps here: https://t.co/Po93RfpZ7v recommend trying them if you think your account has been compromised.   ^RR,public_documentation,auto_handle_candidate,rule_assisted_needs_sample_review,subscription_game_pass_gold,0.576,semantic_prototype_weak_label
1061269,1061279,370592,Sat Oct 14 23:34:21 +0000 2017,"@XboxSupport Way past that, was told earlier today that account was confirmed hacked, was then told wait 24-72 more hours",1061280,@370592 check on the status of things you can reach out to phone/chat support for more updates.  2 ^RR,specialist_handoff,escalate,rule_assisted_needs_sample_review,account_access_profile,0.588,semantic_prototype_weak_label
1061269,1061279,370592,Sat Oct 14 23:34:21 +0000 2017,"@XboxSupport Way past that, was told earlier today that account was confirmed hacked, was then told wait 24-72 more hours",1061281,@370592 If they recommend you waiting then that would be the best step. If you are wanting to  1 ^RR,general_or_unclear_reply,review_required,rule_assisted_needs_sample_review,account_access_profile,0.588,semantic_prototype_weak_label
1064557,1064557,371335,Sat Oct 14 20:17:58 +0000 2017,@XboxSupport i have xbox 360 controllers on my pc but they keep not working after 5 minutes how can i fix this?,1064556,@371335 Hi there! Are you able to test those on another PC or on a console by chance? ^JL,general_or_unclear_reply,review_required,rule_assisted_needs_sample_review,account_access_profile,0.436,semantic_prototype_weak_label
770635,770635,304029,Wed Oct 11 20:56:38 +0000 2017,@129931 MY GTR NISSAN FOR RL IS WORKING PLEASE FIX... XBOX GT IF NEEDED CRIMECOPGAMING,770640,"@304029 Hello there. Just wondering if you're still having trouble accessing the Nissan Skyline. Let us know, we're happy to help. ^AK",general_or_unclear_reply,review_required,rule_assisted_needs_sample_review,account_access_profile,0.401,semantic_prototype_weak_label
1070578,1070578,372628,Sat Oct 14 21:34:32 +0000 2017,@XboxSupport @115786 if yo don't release the old update for Xbox I'm gonna buy a PS4 the new update is vile,1070577,@372628 Hi there! If you have feedback for the Insider program let's be sure to reach out here: https://t.co/X4AdtqNL92  ^BL,public_documentation,auto_handle_candidate,rule_assisted_needs_sample_review,other_or_needs_context,0.423,semantic_prototype_weak_label
1070594,1070592,372634,Sat Oct 14 19:59:34 +0000 2017,@XboxSupport @XboxSupport Well I see the sale is off now ☹️ https://t.co/ExA9XxCO00,1070591,@372634 purchase here:  https://t.co/IvfDGQ3q41 if you're unable to complete the transaction from your Xbox One console.  2 ^ZM,public_documentation,auto_handle_candidate,rule_assisted_needs_sample_review,account_access_profile,0.409,semantic_prototype_weak_label
1070594,1070592,372634,Sat Oct 14 19:59:34 +0000 2017,@XboxSupport @XboxSupport Well I see the sale is off now ☹️ https://t.co/ExA9XxCO00,1070593,"@372634 Hi there, yes, we're afraid that sale price has changed. You may be able to make the  1 ^ZM",general_or_unclear_reply,review_required,rule_assisted_needs_sample_review,account_access_profile,0.409,semantic_prototype_weak_label
1072156,1072156,373005,Sat Nov 25 17:33:52 +0000 2017,@XboxSupport why is I.T so hard to get in contact with support on the website,1072155,"@373005 We'd be happy to help, but we could use more info. Could you follow &amp; DM @Xboxsupport with your Gamertag &amp; some details? ^EZ",private_account_investigation,escalate,rule_assisted_needs_sample_review,other_or_needs_context,0.608,semantic_prototype_weak_label
1072645,1072645,268345,Sat Oct 14 23:07:24 +0000 2017,@XboxSupport I think party chat might be having issues,1072643,@268345 Hi there! Could you give us some details on the issue you're having? ^JS,general_or_unclear_reply,review_required,rule_assisted_needs_sample_review,account_access_profile,0.510,semantic_prototype_weak_label
1073864,1073863,373375,Sat Oct 14 23:30:48 +0000 2017,@XboxSupport Plz help,1073862,@373375 Hello! Would you mind following us and sending a DM when you are so we can gather more info?  ^RR,private_account_investigation,escalate,rule_assisted_needs_sample_review,account_access_profile,0.525,semantic_prototype_weak_label
1075894,1075894,373851,Mon Oct 23 12:34:04 +0000 2017,Currently on hold to @XboxSupport the incessant Minecraft music must be to encourage people to hang up,1075893,"@373851 We'd be happy to help, but could use more info. Could you follow &amp; DM @Xboxsupport with your Gamertag &amp; some details? ^EZ",private_account_investigation,escalate,rule_assisted_needs_sample_review,other_or_needs_context,0.446,semantic_prototype_weak_label
1075901,1075901,373853,Mon Oct 23 12:25:01 +0000 2017,"@115786 @115787 @XboxSupport 2 months since I bought #XboxOneS, haven’t been able to use #Kinect cuz all my 360 games are not compatible...smh",1075900,"@373853 We'd be happy to help, but we could use more info. Could you follow &amp; DM @Xboxsupport with your Gamertag &amp; some details? ^EZ",private_account_investigation,escalate,rule_assisted_needs_sample_review,other_or_needs_context,0.446,semantic_prototype_weak_label
1079865,1079865,374726,Sun Oct 15 01:17:41 +0000 2017,"Hey @XboxSupport can I please get a refund? I rented a movie through your TV/Movies app, and it says it can’t play. Thanks! https://t.co/o6D0dNllki",1079864,@374726 Hi there! Let's check in with the chat team here: https://t.co/lUV7XYl61S to look into that charge with you.  ^BL,specialist_handoff,escalate,rule_assisted_needs_sample_review,billing_codes_refunds,0.435,semantic_prototype_weak_label
1081274,1081267,375061,Sun Oct 15 00:45:51 +0000 2017,@115786 @XboxSupport I can't even open the store to redownload it,1081265,"@375061 Greetings! Let's have you try resetting your router/modem and power cycling: https://t.co/QENEhDawC3
 ^RR",public_documentation,auto_handle_candidate,rule_assisted_needs_sample_review,account_access_profile,0.572,semantic_prototype_weak_label
1081918,1081918,375209,Mon Oct 23 19:04:56 +0000 2017,@115786 @XboxSupport The games campaign?,1081916,@375209 Hey there! Did you have a support question for us today?  ^BL,general_or_unclear_reply,review_required,rule_assisted_needs_sample_review,other_or_needs_context,0.427,semantic_prototype_weak_label
1081918,1081917,375209,Mon Oct 23 20:27:11 +0000 2017,@XboxSupport I did but I fixed it;for some reason my controller was on and connected even though my Xbox was off and it turned itself on and reset a game,1081919,"@375209 Got ya, glad to hear it's all sorted out, have a great night!  ^BL",general_or_unclear_reply,review_required,rule_assisted_needs_sample_review,account_access_profile,0.459,semantic_prototype_weak_label
1082265,1082265,375294,Sun Oct 15 00:54:06 +0000 2017,"@XboxSupport Yesterday I redeem a Xbox Live Gold code, the subscription expires on January 14, 2018, but I can't play online, what can i do?",1082264,@375294 Hi there! Can you DM us your Gamertag and what type of Gold code you used? ^JL,private_account_investigation,escalate,rule_assisted_needs_sample_review,account_access_profile,0.520,semantic_prototype_weak_label
1083403,1083403,375561,Mon Oct 23 10:04:13 +0000 2017,@XboxSupport my controllers X button isn’t working. How can I fix this??,1083401,"@375561 Hi there, please try the steps here: https://t.co/s2vmd2mQRK to see if they can help. ^ZM",public_documentation,auto_handle_candidate,rule_assisted_needs_sample_review,account_access_profile,0.430,semantic_prototype_weak_label
1083406,1083406,375562,Mon Oct 23 12:42:22 +0000 2017,@XboxSupport only the games i have had for a while work ?i need help pls since i want to buy games but i wouldnt be able to play them,1083405,@375562 We would recommend checking to make sure the appropriate console is still set as a home console https://t.co/kBfJplYV0i ^JS,public_documentation,auto_handle_candidate,rule_assisted_needs_sample_review,game_content_download,0.503,semantic_prototype_weak_label
817781,817799,376577,Sun Oct 15 01:33:47 +0000 2017,@XboxSupport I can't sign in my account in Xbox one can you help me !,1087627,@376577 Heya! Let's power down the console and unplug it for about 5 mins then reboot and try again. ^JL,public_troubleshooting,auto_handle_candidate,rule_assisted_needs_sample_review,account_access_profile,0.782,semantic_prototype_weak_label
1089301,1089299,376982,Mon Oct 23 16:08:18 +0000 2017,@204039 Nice catch. Thanks!,1089298,@376982 Hi there! You can find information about this here https://t.co/S2hIbQYXuD ^JS,public_documentation,auto_handle_candidate,rule_assisted_needs_sample_review,other_or_needs_context,0.145,semantic_prototype_weak_label
1090319,1090319,328374,Mon Oct 23 16:45:14 +0000 2017,"@XboxSupport Button to ""Join Now"" &amp; renew the Xbox Live sub is not working. In My Acct., I clicked Renew &amp; the  Join Now button didn't work.",1090317,@328374 Hi there! Could you power cycle https://t.co/QENEhDawC3 your console and see if the button works now? ^JS,public_documentation,auto_handle_candidate,rule_assisted_needs_sample_review,account_access_profile,0.477,semantic_prototype_weak_label
1090319,1090318,328374,Mon Oct 23 19:42:57 +0000 2017,@XboxSupport This happened on the web. Tried on an iPhone and a desktop Chrome browser.,1090320,@328374 Apologies for that confusion. Are you able to complete this transaction directly on the console? ^JS,general_or_unclear_reply,review_required,rule_assisted_needs_sample_review,account_access_profile,0.541,semantic_prototype_weak_label
1093803,1093803,378150,Mon Oct 23 20:15:06 +0000 2017,@XboxSupport I went to redeem a $25 Xbox card. I did and the $25 isn't in my account. But it says redeemed. Any way to help?,1093801,@378150 Hi there! Are you able to see it when you login here: https://t.co/APJuoiVeWn ^BL,public_documentation,auto_handle_candidate,rule_assisted_needs_sample_review,billing_codes_refunds,0.492,semantic_prototype_weak_label
1093803,1093802,378150,Mon Oct 23 20:59:34 +0000 2017,"@XboxSupport Maybe 15 min after I put the code in, it corrected itself now it is redeemed. Might of been a glitch. But worked. Thanks",1093804,"@378150 Glad to hear it, have a great night!  ^BL",general_or_unclear_reply,review_required,rule_assisted_needs_sample_review,account_access_profile,0.454,semantic_prototype_weak_label
1093803,1093805,252178,Mon Oct 23 20:58:33 +0000 2017,@378150 @XboxSupport Having the exact same problem,1094940,"@252178 We'd be happy to help, but could use more info. Could you follow &amp; DM @Xboxsupport with your Gamertag &amp; some details? ^EZ",private_account_investigation,escalate,rule_assisted_needs_sample_review,account_access_profile,0.565,semantic_prototype_weak_label
1096944,1096944,147397,Fri Oct 13 20:41:51 +0000 2017,@XboxSupport Hey my Xbox controller’s left bumper isn’t working on gta I have to press it down hard to get my weapon wheel up,1096943,@147397 any issues getting this done please reach out to our phone team here: https://t.co/lUV7XYl61S for further assistance.  2 ^XS,public_documentation,auto_handle_candidate,rule_assisted_needs_sample_review,account_access_profile,0.376,semantic_prototype_weak_label
1097181,1097181,378903,Mon Oct 23 21:29:08 +0000 2017,@XboxSupport is there a way I can delete the latest update or change back to the old menu configuration,1097180,"@378903 Hi there! There is not a way to do that, if you have any feedback be sure to reach out here: https://t.co/Ub2WjDyEcS  ^BL",public_documentation,auto_handle_candidate,rule_assisted_needs_sample_review,account_access_profile,0.351,semantic_prototype_weak_label
1100249,1100248,379599,Mon Oct 23 22:25:59 +0000 2017,@379600 @XboxSupport getting the same problem man https://t.co/Rph4rRuXtm,1100247,@379599 Hey there! DM us with your Gamertag so we can take a look! https://t.co/nPX1yNXCi5 ^FH,private_account_investigation,escalate,rule_assisted_needs_sample_review,account_access_profile,0.514,semantic_prototype_weak_label
1100249,1100249,379600,Mon Oct 23 21:38:13 +0000 2017,@XboxSupport why can't I sign in? https://t.co/jsoBGLR2MG,1100250,@379600 Hey there! DM us with your Gamertag so we can take a look! https://t.co/nPX1yNXCi5 ^FH,private_account_investigation,escalate,rule_assisted_needs_sample_review,account_access_profile,0.737,semantic_prototype_weak_label
1101573,1101572,379912,Mon Oct 23 22:47:19 +0000 2017,@XboxSupport PLEASE CAN YOU HELP ME !!!!!!!!!!,1101571,"@379912 Hello, thanks for reaching out to us! Can you DM us your gamertag and details of your issue? ^CO",private_account_investigation,escalate,rule_assisted_needs_sample_review,account_access_profile,0.491,semantic_prototype_weak_label
1103258,1103258,380348,Mon Oct 23 23:09:45 +0000 2017,@XboxSupport Cant sign in to my account and wont sync. Says im on xbox live but cant retrieve anything or play.,1103257,@380348 a DM: https://t.co/nPX1yNG0Tv with your gamertag and a detailed summary of the issue you're experiencing?  2 ^ZM,private_account_investigation,escalate,rule_assisted_needs_sample_review,account_access_profile,0.737,semantic_prototype_weak_label
1103258,1103258,380348,Mon Oct 23 23:09:45 +0000 2017,@XboxSupport Cant sign in to my account and wont sync. Says im on xbox live but cant retrieve anything or play.,1103259,"@380348 Hi there, we'd like to help but could use more info. Can you please send us  1 ^ZM",needs_more_context,escalate,rule_assisted_needs_sample_review,account_access_profile,0.737,semantic_prototype_weak_label
1105146,1105146,380784,Mon Oct 23 20:58:28 +0000 2017,"Love coming home too all the clothes tipped out, draws out, willows heat lamp broken and Xbox controller broken",1105145,"@380784 Need help with your controller? Official Xbox Support here, send us a tweet and we can help. 
 ^RR",general_or_unclear_reply,review_required,rule_assisted_needs_sample_review,console_accessory_display,0.367,semantic_prototype_weak_label
1106048,1106044,381017,Mon Oct 23 18:51:15 +0000 2017,@381018 @381019 @115788 @115786 And could you add Spider-Man 2 as well! https://t.co/1HV9C9nOug,1106043,"@381017 Want to know where you can suggest your ideas? Official Xbox Support here, send us a tweet and we can get you that info. 
 ^RR",general_or_unclear_reply,review_required,rule_assisted_needs_sample_review,billing_codes_refunds,0.081,semantic_prototype_weak_label
1106993,1106993,381260,Mon Oct 23 22:00:23 +0000 2017,s/o whoever fucked up my xbox live account,1106992,"@381260 Need help with your account? Official Xbox Support here, send us a tweet and we can help. 
 ^RR",general_or_unclear_reply,review_required,rule_assisted_needs_sample_review,account_access_profile,0.582,semantic_prototype_weak_label
1107673,1107673,381439,Tue Oct 24 00:17:24 +0000 2017,@XboxSupport can’t join friends games. And you’re server status page is down.,1107672,@381439 Oh no. So there is an issue with using Xbox on other devices but party chat should be fine. Can you dm your GT and a 1/2 ^IS,general_or_unclear_reply,review_required,rule_assisted_needs_sample_review,account_access_profile,0.513,semantic_prototype_weak_label
1108753,1108753,381666,Sat Oct 14 02:03:29 +0000 2017,"@152374 I have a ban because a salty kid on overwatch reported me for trying, any help.",1108752,@381666 @152374 Hi there. We'd recommend applying for a case review here: https://t.co/U1yn6tCbse  ^JA,enforcement_review,escalate,rule_assisted_needs_sample_review,safety_enforcement_security,0.377,semantic_prototype_weak_label
1109847,1109847,381905,Tue Oct 24 00:26:36 +0000 2017,@XboxSupport can you please help me I have Forza Horizon 3 and I have a game save and when I load it I have to restart and idk how to fix it,1109846,"@381905 Hello, thanks for reaching out to us. Can you DM us your gamertag and description of the issue? ^CO",private_account_investigation,escalate,rule_assisted_needs_sample_review,account_access_profile,0.417,semantic_prototype_weak_label
1111116,1111111,382242,Tue Oct 24 01:46:23 +0000 2017,"@382243 @XboxSupport @311271 This is the promo I am talking about, please, can anybody help? https://t.co/wzisRzQixn",1111110,"@382242 Hello! Xbox Live Services are currently experiencing issues. You can stay up to date here: https://t.co/NSXOiTMoQ9 
 ^RR",public_documentation,auto_handle_candidate,rule_assisted_needs_sample_review,account_access_profile,0.423,semantic_prototype_weak_label
1112372,1112372,233626,Tue Oct 24 01:09:43 +0000 2017,@XboxSupport will dead to rights all copys of game work even platinum hits of it for bc on xbox one,1112370,@233626 We wouldn't have those specifics unfortunately. Let's keep an eye on updates as this launches for those specifics.  ^IS,general_or_unclear_reply,review_required,rule_assisted_needs_sample_review,other_or_needs_context,0.417,semantic_prototype_weak_label
1112372,1112371,233626,Tue Oct 24 02:29:50 +0000 2017,@XboxSupport well when i put my disc in it just makes noise and spins or something,1112373,@233626 The feature is not active currently and should launch sometime tomorrow. Unfortunately we don't have the exact time. ^IS,general_or_unclear_reply,review_required,rule_assisted_needs_sample_review,other_or_needs_context,0.463,semantic_prototype_weak_label
1112979,1112979,126293,Tue Oct 24 01:39:04 +0000 2017,"@XboxSupport Is the tv show shortcuts in pins feature gone? After updating to the fall update, they're gone and they won't add back in. TV show shortcuts like to a specific show on HBO or CW...",1112977,"@126293 Heya! If that is something you would like to see, you can let your voice be heard here: https://t.co/xzPtJXQjgy 
 ^RR",public_documentation,auto_handle_candidate,rule_assisted_needs_sample_review,billing_codes_refunds,0.296,semantic_prototype_weak_label
1113382,1113382,382769,Tue Oct 24 01:58:33 +0000 2017,@XboxSupport  is the Full Set achievement in Madden 18 not working? Did all 32 teams but didn't get achievement,1113381,"@382769 Hello, thanks for reaching out to us. Can you DM us your gamertag so we can gather more information? ^CO",private_account_investigation,escalate,rule_assisted_needs_sample_review,account_access_profile,0.322,semantic_prototype_weak_label
1022980,1022977,322118,Tue Oct 24 02:31:02 +0000 2017,@202236 I forgot my Microsoft password,1114138,@322118 Hi there! You can recover that information through the guide here: https://t.co/ZzAzNbZSoD ^BL,public_documentation,auto_handle_candidate,rule_assisted_needs_sample_review,account_access_profile,0.554,semantic_prototype_weak_label
1125253,1125253,384632,Sat Nov 25 15:34:33 +0000 2017,"@XboxSupport My Xbox One keeps making a clicking sound when I play Fallout 4, any reason why?",1125251,"@384632 Hi, we would not be able to speculate on what is causing the sound. try powering off the console and unplugging the console for five minutes. ^RM",public_troubleshooting,auto_handle_candidate,rule_assisted_needs_sample_review,account_access_profile,0.340,semantic_prototype_weak_label
1125256,1125256,309254,Sat Nov 25 11:05:10 +0000 2017,@XboxSupport XBOS-30100f59feae-02cc-41f3-a135-daacf6a1e667 this is the error code I get when trying to redeem an Xbox Live Gold prepaid code. Why does redeeming Gold codes always have flaws? I've never spoken to someone who's had a flawless experience with them,1125254,@309254 Hey there! Let's follow the guide here: https://t.co/8z2kfgIEyk for more help with code redemptions! ^BZ,public_documentation,auto_handle_candidate,rule_assisted_needs_sample_review,subscription_game_pass_gold,0.476,semantic_prototype_weak_label
1125256,1125255,309254,Sun Nov 26 17:47:25 +0000 2017,"@XboxSupport Great, it doesn't recognize my error code. XBOS-3010 1c2e4ac3-0bca-48c2-913e-75b65d3e0ad7 please have a look at it yourself stop redirecting me to 'everywhere' cause I've tried 'everywhere' and 'everywhere' doesn't work.",1125257,@309254 Could you DM https://t.co/nPX1yNXCi5 us your Gamertag and the full code you're trying to redeem? ^JS,private_account_investigation,escalate,rule_assisted_needs_sample_review,other_or_needs_context,0.285,semantic_prototype_weak_label
1125264,1125261,385323,Sat Nov 25 10:47:28 +0000 2017,@117331 @115786 @XboxSupport answer me!!!,1125260,@385323 able to best go over any replacement options that may be available to you!  2 ^BZ,general_or_unclear_reply,review_required,rule_assisted_needs_sample_review,other_or_needs_context,0.520,semantic_prototype_weak_label
1125264,1125261,385323,Sat Nov 25 10:47:28 +0000 2017,@117331 @115786 @XboxSupport answer me!!!,1125262,@385323 Oh no! We'd recommend reaching out to the live chat team: https://t.co/lUV7XYl61S as they'll be  1 ^BZ,specialist_handoff,escalate,rule_assisted_needs_sample_review,other_or_needs_context,0.520,semantic_prototype_weak_label
1132958,1132958,386972,Wed Nov 08 20:05:28 +0000 2017,@XboxSupport the fact I need to resync my controller every time after I shut my console down is very annoying.,1132957,@386972 Hello. We recommend making sure you don't have controller interference from your router or other consoles. ^CO,general_or_unclear_reply,review_required,rule_assisted_needs_sample_review,other_or_needs_context,0.377,semantic_prototype_weak_label
1135436,1135436,387502,Sun Oct 15 03:55:48 +0000 2017,@XboxSupport I need help,1135434,@387502 are having along with your Gamertag? Please include verbatims of any error you are seeing.  2 ^XS,private_account_investigation,escalate,rule_assisted_needs_sample_review,account_access_profile,0.541,semantic_prototype_weak_label
1135436,1135436,387502,Sun Oct 15 03:55:48 +0000 2017,@XboxSupport I need help,1135437,"@387502 Hey there, can you please DM us with a full description of the issue you  1 ^XS",private_account_investigation,escalate,rule_assisted_needs_sample_review,account_access_profile,0.541,semantic_prototype_weak_label
1138439,1138439,388153,Sun Oct 15 04:09:36 +0000 2017,@XboxSupport I can send invites but am not receiving any from friends?,1138438,"@388153 You can try re-adding your Xbox account to the console by following these steps https://t.co/ANtB3VzqWa
 ^RM",public_documentation,auto_handle_candidate,rule_assisted_needs_sample_review,account_access_profile,0.509,semantic_prototype_weak_label
1140101,1140101,388384,Tue Oct 24 06:21:12 +0000 2017,So uhhh hey @XboxSupport and @115890 so that recent xbox update........what happened? Their are some issues that make the controls poop.,1140100,@388384 DM us your Gamertag and clarify what the issue is that you're having so we can investigate?  2 ^BZ,private_account_investigation,escalate,rule_assisted_needs_sample_review,other_or_needs_context,0.513,semantic_prototype_weak_label
1140101,1140101,388384,Tue Oct 24 06:21:12 +0000 2017,So uhhh hey @XboxSupport and @115890 so that recent xbox update........what happened? Their are some issues that make the controls poop.,1140102,@388384 Heyo! We'd like to Direct Message so we can collect some more information. Can you follow and  1 ^BZ,private_account_investigation,escalate,rule_assisted_needs_sample_review,other_or_needs_context,0.513,semantic_prototype_weak_label
1141432,1141430,388681,Tue Oct 24 09:55:08 +0000 2017,"@XboxSupport Time. I have now got the money available, will I have to do anything or will the process go as usual now? (2)",1141428,@388681 if you experience any issues and we'll be happy to look into it further with you.  2 ^ZM,general_or_unclear_reply,review_required,rule_assisted_needs_sample_review,billing_codes_refunds,0.466,semantic_prototype_weak_label
1141432,1141430,388681,Tue Oct 24 09:55:08 +0000 2017,"@XboxSupport Time. I have now got the money available, will I have to do anything or will the process go as usual now? (2)",1141431,"@388681 Hi there, let's have you try that pre-order for the game now. Please let us know  1 ^ZM",public_troubleshooting,auto_handle_candidate,rule_assisted_needs_sample_review,billing_codes_refunds,0.466,semantic_prototype_weak_label
1142496,1142496,388918,Tue Oct 24 08:25:38 +0000 2017,"Hey @XboxSupport, when the console needs to download &amp; install an update, can it not do it during an @125965 comp match please? Ta",1142495,"@388918 Hi there! If you'd like to see other options for updating, we're always looking for suggestions on https://t.co/EDoaucSh9O  ^EZ",public_documentation,auto_handle_candidate,rule_assisted_needs_sample_review,other_or_needs_context,0.480,semantic_prototype_weak_label
1142522,1142522,388926,Tue Oct 24 08:16:36 +0000 2017,@XboxSupport My Xbox One is doing something strange and I need assistance,1142521,"@388926 We'd be happy to help, but we could use more info. Could you follow &amp; DM @Xboxsupport with your Gamertag &amp; some details? ^EZ",private_account_investigation,escalate,rule_assisted_needs_sample_review,account_access_profile,0.560,semantic_prototype_weak_label
1143782,1143780,129034,Sun Oct 15 13:18:01 +0000 2017,@9914 @115790 @XboxSupport @117331 @4846 @48024 any ideas on how to fix FIFA please?,1143779,@129034 DM us your Gamertag and clarify what the issue is that you're having so we can investigate?  2 ^BZ,private_account_investigation,escalate,rule_assisted_needs_sample_review,account_access_profile,0.474,semantic_prototype_weak_label
1143787,1143787,308598,Sun Oct 15 13:08:34 +0000 2017,@204967 @XboxSupport @115786  still waiting for what I purchased from Madden 18 to show up.,1143785,@308598 Hi there. Can you DM us your Gamertag and clarify what content specifically you're not seeing? ^BZ,private_account_investigation,escalate,rule_assisted_needs_sample_review,billing_codes_refunds,0.394,semantic_prototype_weak_label
1143801,1143791,389200,Sun Oct 15 07:25:02 +0000 2017,"@389201 I cant play fortnite on xbox, that shit wont update :(",1143790,"@389200 Hi there! Let's check out our guide here for this update issue that you're seeing https://t.co/hU7IFbIJib
 ^TJ",public_documentation,auto_handle_candidate,rule_assisted_needs_sample_review,account_access_profile,0.435,semantic_prototype_weak_label
1143808,1143808,267435,Sun Oct 15 11:52:25 +0000 2017,@XboxSupport what with the need to keep signing into NFL game pass every other day? Never used to do this crap,1143806,"@267435 Hi there. After signing in, are you having issues with the NFL app and viewing any of the content? ^BZ",general_or_unclear_reply,review_required,rule_assisted_needs_sample_review,subscription_game_pass_gold,0.481,semantic_prototype_weak_label
1143808,1143807,267435,Sun Oct 15 16:24:03 +0000 2017,@XboxSupport Well none of the games have started yet some come 6pm it’ll either be happy camper or meltdown 😏,1143809,"@267435 Let us know, we'll be here :) ^BZ",general_or_unclear_reply,review_required,rule_assisted_needs_sample_review,other_or_needs_context,0.332,semantic_prototype_weak_label
1143808,1143810,267435,Sun Oct 15 17:15:49 +0000 2017,@XboxSupport It’s running so 👍 cheers,1143811,@267435 Glad to hear it! Cheers :) ^BZ,general_or_unclear_reply,review_required,rule_assisted_needs_sample_review,other_or_needs_context,0.446,semantic_prototype_weak_label
1143826,1143826,389208,Sun Oct 15 09:28:59 +0000 2017,@XboxSupport trying to contact anyone from xbox to help with regards to my son's x box one controller not working but website not working,1143824,@389208 are having along with your Gamertag? Please include verbatims of any error you are seeing.  2 ^XS,private_account_investigation,escalate,rule_assisted_needs_sample_review,account_access_profile,0.481,semantic_prototype_weak_label
1143826,1143826,389208,Sun Oct 15 09:28:59 +0000 2017,@XboxSupport trying to contact anyone from xbox to help with regards to my son's x box one controller not working but website not working,1143827,"@389208 Hey there, can you please DM us with a full description of the issue you  1 ^XS",private_account_investigation,escalate,rule_assisted_needs_sample_review,account_access_profile,0.481,semantic_prototype_weak_label
1147303,1147303,390025,Sun Oct 15 12:02:01 +0000 2017,@XboxSupport do you know if anything is being done for the frame skips on park and pro-am it’s kinda pointless to have a game and cant play,1147302,@390025 are having along with your Gamertag? Please include verbatims of any error you are seeing.  2 ^XS,private_account_investigation,escalate,rule_assisted_needs_sample_review,other_or_needs_context,0.444,semantic_prototype_weak_label
1151417,1151417,390955,Tue Oct 24 04:52:22 +0000 2017,@XboxSupport why am I get paired up with a guy I blocked/reported on Xbox live?,1151415,@390955 they will be unable to send messages to you. You can find more info here https://t.co/ME4ICwaGNB  2 ^JS,needs_more_context,escalate,rule_assisted_needs_sample_review,other_or_needs_context,0.480,semantic_prototype_weak_label
1151417,1151417,390955,Tue Oct 24 04:52:22 +0000 2017,@XboxSupport why am I get paired up with a guy I blocked/reported on Xbox live?,1151418,"@390955 Hi there! Just to clarfiy, blocking someone doesn't guarantee they won't get paired with you. But  1 ^JS",general_or_unclear_reply,review_required,rule_assisted_needs_sample_review,other_or_needs_context,0.480,semantic_prototype_weak_label
1154236,1154236,290670,Sun Oct 15 15:55:27 +0000 2017,@XboxSupport my Xbox One S killed my turtle beach headset transmitter. Thought it was coincidence so i replaced it. Killed that one to. WTH?,1154235,@290670 are having along with your Gamertag? Please include verbatims of any error you are seeing.  2 ^XS,private_account_investigation,escalate,rule_assisted_needs_sample_review,other_or_needs_context,0.375,semantic_prototype_weak_label
1154236,1154236,290670,Sun Oct 15 15:55:27 +0000 2017,@XboxSupport my Xbox One S killed my turtle beach headset transmitter. Thought it was coincidence so i replaced it. Killed that one to. WTH?,1154237,"@290670 Hey there, can you please DM us with a full description of the issue you  1 ^XS",private_account_investigation,escalate,rule_assisted_needs_sample_review,other_or_needs_context,0.375,semantic_prototype_weak_label
1154543,1154543,391608,Tue Oct 24 17:13:36 +0000 2017,Nice is @XboxSupport  going home if i have a Problem and don't answer me. Maybe it was a mistake to buy a Xbox and not a ps4,1154540,"@391608 Hey, did you have a Xbox question that we could assist with? ^RM",general_or_unclear_reply,review_required,rule_assisted_needs_sample_review,other_or_needs_context,0.531,semantic_prototype_weak_label
1154543,1154541,391608,Tue Oct 24 17:43:50 +0000 2017,@XboxSupport I can't login in my account and the german support closed at 18pm ?! I can't play any games. Only Netflix is working...,1154544,"@391608 Hey, try restarting your console with these steps https://t.co/Z4gqYJG4xh
 ^RM",public_documentation,auto_handle_candidate,rule_assisted_needs_sample_review,account_access_profile,0.554,semantic_prototype_weak_label
1154543,1154542,391608,Tue Oct 24 18:51:15 +0000 2017,@XboxSupport i try so many things..Error number 0x87DD0017 But maybe i give xbox back after 4 errors new xbox and get a ps4 with no problems,1154546,"@391608 Hi, you can use these troubleshooting steps for that error here https://t.co/aK9YW9Tmxp. ^RM",public_documentation,auto_handle_candidate,rule_assisted_needs_sample_review,account_access_profile,0.538,semantic_prototype_weak_label
1154581,1154579,391618,Tue Oct 24 17:26:33 +0000 2017,@391619 @115786 The deal is that xbox is fucking stupid and cant do anything right,1154578,"@391618 Hi there, could you power cycle https://t.co/QENEhDawC3 your console and see if the content is in the store then? ^JS",public_documentation,auto_handle_candidate,rule_assisted_needs_sample_review,other_or_needs_context,0.484,semantic_prototype_weak_label
1154593,1154589,391620,Tue Oct 24 16:32:41 +0000 2017,"@XboxSupport Went downstairs and checked it again and it's good. thanks. Apparently I was just too anxious, Thanks guys",1154588,@391620 No problem! Feel free to reach out should you have future Xbox Support questions! Happy Gaming! ^JS,general_or_unclear_reply,review_required,rule_assisted_needs_sample_review,other_or_needs_context,0.478,semantic_prototype_weak_label
1154593,1154593,391620,Tue Oct 24 11:54:01 +0000 2017,Can't find my @132021 #KnightsoftheOldRepublic download for #OGXbox #backcompat. Must call @XboxSupport,1154591,@391620 Hi there! Could you power cycle https://t.co/QENEhDawC3 and look in your ready to install section to see if it's there? ^JS,public_documentation,auto_handle_candidate,rule_assisted_needs_sample_review,other_or_needs_context,0.350,semantic_prototype_weak_label
1156125,1156125,174890,Sun Oct 15 12:48:22 +0000 2017,@XboxSupport My installation problem of HALO WARS 2 is solved now.That was HDD location problem whether internal or exterior...,1156124,"@174890 That is good to hear. if you have any additional questions for us to answer, you can reach out to us. ^RM",general_or_unclear_reply,review_required,rule_assisted_needs_sample_review,account_access_profile,0.312,semantic_prototype_weak_label
1158593,1158593,392545,Tue Oct 24 15:11:01 +0000 2017,@115786 @XboxSupport Reputation needs what😂😂? https://t.co/dOHiq0g0Bl,1158592,"@392545 Hi, we can not speculate on enforcement actions, but you can go here to submit a case review https://t.co/LQYh6TbBcD. ^RM",enforcement_review,escalate,rule_assisted_needs_sample_review,account_access_profile,0.412,semantic_prototype_weak_label
1158598,1158598,392548,Tue Oct 24 14:08:48 +0000 2017,@116543 @115787 @115786 People wants this 👀 make it happen please! https://t.co/eIrgViuMYW,1158596,@392548 purchase Xbox 360 games unless you're on an Xbox 360 console. More info here: https://t.co/GyGkgoBKA5 .  2 ^ZM,needs_more_context,escalate,rule_assisted_needs_sample_review,other_or_needs_context,0.135,semantic_prototype_weak_label
1158598,1158598,392548,Tue Oct 24 14:08:48 +0000 2017,@116543 @115787 @115786 People wants this 👀 make it happen please! https://t.co/eIrgViuMYW,1158599,"@392548 Hi there, can you please send us your gamertag? We're afraid you cannot use account balance to  1 ^ZM",private_account_investigation,escalate,rule_assisted_needs_sample_review,other_or_needs_context,0.135,semantic_prototype_weak_label
1166148,1166148,394299,Tue Oct 24 18:01:49 +0000 2017,"hi, just downloaded the newest xbox one Update and now my account can‘t connect to xbox live and logs itself out all the time @XboxSupport",1166146,"@394299 We'd be happy to help, but we could use more info. Could you follow &amp; DM @Xboxsupport with your Gamertag &amp; some details? ^EZ",private_account_investigation,escalate,rule_assisted_needs_sample_review,account_access_profile,0.657,semantic_prototype_weak_label
1166155,1166155,288649,Tue Oct 24 16:54:27 +0000 2017,"@XboxSupport German Xbox servers are down! Can't log in!!! DO SOMETHING, MANY REPORT IT!!!",1166154,"@288649 of your Xbox One console and router/modem, does that solve the issue? Please DM: https://t.co/nPX1yNXCi5 us.  2 ^ZM",public_documentation,auto_handle_candidate,rule_assisted_needs_sample_review,account_access_profile,0.616,semantic_prototype_weak_label
1166155,1166155,288649,Tue Oct 24 16:54:27 +0000 2017,"@XboxSupport German Xbox servers are down! Can't log in!!! DO SOMETHING, MANY REPORT IT!!!",1166156,"@288649 Hi there, can you please send us your gamertag? If you try a full power cycle: https://t.co/QENEhDawC3  1 ^ZM",private_account_investigation,escalate,rule_assisted_needs_sample_review,account_access_profile,0.616,semantic_prototype_weak_label
1167007,1166997,393211,Tue Oct 24 18:13:11 +0000 2017,@115788 Can you fix the xbox live problems in germany ? In germany cant log in.,1166995,"@393211 Hey, try restarting your console with these steps https://t.co/Z4gqYJG4xh
 ^RM",public_documentation,auto_handle_candidate,rule_assisted_needs_sample_review,account_access_profile,0.556,semantic_prototype_weak_label
1167007,1166996,393211,Tue Oct 24 18:40:59 +0000 2017,@XboxSupport I often try this. No effect. In germany has a Lot of paketloss to xbox live Server!,1166998,"@393211 Okay, you are still not able to sign in? ^RM",general_or_unclear_reply,review_required,rule_assisted_needs_sample_review,connectivity_xbox_live,0.471,semantic_prototype_weak_label
1167007,1166999,393211,Tue Oct 24 19:24:59 +0000 2017,"@XboxSupport Yes, i can login. But paketlost is high. No Party and games are lagging with guide",1167001,"@393211 Gotcha. To make sure, let's try power cycling the console then try signing back in. https://t.co/QENEhDawC3  ^TJ",public_documentation,auto_handle_candidate,rule_assisted_needs_sample_review,account_access_profile,0.508,semantic_prototype_weak_label
1167007,1167000,394492,Tue Oct 24 19:23:45 +0000 2017,@XboxSupport @393211 I can sign in now but Not Play online since packet loss is way2high. And i got signed out while writing this. #InAndOut #Repeat,1167002,@394492 Gotcha. The proper teams are currently looking into this issue. We appreciate your patience &amp; understanding. ^JA,general_or_unclear_reply,review_required,rule_assisted_needs_sample_review,account_access_profile,0.631,semantic_prototype_weak_label
1167007,1167003,394492,Tue Oct 24 20:59:11 +0000 2017,@XboxSupport Glad to hear. Hope you guys can fix it soon. Can Play online with problems of connection loss. Package loss 20-45%. Kudos,1167004,"@394492 power cycle: https://t.co/QENEhDawC3 After this, does this issue still occur? 2/2 ^JA",public_documentation,auto_handle_candidate,rule_assisted_needs_sample_review,connectivity_xbox_live,0.502,semantic_prototype_weak_label
1167007,1167003,394492,Tue Oct 24 20:59:11 +0000 2017,@XboxSupport Glad to hear. Hope you guys can fix it soon. Can Play online with problems of connection loss. Package loss 20-45%. Kudos,1167005,@394492 Thanks for that info. Would you be able to test resetting your router/modem and then 1/2 ^JA,general_or_unclear_reply,review_required,rule_assisted_needs_sample_review,connectivity_xbox_live,0.502,semantic_prototype_weak_label
1168182,1168181,394769,Tue Oct 24 18:33:13 +0000 2017,@394770 @XboxSupport Warte hier auch schon. 😏,1168180,"@394769 Hi there! We'd be happy to help with this. Could you follow us back &amp; DM your GamerTag when you get a chance? 
 ^TJ",private_account_investigation,escalate,rule_assisted_needs_sample_review,account_access_profile,0.292,semantic_prototype_weak_label
1169136,1169136,395007,Sun Oct 15 18:52:54 +0000 2017,@XboxSupport cant sign in to my account,1169135,@395007 are having along with your Gamertag? Please include verbatims of any error you are seeing.  2 ^XS,private_account_investigation,escalate,rule_assisted_needs_sample_review,account_access_profile,0.775,semantic_prototype_weak_label
1169136,1169136,395007,Sun Oct 15 18:52:54 +0000 2017,@XboxSupport cant sign in to my account,1169137,"@395007 Hey there, can you please DM us with a full description of the issue you  1 ^XS",private_account_investigation,escalate,rule_assisted_needs_sample_review,account_access_profile,0.775,semantic_prototype_weak_label
1170640,1170637,395324,Tue Oct 24 18:33:53 +0000 2017,@213651 Germany*,1170636,"@395324 Hey, this is a known issue that is being looked into. We will have more information when available.
 ^RM",needs_more_context,escalate,rule_assisted_needs_sample_review,account_access_profile,0.098,semantic_prototype_weak_label
1170644,1170644,395326,Tue Oct 24 18:28:48 +0000 2017,@XboxSupport no puedo abrir mi perfil q necesito hacer? https://t.co/2saZdFiExp,1170643,@395326 Could you direct message us your Gamertag? ^RM,private_account_investigation,escalate,rule_assisted_needs_sample_review,console_accessory_display,0.237,semantic_prototype_weak_label
1171190,1171190,395446,Sun Oct 15 19:01:07 +0000 2017,"@XboxSupport My NAT type is scrict, anyway i can change this as it is very annoying.",1171189,@395446 Hi there! Let's be sure to work through all the steps here: https://t.co/tfoF0KML4o ^BL,public_documentation,auto_handle_candidate,rule_assisted_needs_sample_review,other_or_needs_context,0.329,semantic_prototype_weak_label
1172448,1172444,395773,Tue Oct 24 18:51:24 +0000 2017,"@395774 @XboxSupport Bin ich ja froh, dass ich nicht der einzige bin😉",1172443,"@395773 Hi there! This is something that the proper teams are looking into. Greatly appreciate your patience! 
 ^TJ",general_or_unclear_reply,review_required,rule_assisted_needs_sample_review,billing_codes_refunds,0.216,semantic_prototype_weak_label
1172448,1172450,395774,Tue Oct 24 18:51:47 +0000 2017,"@395773 @XboxSupport Puh, ich dachte schon die Xbox muss zur Reperatur....",1172449,"@395774 Hi there! This is something that the proper teams are looking into. Greatly appreciate your patience! 
 ^TJ",general_or_unclear_reply,review_required,rule_assisted_needs_sample_review,billing_codes_refunds,0.249,semantic_prototype_weak_label
1154581,1154584,395995,Tue Oct 24 17:54:08 +0000 2017,@115786 Online store on ONE and https://t.co/RVFEHGrBmV says KOTOR is unavailable....why do you do this to me? I'm very loyal. @XboxSupport,1173420,@395995 Hi there! Could you log in and go here https://t.co/txV3tMpM21 and it should be available? ^JS,public_documentation,auto_handle_candidate,rule_assisted_needs_sample_review,other_or_needs_context,0.383,semantic_prototype_weak_label
1154581,1173421,395996,Tue Oct 24 22:57:27 +0000 2017,@XboxSupport @395995 I don’t have a 360 anymore https://t.co/DRvpNCgOf8,1173423,@395996 Hi there! This title should appear in your ready to install on your Xbox One.  ^JA,general_or_unclear_reply,review_required,rule_assisted_needs_sample_review,account_access_profile,0.501,semantic_prototype_weak_label
1154581,1173426,395997,Wed Oct 25 03:45:33 +0000 2017,"@XboxSupport @395996 It still isn't showing up in the ready to install list, been waiting all day. How could you screw up the only good game out of all 13??",1173427,@395997 Can you check https://t.co/def8k0zwx5 for that game? If you see it does adding it to the queue get it to show up? ^JL,public_documentation,auto_handle_candidate,rule_assisted_needs_sample_review,game_content_download,0.422,semantic_prototype_weak_label
1154581,1154584,395995,Tue Oct 24 17:54:08 +0000 2017,@115786 Online store on ONE and https://t.co/RVFEHGrBmV says KOTOR is unavailable....why do you do this to me? I'm very loyal. @XboxSupport,1173431,@395995 Hi there. If you sign into your account here: https://t.co/0oPInjt6pg are you able to purchase the game from there? ^BZ,public_documentation,auto_handle_candidate,rule_assisted_needs_sample_review,other_or_needs_context,0.383,semantic_prototype_weak_label
1143782,1143780,129034,Sun Oct 15 13:18:01 +0000 2017,@9914 @115790 @XboxSupport @117331 @4846 @48024 any ideas on how to fix FIFA please?,1143781,@129034 Heyo! We'd like to Direct Message so we can collect some more information. Can you follow and  1 ^BZ,private_account_investigation,escalate,rule_assisted_needs_sample_review,account_access_profile,0.474,semantic_prototype_weak_label
1147303,1147303,390025,Sun Oct 15 12:02:01 +0000 2017,@XboxSupport do you know if anything is being done for the frame skips on park and pro-am it’s kinda pointless to have a game and cant play,1147304,"@390025 Hey there, can you please DM us with a full description of the issue you  1 ^XS",private_account_investigation,escalate,rule_assisted_needs_sample_review,other_or_needs_context,0.444,semantic_prototype_weak_label
1175114,1175114,394493,Tue Oct 24 19:09:26 +0000 2017,@XboxSupport gamertag: CrisCantor please help me,1175113,@394493 Thanks for that info. Mind clarifying for us the country in which you are located?  ^JA,needs_more_context,escalate,rule_assisted_needs_sample_review,account_access_profile,0.520,semantic_prototype_weak_label
1175732,1175731,396568,Sun Oct 15 11:05:13 +0000 2017,"@XboxSupport  after playing the battlefront 2 beta, I'd rather play the game on PC.  Can I cancel my pre order and get a refund?",1175730,"@396568 Hi! For this, we recommend reaching out to the live chat team to explore some possible options https://t.co/lUV7XYl61S ^TJ",specialist_handoff,escalate,rule_assisted_needs_sample_review,billing_codes_refunds,0.373,semantic_prototype_weak_label
1177426,1177424,382398,Wed Oct 25 00:25:06 +0000 2017,@XboxSupport Thank you,1177423,@382398 Sure thing! Let us know if we can assist with anything else. ^JL,general_or_unclear_reply,review_required,rule_assisted_needs_sample_review,account_access_profile,0.504,semantic_prototype_weak_label
1177426,1177426,382398,Tue Oct 24 23:40:41 +0000 2017,@XboxSupport will COD:WW2 be in 4k/UHD? :(,1177425,"@382398 their development team. But, you can always see if Activision has any news here https://t.co/p84MUelMoN  2 ^JL",public_documentation,auto_handle_candidate,rule_assisted_needs_sample_review,game_content_download,0.360,semantic_prototype_weak_label
1183302,1183300,338455,Sun Oct 15 19:03:48 +0000 2017,@XboxSupport @ATVIAssist @116698 For Xbox of course 👌👍,1183299,"@338455 Hi there! Afraid we wouldn't be able to speculate about that on our end. For more insight, we recommend 1/2  ^TJ",general_or_unclear_reply,review_required,rule_assisted_needs_sample_review,account_access_profile,0.520,semantic_prototype_weak_label
1183576,1183576,398326,Fri Nov 03 20:15:39 +0000 2017,@XboxSupport why is my download speed jumping all over the place but on pc it’s steady:(,1183575,"@398326 We'd be happy to help, but we could use more info. Could you follow &amp; DM @Xboxsupport with your Gamertag &amp; some details? ^EZ",private_account_investigation,escalate,rule_assisted_needs_sample_review,other_or_needs_context,0.371,semantic_prototype_weak_label
1162493,1162518,398339,Fri Nov 03 22:03:03 +0000 2017,@ATVIAssist @XboxSupport How about let me out of this never ending loading screen https://t.co/VruPqgn14J,1183704,@398339 Hi there! Could you power cycle https://t.co/QENEhDawC3 your console and see if you can fully load the game now? ^JS,public_documentation,auto_handle_candidate,rule_assisted_needs_sample_review,account_access_profile,0.508,semantic_prototype_weak_label
1162493,1183706,398339,Fri Nov 03 23:11:19 +0000 2017,@XboxSupport Yea that didn't work. Only way out of it is if I get a game invite from a friend,1183707,"@398339 Thanks for trying out those steps for us. Do you currently have this game installed on the internal drive, or do you have an external? ^JA",public_troubleshooting,auto_handle_candidate,rule_assisted_needs_sample_review,account_access_profile,0.541,semantic_prototype_weak_label
1183711,1183711,398341,Fri Nov 03 20:04:58 +0000 2017,@XboxSupport I'm struggling on a question for Xbox One X. Can I not just sign in to the new console and download my games/saves?,1183710,@398341 that account is signed into the console. These games would appear in the ready to install portion of my games and apps.  2 ^JL,general_or_unclear_reply,review_required,rule_assisted_needs_sample_review,account_access_profile,0.515,semantic_prototype_weak_label
1183711,1183711,398341,Fri Nov 03 20:04:58 +0000 2017,@XboxSupport I'm struggling on a question for Xbox One X. Can I not just sign in to the new console and download my games/saves?,1183712,@398341 Hi there! As with all consoles in the Xbox One Family you will have access to all digital content you own once  1 ^JL,general_or_unclear_reply,review_required,rule_assisted_needs_sample_review,account_access_profile,0.515,semantic_prototype_weak_label
1186135,1186135,397516,Tue Oct 24 22:51:12 +0000 2017,@XboxSupport I can’t play it still says something is wrong and doesn’t even load the Xbox home screen it just goes from Xbox one to black,1186134,"@397516 Gotcha, let's have you reach out to our chat support https://t.co/lUV7XYl61S as they will be the best to dive into this! ^JS",specialist_handoff,escalate,rule_assisted_needs_sample_review,account_access_profile,0.541,semantic_prototype_weak_label
1177426,1177426,382398,Tue Oct 24 23:40:41 +0000 2017,@XboxSupport will COD:WW2 be in 4k/UHD? :(,1177427,@382398 We would not be able to speculate on that as we are not part of  1 ^JL,general_or_unclear_reply,review_required,rule_assisted_needs_sample_review,game_content_download,0.360,semantic_prototype_weak_label
1190482,1190482,399811,Sun Oct 15 19:03:40 +0000 2017,@XboxSupport Whats wrong with the nfl app? Every time when i change the game i must sign in again,1190481,@399811 check again if the app still makes you sign back in each time.  2 ^BL,general_or_unclear_reply,review_required,rule_assisted_needs_sample_review,account_access_profile,0.519,semantic_prototype_weak_label
1190482,1190482,399811,Sun Oct 15 19:03:40 +0000 2017,@XboxSupport Whats wrong with the nfl app? Every time when i change the game i must sign in again,1190483,@399811 Hi there! Let's remove your profile: https://t.co/zJxn1EMf83 then power cycle the console: https://t.co/QENEhDawC3 and  1 ^BL,public_documentation,auto_handle_candidate,rule_assisted_needs_sample_review,account_access_profile,0.519,semantic_prototype_weak_label
1193603,1193603,400486,Wed Oct 25 00:27:15 +0000 2017,@XboxSupport I bought star wars knights of the old Republic for backwards compatible but it has not appeared in my downloads or store,1193601,@400486 Hi there! Mind sending us a direct message https://t.co/nPX1yNXCi5 with your Gamertag so we can further assist?  ^JA,private_account_investigation,escalate,rule_assisted_needs_sample_review,game_content_download,0.379,semantic_prototype_weak_label
1193603,1193602,400487,Wed Oct 25 01:47:35 +0000 2017,"@XboxSupport @400486 I’m having the exact same problem, please help!",1193604,@400487 Hi. What game are you seeing this with? Can you dm your GT as well? Also if you search in the store can you download? ^IS,needs_more_context,escalate,rule_assisted_needs_sample_review,account_access_profile,0.600,semantic_prototype_weak_label
1193612,1193612,400489,Wed Oct 25 00:28:44 +0000 2017,@XboxSupport is Xbox Live down I can't access the store,1193610,@400489 Currently we're not seeing it as down. What are you seeing with the store and what console are you on? Can you dm details? ^IS,needs_more_context,escalate,rule_assisted_needs_sample_review,account_access_profile,0.568,semantic_prototype_weak_label
1193612,1193611,400489,Wed Oct 25 01:18:02 +0000 2017,@XboxSupport It's good now I though I was connected to the internet I still wasn't connected to LIVE so I reconnected to my internet &amp; it fixed it for me,1193613,@400489 Glad that's working for you. Hope you have a great one. ^IS,general_or_unclear_reply,review_required,rule_assisted_needs_sample_review,account_access_profile,0.547,semantic_prototype_weak_label
1194259,1194259,400618,Wed Oct 25 00:33:45 +0000 2017,@XboxSupport now I’m getting error code 0x80a40019 and it won’t even let me sign in my account,1194257,@400618 Hi there! Let's have you try unplugging your router/modem and your console for five full minutes and then test.  ^JA,public_troubleshooting,auto_handle_candidate,rule_assisted_needs_sample_review,account_access_profile,0.745,semantic_prototype_weak_label
1194259,1194260,400618,Wed Oct 25 17:37:30 +0000 2017,@XboxSupport Gives me this every single time but my internet is working perfectly https://t.co/XCKlBN5F7I,1194261,"@400618 Hi! To make sure our bases are covered, let's try running through the steps in our guide here https://t.co/xHNRXjp8rI
 ^TJ",public_documentation,auto_handle_candidate,rule_assisted_needs_sample_review,account_access_profile,0.428,semantic_prototype_weak_label
1194259,1194262,400618,Wed Oct 25 19:45:00 +0000 2017,"@XboxSupport I don’t get an error message when I try to connect to the internet, my internet works. It’s when I sign into my profile",1194263,@400618 Definitely odd. let's power cycle: https://t.co/QENEhDs7tB unplugging the console and router for 5 min. Then plug everything back in 1/2 ^IS,public_documentation,auto_handle_candidate,rule_assisted_needs_sample_review,account_access_profile,0.620,semantic_prototype_weak_label
1195313,1195313,294159,Wed Oct 25 01:11:17 +0000 2017,"Hey @XboxSupport . Why does this happen on my PC Xbox One app? It's only Middle-earth, no matter the player. None of us are on a JPN server. https://t.co/QYspZTppu3",1195312,@294159 Hey there! Mind sending us a direct message https://t.co/nPX1yNG0Tv with your Gamertag so we can further look into this?  ^JA,private_account_investigation,escalate,rule_assisted_needs_sample_review,other_or_needs_context,0.362,semantic_prototype_weak_label
1195588,1195576,400958,Thu Nov 02 21:19:40 +0000 2017,@XboxSupport Thanks for the reply! Will I lose anything by doing this?,1195574,"@400958 No, the keep my games and apps option will keep everything installed.  ^JL",general_or_unclear_reply,review_required,rule_assisted_needs_sample_review,other_or_needs_context,0.380,semantic_prototype_weak_label
1195588,1195575,400958,Mon Nov 06 20:50:31 +0000 2017,"@XboxSupport Hi, reinstalled and that hasn’t worked at all. Any other suggestions please?",1195577,@400958 Let's try a fresh start on the console by unplugging it for a full 5 minutes then check again.  ^BL,public_troubleshooting,auto_handle_candidate,rule_assisted_needs_sample_review,account_access_profile,0.641,semantic_prototype_weak_label
1195588,1195578,400958,Wed Nov 08 18:52:04 +0000 2017,@XboxSupport Hi.thanks for reply.That didn’t work either.still not letting me just click once to open anything like before the update.whats next option please?,1195579,"@400958 Hmm, are you seeing the same issue with other controllers? Can you test that now? ^JL",general_or_unclear_reply,review_required,rule_assisted_needs_sample_review,account_access_profile,0.375,semantic_prototype_weak_label
1195588,1195581,400958,Thu Nov 09 21:20:23 +0000 2017,@XboxSupport This is me trying to select quit on YouTube. It does this with every app I try since the latest update ruined my Xbox. https://t.co/Oit6jNbeuw,1195582,"@400958 Gotcha, could you power cycle https://t.co/QENEhDawC3 your console and see if the issue subsides? ^JS",public_documentation,auto_handle_candidate,rule_assisted_needs_sample_review,other_or_needs_context,0.333,semantic_prototype_weak_label
1195588,1195583,400958,Thu Nov 09 22:33:21 +0000 2017,"@XboxSupport Thanks for reply again. Nope, didn’t work. Tried re-install/keep games, unplug for 5mins and this 10 sec restart but no fix so far.",1195584,@400958 Let's have you try resetting your router/modem and power cycling: https://t.co/QENEhDawC3 ^RR,public_documentation,auto_handle_candidate,rule_assisted_needs_sample_review,account_access_profile,0.460,semantic_prototype_weak_label
1195588,1195585,400958,Wed Nov 15 22:40:29 +0000 2017,@XboxSupport Still not working????,1195586,"@400958 Hi again! Thank you, let's try resetting your console while keeping your games and apps: https://t.co/wbvcfXvjXV ^CO",public_documentation,auto_handle_candidate,rule_assisted_needs_sample_review,account_access_profile,0.552,semantic_prototype_weak_label
1195588,1195588,400958,Thu Nov 02 19:15:55 +0000 2017,@115890 @XboxSupport @115786 ..cont. it’s a very annoying and unneeded update which I didn’t want/need.,1195587,@400958 system update: https://t.co/aaMK3PfO1C On step 7 select:  Reset and keep my games &amp; apps.  2 ^JL,public_documentation,auto_handle_candidate,rule_assisted_needs_sample_review,other_or_needs_context,0.446,semantic_prototype_weak_label
1195594,1195592,400959,Thu Nov 02 21:36:48 +0000 2017,@XboxSupport it was about the X. I haven't been charged yet and i was worried i was going to get it in time.,1195590,@400959 That would be something you would want to direct towards the Microsoft store for more help with your specific order! ^BZ,general_or_unclear_reply,review_required,rule_assisted_needs_sample_review,billing_codes_refunds,0.462,semantic_prototype_weak_label
1195594,1195594,400959,Thu Nov 02 20:09:16 +0000 2017,@XboxSupport hey guys can you speak on behalf of the Microsoft Store?,1195593,"@400959 They do have a separate support system, but we may be able to offer advice. What's up? DM us details!  ^CW",private_account_investigation,escalate,rule_assisted_needs_sample_review,other_or_needs_context,0.569,semantic_prototype_weak_label
1196191,1196191,401060,Sun Oct 15 20:52:16 +0000 2017,@XboxSupport my account lost Xbox live early even tho it says I dont lose it for another 2 days https://t.co/URHdksqk7Q,1196190,"@401060 Hi! Let's have you follow us, DM us your Gamertag, and some more info about what you're seeing: https://t.co/nPX1yNXCi5
 ^BL",private_account_investigation,escalate,rule_assisted_needs_sample_review,account_access_profile,0.559,semantic_prototype_weak_label
1197698,1197698,401414,Wed Oct 25 02:14:11 +0000 2017,@XboxSupport I'm having troubles with my gamer tag. I paid to switch it and got the email receipt but it didnt change ?,1197696,@401414 Hi there. If you log in here https://t.co/7nPwyC2wzR are you able to see that charge? ^JL,public_documentation,auto_handle_candidate,rule_assisted_needs_sample_review,account_access_profile,0.513,semantic_prototype_weak_label
1198059,1198057,401494,Wed Oct 25 02:39:56 +0000 2017,@401495 @XboxSupport Same can't see in store,1198055,@401494 Heya! Are you able to find that content here https://t.co/txV3tM8bat ^JL,public_documentation,auto_handle_candidate,rule_assisted_needs_sample_review,account_access_profile,0.515,semantic_prototype_weak_label
1198059,1198056,401494,Wed Oct 25 04:55:55 +0000 2017,@XboxSupport Yeah but not on Xbox One,1198058,@401494 Gotcha. Do you notice any issues when you try to purchase this content via the link we sent?  ^TJ,public_troubleshooting,auto_handle_candidate,rule_assisted_needs_sample_review,account_access_profile,0.473,semantic_prototype_weak_label
1198062,1198062,401496,Wed Oct 25 02:38:21 +0000 2017,@XboxSupport dm me back,1198060,"@401496 Heya! In this case, let's have you check in with our chat team for some further assistance https://t.co/aWWrMN54Vu ^JL",specialist_handoff,escalate,rule_assisted_needs_sample_review,account_access_profile,0.515,semantic_prototype_weak_label
1198085,1198085,250019,Wed Oct 25 02:34:10 +0000 2017,"@XboxSupport g'day! In Australia, only 6 games appear for XBOrig &amp; KOTOR isnt one of them. I have the orig disc, inserting it does nothing.",1198083,@250019 Hi there! Are you encountering any specific error messages when you try to play this disc on your console?  ^JA,public_troubleshooting,auto_handle_candidate,rule_assisted_needs_sample_review,other_or_needs_context,0.460,semantic_prototype_weak_label
1198085,1198084,250019,Wed Oct 25 03:41:29 +0000 2017,"@XboxSupport tyvm great service! no error# just ""disc not recognised' msg. BUT i tried it again now &amp; it works! 😍 not appearing on store still tho, fyi",1198086,@250019 Glad to hear that things are working more smoothly for you now. Just let us know if you have any other questions. :)  ^JA,general_or_unclear_reply,review_required,rule_assisted_needs_sample_review,other_or_needs_context,0.442,semantic_prototype_weak_label
1198435,1198435,401578,Wed Oct 25 02:57:20 +0000 2017,@XboxSupport  help I'm being harassed by an online user. His GT is: noahcg11,1198434,@401578 Hiya! We would highly recommend letting Enforcement know by filing a complaint https://t.co/PttOdLg3lY ^JL,enforcement_review,escalate,rule_assisted_needs_sample_review,account_access_profile,0.466,semantic_prototype_weak_label
1199216,1199213,401759,Wed Oct 25 03:24:58 +0000 2017,@XboxSupport @127889 The other team had the same problem,1199212,@401759 Definitely odd. Can you try to connect on another game to let us know if this persist? If isolated to this one title 1/2 ^IS,public_troubleshooting,auto_handle_candidate,rule_assisted_needs_sample_review,account_access_profile,0.586,semantic_prototype_weak_label
1199216,1199216,401759,Wed Oct 25 02:27:44 +0000 2017,@127889 @XboxSupport just played a ranked 3v3 match on rocket league on Xbox one and everyone on both teams kept getting kicked……,1199214,@401759 @127889 Oh no. Definitely odd. Are you able to play other games with no issue and were you able to reconnect without getting kicked? ^IS,general_or_unclear_reply,review_required,rule_assisted_needs_sample_review,account_access_profile,0.374,semantic_prototype_weak_label
1199225,1199225,401762,Wed Oct 25 03:09:11 +0000 2017,@XboxSupport https://t.co/tkSTlpHO6X,1199224,@401762 Hi there! Mind sending us a direct message https://t.co/nPX1yNXCi5 with your Gamertag so we can further assist?  ^JA,private_account_investigation,escalate,rule_assisted_needs_sample_review,other_or_needs_context,0.449,semantic_prototype_weak_label
1199886,1199886,401932,Wed Oct 25 04:16:08 +0000 2017,@XboxSupport KOTOR ran smoothly for about a hour and now it crashes every 5-10 minutes,1199884,"@401932 We're getting ready to close up in a few, but please send us as much info as you can about the issue including a  1 ^JL",general_or_unclear_reply,review_required,rule_assisted_needs_sample_review,account_access_profile,0.420,semantic_prototype_weak_label
1213763,1213763,404876,Wed Oct 25 04:36:06 +0000 2017,"@XboxSupport I preorderd a 1X PS edition, I think its pretty low that the X1 kinect wont connect to it and I have to drop $40 for an adapter",1213761,@404876 Thanks for reaching out. We were closed up overnight: https://t.co/XJOdrwpuSt but we're back open now.  ^QZ,public_documentation,auto_handle_candidate,rule_assisted_needs_sample_review,other_or_needs_context,0.384,semantic_prototype_weak_label
1213763,1213763,404876,Wed Oct 25 04:36:06 +0000 2017,"@XboxSupport I preorderd a 1X PS edition, I think its pretty low that the X1 kinect wont connect to it and I have to drop $40 for an adapter",1213764,"@404876 If you have any feedback or suggestions for how we could improve your experience, definitely make sure to… ^QZ",general_or_unclear_reply,review_required,rule_assisted_needs_sample_review,other_or_needs_context,0.384,semantic_prototype_weak_label
1215122,1215120,405137,Sun Oct 15 22:59:08 +0000 2017,@XboxSupport Ok thanks,1215119,@405137 will sync the next time you launch the game. You can check here: https://t.co/vQxxXMgZUL for more on Cloud storage!  2 ^BZ,public_documentation,auto_handle_candidate,rule_assisted_needs_sample_review,account_access_profile,0.504,semantic_prototype_weak_label
1215122,1215120,405137,Sun Oct 15 22:59:08 +0000 2017,@XboxSupport Ok thanks,1215121,"@405137 Hi there. As long as you're connected to Xbox Live, your saved data is automatically stored in the Cloud and  1 ^BZ",general_or_unclear_reply,review_required,rule_assisted_needs_sample_review,account_access_profile,0.504,semantic_prototype_weak_label
1220650,1220650,406406,Sat Oct 14 20:46:01 +0000 2017,"@XboxSupport 
Halo wars multiplayer is broken when i found a game it has a lot of lag or suddenly the game freezes wtf!! help",1220648,"@406406 Hi there! Let's check out our guide here for this freezing issue that you're seeing https://t.co/ouleFx48g2
 ^TJ",public_documentation,auto_handle_candidate,rule_assisted_needs_sample_review,connectivity_xbox_live,0.438,semantic_prototype_weak_label
1220650,1220649,406406,Wed Oct 18 19:44:03 +0000 2017,@XboxSupport Thanks but i think it was mi internet But thanks bro,1220651,"@406406 Hi there, we're glad to hear that was resolved. Let us know if you have any other questions :) ^ZM",general_or_unclear_reply,review_required,rule_assisted_needs_sample_review,account_access_profile,0.439,semantic_prototype_weak_label
1221415,1221415,406604,Sat Nov 25 18:13:18 +0000 2017,@XboxSupport Fix yours servers !!!,1221414,"@406604 We'd be happy to help, but we could use more info. Could you follow &amp; DM @Xboxsupport with your Gamertag &amp; some details? ^EZ",private_account_investigation,escalate,rule_assisted_needs_sample_review,account_access_profile,0.528,semantic_prototype_weak_label
1222896,1222896,204510,Sun Oct 15 23:56:58 +0000 2017,@XboxSupport Is there any way to confirm that my account has been deactivated from my step brother's console?,1222895,"@204510 Hello, we aren't able to access account information through Twitter, our chat team should help: https://t.co/qSynA8s7TB ^CO",specialist_handoff,escalate,rule_assisted_needs_sample_review,account_access_profile,0.585,semantic_prototype_weak_label
1154581,1226165,407650,Wed Oct 25 23:59:07 +0000 2017,@XboxSupport @407649 Please add a section for OG Xbox games to uservoice. Right now we can only vote on 360 games.,1226167,@407650 Hi there! Let's have you be sure to leave feedback for this here: https://t.co/Ub2WjDQf4q  ^JA,public_documentation,auto_handle_candidate,rule_assisted_needs_sample_review,other_or_needs_context,0.463,semantic_prototype_weak_label
1154581,1154585,407649,Wed Oct 25 12:31:30 +0000 2017,"@115786 Nice! In the next round of games, please include Jet Set Radio Future and Dead or Alive 2&amp;3 @407651 @XboxSupport @115787",1226166,"@407649 Glad you're excited! If there are any games you'd like to see added to the list, definitely make sure to… ^QZ",general_or_unclear_reply,review_required,rule_assisted_needs_sample_review,other_or_needs_context,0.365,semantic_prototype_weak_label
1229085,1229085,408320,Wed Oct 25 19:50:14 +0000 2017,@115786 @XboxSupport https://t.co/ocMe2wCIAg,1229083,"@408320 Hi, due to past enforcement actions against your account, certain features are limited to you. ^RM",enforcement_review,escalate,rule_assisted_needs_sample_review,account_access_profile,0.433,semantic_prototype_weak_label
1229085,1229084,408320,Wed Oct 25 21:14:33 +0000 2017,@XboxSupport I need answers please. This isn’t making any sense.,1229086,"@408320 We don't have suspension information here, I'm afraid. You'll need to sign into https://t.co/wlVb8DUwxS (1) ^AK",enforcement_review,escalate,rule_assisted_needs_sample_review,other_or_needs_context,0.571,semantic_prototype_weak_label
1231649,1231640,408894,Wed Oct 25 18:28:00 +0000 2017,@408895 @115786 @XboxSupport KOTOR,1231639,"@408894 In this case, let's have you check in with our chat team for some further assistance https://t.co/aWWrMMNtwU ^JL",specialist_handoff,escalate,rule_assisted_needs_sample_review,account_access_profile,0.445,semantic_prototype_weak_label
1199886,1233167,401932,Wed Oct 25 06:21:46 +0000 2017,@395997 @XboxSupport https://t.co/qY1obj57Uh  Took about a hour to pop up in my ready to install,1233166,"@401932 Glad to hear it's showing up! Were there any other Xbox support questions you needed any help with, while we're here? ^QZ",general_or_unclear_reply,review_required,rule_assisted_needs_sample_review,account_access_profile,0.501,semantic_prototype_weak_label
1233184,1233173,409221,Wed Oct 25 17:25:28 +0000 2017,"@409222 @XboxSupport Certainly, network on other devices is better as i put on ping check in parallel. Looks some xbox update issue or hardware. Not sure..",1233171,"@409221 Hey, try restarting your console with these steps https://t.co/Z4gqYJG4xh  ^RM",public_documentation,auto_handle_candidate,rule_assisted_needs_sample_review,connectivity_xbox_live,0.515,semantic_prototype_weak_label
1233184,1233174,409222,Thu Oct 26 01:10:58 +0000 2017,@XboxSupport @409221 issue? I'm on an Xbox one and he has a One S both are wired. Both Xboxs have this issue at the same times.,1233175,"@409222 Hey there! Just to clarify, have you followed all the steps in the guide here: https://t.co/kmbwtcwpuh  ^JA",needs_more_context,escalate,rule_assisted_needs_sample_review,account_access_profile,0.463,semantic_prototype_weak_label
1233184,1233176,409222,Thu Oct 26 01:48:12 +0000 2017,@XboxSupport yes my husband has done all this several times over. I just wanted to know if this is an issue with Xbox?,1233177,@409222 with your Gamertag so we can further assist? 2/2 ^JA,private_account_investigation,escalate,rule_assisted_needs_sample_review,other_or_needs_context,0.472,semantic_prototype_weak_label
1233184,1233176,409222,Thu Oct 26 01:48:12 +0000 2017,@XboxSupport yes my husband has done all this several times over. I just wanted to know if this is an issue with Xbox?,1233178,@409222 Things look good on our end here: https://t.co/NSXOiTMoQ9 Mind sending us a direct message https://t.co/nPX1yNXCi5 1/2 ^JA,private_account_investigation,escalate,rule_assisted_needs_sample_review,other_or_needs_context,0.472,semantic_prototype_weak_label
1233271,1233269,409245,Mon Oct 16 00:31:09 +0000 2017,@290562 Still doesn't work,1233268,"@409245 Let's have you follow us, DM us your Gamertag, and some more info about what you're seeing: https://t.co/nPX1yNXCi5 ^BL",private_account_investigation,escalate,rule_assisted_needs_sample_review,account_access_profile,0.248,semantic_prototype_weak_label
1233301,1233301,409250,Sun Oct 15 18:46:50 +0000 2017,I thought that when you preorder a game on Xbox One that they take the credit out your account and charge the card later for the remainder.,1233300,@409250 Hi there! We'd be happy to help with any questions you have in regards to pre-ordering games. Feel free to send them our way. ^JA,general_or_unclear_reply,review_required,rule_assisted_needs_sample_review,billing_codes_refunds,0.559,semantic_prototype_weak_label
1235890,1235888,409871,Wed Oct 25 09:16:33 +0000 2017,@XboxSupport @115786 I was just curious since they touched up the game a bit.,1235887,"@409871 Glad we could help clarify that for you! If you need any other Xbox support, you can always reach us here :)  ^QZ",needs_more_context,escalate,rule_assisted_needs_sample_review,other_or_needs_context,0.416,semantic_prototype_weak_label
1235890,1235890,409871,Wed Oct 25 01:52:04 +0000 2017,@115786 @XboxSupport Can you buy Star Wars Knights of the Old Republic from Live? Will the game have achievements?,1235889,@409871 @115786 Hi. You can purchase through live but the original game did not have achievements and would not have them on the Xbox One console. ^IS,general_or_unclear_reply,review_required,rule_assisted_needs_sample_review,subscription_game_pass_gold,0.297,semantic_prototype_weak_label
1237793,1237793,410354,Thu Oct 26 01:28:04 +0000 2017,@XboxSupport I’ve been getting this and similar errors for two years straight. If you could help me fix it for good I would be very grateful https://t.co/L7OG4t33b7,1237791,@410354 Hmm. To be sure on this can you share your Nat type and if this occurs with another profile on the console specifically? ^IS,general_or_unclear_reply,review_required,rule_assisted_needs_sample_review,account_access_profile,0.535,semantic_prototype_weak_label
1237793,1237792,410354,Thu Oct 26 02:23:36 +0000 2017,@XboxSupport NAT is open. I’m the sole user of this box so I can’t say if it would affect other accounts similarly,1237794,@410354 Can you DM us your Gamertag so we can gather a bit more info? ^JL,private_account_investigation,escalate,rule_assisted_needs_sample_review,account_access_profile,0.445,semantic_prototype_weak_label
806711,806757,410874,Mon Oct 16 20:38:51 +0000 2017,"@XboxSupport Hi XboxSupport. Poland Xbox360, issue with connection error 80151909.",1240086,@410874 Thanks for the heads up! This is something that our teams are aware of &amp; are investigating currently.  ^EZ,general_or_unclear_reply,review_required,rule_assisted_needs_sample_review,account_access_profile,0.532,semantic_prototype_weak_label
1241944,1241944,411331,Wed Oct 25 21:35:57 +0000 2017,"@XboxSupport I purchased a micro transaction that is not showing up although on the Xbox website the order says it was completed,please help",1241943,"@411331 Hello! Can you DM us your gamertag, steps you've tried &amp; a detailed summary of the issue so we can help? ^AK",private_account_investigation,escalate,rule_assisted_needs_sample_review,billing_codes_refunds,0.493,semantic_prototype_weak_label
1233184,1233187,411466,Wed Oct 25 22:06:50 +0000 2017,@XboxSupport Eu quero compra uma fonte original do Xbox one,1242471,@411466 check out https://t.co/CaRvKEH21b to find out what number to call to get support in your language.  2 ^JL,public_documentation,auto_handle_candidate,rule_assisted_needs_sample_review,account_access_profile,0.327,semantic_prototype_weak_label
1233184,1233187,411466,Wed Oct 25 22:06:50 +0000 2017,@XboxSupport Eu quero compra uma fonte original do Xbox one,1242472,"@411466 We're an English speaking team here, are you able to continue in English? If not, you can  1 ^JL",general_or_unclear_reply,review_required,rule_assisted_needs_sample_review,account_access_profile,0.327,semantic_prototype_weak_label
1244642,1244642,411987,Wed Oct 25 23:30:25 +0000 2017,"@XboxSupport Déjense de pendejadas y denme mi juego, culeros https://t.co/eQ1nFQsmuu",1244641,"@411987 If not, we'd recommend reaching your local chat or phone teams: https://t.co/LFZ7igiWJU to best assist in your language.  ^QZ",public_documentation,auto_handle_candidate,rule_assisted_needs_sample_review,connectivity_xbox_live,0.106,semantic_prototype_weak_label
1244646,1244646,411988,Wed Oct 25 23:22:12 +0000 2017,"@XboxSupport my remote isn’t working properly, please help 😕",1244644,"@411988 Hi, can you clarify if you mean the Xbox One controller or another device? ^RM",needs_more_context,escalate,rule_assisted_needs_sample_review,account_access_profile,0.455,semantic_prototype_weak_label
1244646,1244645,411988,Wed Oct 25 23:56:34 +0000 2017,@XboxSupport Xbox one controller,1244647,@411988 Got it. What exactly is going on with it? Can you dm specifics? This page may help: https://t.co/HtCyvLolGR if disconnecting. ^IS,public_documentation,auto_handle_candidate,rule_assisted_needs_sample_review,account_access_profile,0.439,semantic_prototype_weak_label
1244642,1244642,411987,Wed Oct 25 23:30:25 +0000 2017,"@XboxSupport Déjense de pendejadas y denme mi juego, culeros https://t.co/eQ1nFQsmuu",1244643,@411987 Hi there! We're best able to assist if we continue in English; would that be possible?  ^QZ,general_or_unclear_reply,review_required,rule_assisted_needs_sample_review,connectivity_xbox_live,0.106,semantic_prototype_weak_label
1244642,1244648,411987,Wed Oct 25 23:57:11 +0000 2017,"@XboxSupport I said, “stop ur bullshit and give me my fucking game, mofos”
Y’all better learn Spanish",1244650,@411987 Mind sending us a direct message [dm] with your Gamertag so we can further assist?  ^JA,private_account_investigation,escalate,rule_assisted_needs_sample_review,other_or_needs_context,0.301,semantic_prototype_weak_label
1244652,1244652,359232,Wed Oct 25 23:20:06 +0000 2017,@XboxSupport why isn’t parkhead; Celtic F.C. stadium not in Fifa yet ?,1244651,"@359232 Hi, we are unsure. That is an in-game request. We suggest reaching out to the game's publisher. ^RM",general_or_unclear_reply,review_required,rule_assisted_needs_sample_review,other_or_needs_context,0.271,semantic_prototype_weak_label
1246315,1246315,412400,Mon Oct 16 02:00:55 +0000 2017,@XboxSupport my controller adapter port is broken so i can’t use the headset adapter. I just want to know how to always get game audio,1246313,"@412400 Hi there! Just to clarify, are you wanting the game audio to come through your headset?  ^JA",needs_more_context,escalate,rule_assisted_needs_sample_review,how_to_product_information,0.370,semantic_prototype_weak_label
1246315,1246314,412400,Mon Oct 16 03:36:19 +0000 2017,@XboxSupport Yes through the audio jack,1246316,@412400 Does your controller have a 3.5mm port? Or do you normally plaug your headset using an adapter? ^JA,general_or_unclear_reply,review_required,rule_assisted_needs_sample_review,other_or_needs_context,0.467,semantic_prototype_weak_label
1246315,1246317,412400,Mon Oct 16 04:43:00 +0000 2017,@XboxSupport It has a port,1246318,@412400 Gotcha. Would you mind clarifying for us the make/model of your headset?  ^JA,needs_more_context,escalate,rule_assisted_needs_sample_review,other_or_needs_context,0.458,semantic_prototype_weak_label
1246558,1246558,412460,Thu Oct 26 00:32:37 +0000 2017,@XboxSupport how can I pre-order and have the game shipped to Nigeria (2) ?,1246557,"@412460 Hi there! We wouldn't be able to speculate on when this console will be available in your region. We'd recommended 1/2

 ^JA",general_or_unclear_reply,review_required,rule_assisted_needs_sample_review,billing_codes_refunds,0.398,semantic_prototype_weak_label
1248027,1248022,147720,Thu Oct 26 02:07:13 +0000 2017,"@XboxSupport Did the account recovery page, just waiting to hear back now. Thanks. 🙏🏼",1248024,"@147720 Alrighty! We wish you the best with that, let us know how it goes. ^JL",general_or_unclear_reply,review_required,rule_assisted_needs_sample_review,account_access_profile,0.610,semantic_prototype_weak_label
1248027,1248025,147720,Sat Oct 28 00:29:05 +0000 2017,"@XboxSupport Wanted to let you know the recovery worked. My next question is can I get that old, inactive email removed and my alias email made primary?",1248026,@147720 Glad to hear! You can follow the steps here: https://t.co/s9FfQ6hpAz to update your email address.  ^RR,public_documentation,auto_handle_candidate,rule_assisted_needs_sample_review,account_access_profile,0.485,semantic_prototype_weak_label
1248027,1248027,147720,Thu Oct 26 00:47:40 +0000 2017,@XboxSupport Are you folks able to help with an email issue? Email tied to gamertag is gone cuz of inactivity so I cannot switch to another.,1248023,@147720 Oh no. Definitely no fun. For something like this we'd start with this page: https://t.co/9tpsivjRp1 if unable to recover 1/2 ^IS,public_documentation,auto_handle_candidate,rule_assisted_needs_sample_review,account_access_profile,0.663,semantic_prototype_weak_label
1251515,1251513,413590,Thu Oct 26 02:24:31 +0000 2017,"@XboxSupport @130179 @115786 To add to this: KOTOR isn’t showing up on the Australian store to buy digitally so I used my physical CD, could this be related.",1251511,"@413590 @130179 @115786 Thanks for the info. That might not be related, are you able to see the game available on this page here: https://t.co/nchRZQoNCi? ^AK",public_documentation,auto_handle_candidate,rule_assisted_needs_sample_review,other_or_needs_context,0.370,semantic_prototype_weak_label
1251858,1251858,413655,Thu Oct 26 03:53:18 +0000 2017,@XboxSupport why can’t i connect to xbox live,1251857,"@413655 We're getting ready to close up in a few, but please send us as much info as you can about the issue including a  1 ^JL",general_or_unclear_reply,review_required,rule_assisted_needs_sample_review,account_access_profile,0.586,semantic_prototype_weak_label
1251861,1251861,169374,Thu Oct 26 02:49:04 +0000 2017,@XboxSupport do you have a list of original backwards compatibility games,1251859,"@169374 Hello! Sure do, the list can be found here: https://t.co/JKpFEFRbka. You can categorize by ""Original Xbox Games"". ^AK",public_documentation,auto_handle_candidate,rule_assisted_needs_sample_review,game_content_download,0.546,semantic_prototype_weak_label
806711,1255366,414352,Mon Oct 16 03:30:59 +0000 2017,@XboxSupport Not efficient or practical or good solution I should say.,1255364,"@414352 Hi there! Does this issue happen with all apps on the console? Is your console enrolled in the Preview program, by chance? ^JA",general_or_unclear_reply,review_required,rule_assisted_needs_sample_review,other_or_needs_context,0.492,semantic_prototype_weak_label
806711,1255365,414352,Mon Oct 16 04:47:23 +0000 2017,"@XboxSupport All apps yes. Netflix, games, even going to home screen. And no it's not",1255367,"@414352 Gotcha. Do you have your games and apps installed on the internal drive, or do you have an external drive connected?  ^JA",general_or_unclear_reply,review_required,rule_assisted_needs_sample_review,connectivity_xbox_live,0.474,semantic_prototype_weak_label
806711,1255368,414352,Mon Oct 16 05:05:05 +0000 2017,@XboxSupport External drive,1255369,@414352 Thanks for that. Could you move the app from the external to internal storage and see if the issue persists? ^JS,general_or_unclear_reply,review_required,rule_assisted_needs_sample_review,other_or_needs_context,0.407,semantic_prototype_weak_label
1276710,1276710,418836,Thu Oct 26 06:48:01 +0000 2017,"@XboxSupport I have a free 1 month trail waiting to be used, but it constantly says something went wrong and I can’t redeem it.",1276708,"@418836 Hi, are you able to redeem your card here? https://t.co/o7xHPpB7l4 ^RM",public_documentation,auto_handle_candidate,rule_assisted_needs_sample_review,account_access_profile,0.510,semantic_prototype_weak_label
1276710,1276709,418836,Thu Oct 26 16:52:19 +0000 2017,"@XboxSupport It’s not a card, it’s on the Xbox dashboard when looking at your subscriptions.",1276711,@418836 Thanks for clarifying - can you DM us your gamertag and a picture of where you're seeing that? https://t.co/nPX1yNXCi5  ^QZ,visual_evidence_required,escalate,rule_assisted_needs_sample_review,billing_codes_refunds,0.454,semantic_prototype_weak_label
1282948,1282948,420140,Thu Oct 19 23:41:53 +0000 2017,Ewww wtf @117331 @XboxSupport  the new layout is bloody awful!,1282946,@420140 If you have suggestions to make positive improvements let's leave them here: https://t.co/Ub2WjDyEcS so our teams can see. ^IS,public_documentation,auto_handle_candidate,rule_assisted_needs_sample_review,other_or_needs_context,0.397,semantic_prototype_weak_label
1282948,1282947,420140,Fri Oct 20 02:42:18 +0000 2017,@XboxSupport It's easy... make it the way it was before... there was absolutely nothing wrong with it.,1282949,@420140 To be sure were you able to post there. Our teams definitely wants to see your feedback.  ^IS,general_or_unclear_reply,review_required,rule_assisted_needs_sample_review,other_or_needs_context,0.514,semantic_prototype_weak_label
1282996,1282996,420148,Thu Oct 19 23:24:14 +0000 2017,@115786 @XboxSupport change the damn home screen back. Makes everything more difficult/complicates  all of the tabs,1282993,"@420148 Hi there! If you have any ideas or suggestions, we have a feedback page here: https://t.co/xzPtJXQjgy for just that. 1 ^JL",public_documentation,auto_handle_candidate,rule_assisted_needs_sample_review,account_access_profile,0.443,semantic_prototype_weak_label
1283423,1283423,420222,Thu Oct 26 17:21:48 +0000 2017,"@XboxSupport My account says I don’t own GTA V, but I bought it like 2  years ago on the store. I’ve been able to play it up until last week",1283421,@420222 That's strange! Can you DM us your gamertag &amp; which Xbox console you're using? https://t.co/nPX1yNXCi5  ^QZ,private_account_investigation,escalate,rule_assisted_needs_sample_review,account_access_profile,0.375,semantic_prototype_weak_label
1284210,1284208,420401,Thu Oct 26 17:04:34 +0000 2017,"@XboxSupport And before you ask, yes I've gone to notification settings and made sure everything is on.",1284206,"@420401 When you perform these steps, make sure you select ""Keep My Games &amp; Apps""  2 ^RM",public_troubleshooting,auto_handle_candidate,rule_assisted_needs_sample_review,other_or_needs_context,0.396,semantic_prototype_weak_label
1284210,1284208,420401,Thu Oct 26 17:04:34 +0000 2017,"@XboxSupport And before you ask, yes I've gone to notification settings and made sure everything is on.",1284209,"@420401 Hi, try doing a soft factory reset to your console with these steps https://t.co/aaMK3PfO1C.  1 ^RM",public_documentation,auto_handle_candidate,rule_assisted_needs_sample_review,other_or_needs_context,0.396,semantic_prototype_weak_label
1251515,1285950,413590,Thu Oct 26 05:10:08 +0000 2017,@XboxSupport @130179 @115786 Is that not going to be on the Australian store?,1285949,"@413590 Hey there! So we can look into this further with you, can you DM us your gamertag please? https://t.co/nPX1yNG0Tv ^QZ",private_account_investigation,escalate,rule_assisted_needs_sample_review,other_or_needs_context,0.414,semantic_prototype_weak_label
1286088,1286086,205543,Thu Oct 26 18:15:24 +0000 2017,@XboxSupport @115765 Just curious if that is just for people with slower internet that will take a few days to install or what. Not a huge deal. Just curious,1286087,"@205543 Hi, the game may have sent out one pre-download and he received it since you are sharing the game. ^RM",general_or_unclear_reply,review_required,rule_assisted_needs_sample_review,other_or_needs_context,0.458,semantic_prototype_weak_label
1286088,1287342,205543,Thu Oct 26 20:23:56 +0000 2017,@XboxSupport Bummer. I was the one who bought it too. Eh no biggy. Thnx,1287343,@205543 to alter it. Do let us know if we can assist you with anything else though.  2 ^JL,general_or_unclear_reply,review_required,rule_assisted_needs_sample_review,account_access_profile,0.408,semantic_prototype_weak_label
1286088,1287345,205543,Thu Oct 26 23:17:59 +0000 2017,@XboxSupport  https://t.co/JpYRmMbHEE,1287346,"@205543 We can try refreshing your profile by removing it and adding it again, this should help: https://t.co/ANtB3VhPxA ^CO",public_documentation,auto_handle_candidate,rule_assisted_needs_sample_review,other_or_needs_context,0.460,semantic_prototype_weak_label
1286088,1287347,205543,Fri Oct 27 00:47:21 +0000 2017,@XboxSupport Don’t feel like messing up my file share,1287348,@205543 File share? We aren't sure what you mean? ^CO,general_or_unclear_reply,review_required,rule_assisted_needs_sample_review,other_or_needs_context,0.419,semantic_prototype_weak_label
1286088,1287342,205543,Thu Oct 26 20:23:56 +0000 2017,@XboxSupport Bummer. I was the one who bought it too. Eh no biggy. Thnx,1287344,"@205543 Unfortunately, that would be up to the publisher of that game and we would not be able  1 ^JL",general_or_unclear_reply,review_required,rule_assisted_needs_sample_review,account_access_profile,0.408,semantic_prototype_weak_label
1292236,1292236,394491,Sat Nov 25 15:28:48 +0000 2017,"16 months in use, 149,- € spent and there is nothing your support can do. I would have paid for the repair. Left Bumper is broken and my ELITE controller useless. Really bad customer support. Very disappointed! @XboxSupport @115890 https://t.co/ncMwaoy7dQ",1292234,@394491 Howdy! Could you go through the steps here https://t.co/hYJjOq4aAo to service an elite controller? ^JS,public_documentation,auto_handle_candidate,rule_assisted_needs_sample_review,console_accessory_display,0.497,semantic_prototype_weak_label
1292236,1292237,394491,Sat Nov 25 22:59:41 +0000 2017,"@XboxSupport At least not the option I need, because it is the left bumper that is broken!",1292238,@394491 Let's check in with the chat team here: https://t.co/lUV7XYl61S to get this sorted out.  ^BL,specialist_handoff,escalate,rule_assisted_needs_sample_review,other_or_needs_context,0.398,semantic_prototype_weak_label
1292236,1292239,394491,Sun Nov 26 07:53:03 +0000 2017,"@XboxSupport Hi, I did already chat before writing you. They told me there is ABSOLUTELY NOTHING they can do. Basically, I can throw it in the trash bin and buy a new one.",1292240,"@394491 Sorry to hear! Unfortunately, we would not have any further options here on Twitter beyond what the chat or phone teams would be able to provide. ^QZ",general_or_unclear_reply,review_required,rule_assisted_needs_sample_review,account_access_profile,0.434,semantic_prototype_weak_label
1292449,1292445,422239,Thu Oct 26 19:16:04 +0000 2017,@XboxSupport ok it's fixed for the moment hard reboot solved it,1292443,"@422239 Hello, thanks for reaching out to us. We're glad to hear that you got this figured out, let us know if you see another issue. ^CO",general_or_unclear_reply,review_required,rule_assisted_needs_sample_review,account_access_profile,0.513,semantic_prototype_weak_label
1298720,1298720,423526,Thu Oct 26 22:32:16 +0000 2017,"@XboxSupport hi, randomly switched on my Xbox and my profile has disappeared? Games are still installed.",1298719,"@423526 Hi there! To make sure, do you notice any issues when you try to redownload your profile? https://t.co/zJxn1EMf83
 ^TJ",public_documentation,auto_handle_candidate,rule_assisted_needs_sample_review,account_access_profile,0.586,semantic_prototype_weak_label
1299817,1299815,399569,Thu Oct 26 20:19:14 +0000 2017,@XboxSupport Straight after I tweeted this both my hard drive and my headset started working.... like the second I tweeted you..... &gt;.&gt;,1299814,@399569 Sometimes it happens like that. Glad it's working for you. Hope you have a great one. ^IS,general_or_unclear_reply,review_required,rule_assisted_needs_sample_review,other_or_needs_context,0.471,semantic_prototype_weak_label
1299817,1299817,399569,Thu Oct 26 18:24:57 +0000 2017,"@XboxSupport hey. Since updating my Xbox this week, my external hard drive needs to be replugged in every restart, and no sound in headset",1299816,"@399569 Hi, what type of headset are you using? ^RM",general_or_unclear_reply,review_required,rule_assisted_needs_sample_review,other_or_needs_context,0.344,semantic_prototype_weak_label
1299819,1299819,423805,Thu Oct 26 20:17:47 +0000 2017,@XboxSupport Can World of Warcraft be downloaded and played on Xbox One S,1299818,@423805 Hey there. That is not a supported title on the console currently. Hope that clarifies. ^IS,general_or_unclear_reply,review_required,rule_assisted_needs_sample_review,how_to_product_information,0.423,semantic_prototype_weak_label
1300337,1300337,156816,Thu Oct 26 21:43:03 +0000 2017,Help @XboxSupport,1300335,"@156816 Hi, how can we assist you? ^RM",general_or_unclear_reply,review_required,rule_assisted_needs_sample_review,account_access_profile,0.566,semantic_prototype_weak_label
1300337,1300336,156816,Fri Oct 27 00:01:18 +0000 2017,@XboxSupport you took too long :/,1300338,@156816 Apologies as we answer tweet's and do our best to tweet to everyone as quickly as possible. To be sure did you get your issue sorted out?^IS,general_or_unclear_reply,review_required,rule_assisted_needs_sample_review,account_access_profile,0.454,semantic_prototype_weak_label
1301576,1301576,424186,Thu Oct 26 23:28:33 +0000 2017,@XboxSupport WTF why does it take over an hour for xbox 1 2 download a 765 MB file that my laptop can download in under 3 mins,1301574,@424186 Hi there. You can go through the steps in the guide here: https://t.co/eLlEvjk2k0 for more help with slow downloads! ^BZ,public_documentation,auto_handle_candidate,rule_assisted_needs_sample_review,connectivity_xbox_live,0.405,semantic_prototype_weak_label
1301576,1301575,424186,Fri Oct 27 00:39:14 +0000 2017,@XboxSupport not my internet my laptop blows the doors off xbox and its hooked up to the same router its YOUR machine always has been slow gettin worse,1301577,@424186 A bit confused. Definitely understand your frustration are you still having issues with the download? Can you dm more on what 1/2 ^IS,general_or_unclear_reply,review_required,rule_assisted_needs_sample_review,connectivity_xbox_live,0.507,semantic_prototype_weak_label
1301582,1301582,125950,Thu Oct 26 23:20:22 +0000 2017,@XboxSupport My black ops 2 profile got deranked by a 13 year old child. This scares me because I have credit card info with you guys,1301581,"@125950 Hi, would you like to direct message us and explain more in detail what issue you are experiencing? ^RM",private_account_investigation,escalate,rule_assisted_needs_sample_review,safety_enforcement_security,0.435,semantic_prototype_weak_label
1306617,1306616,425340,Fri Oct 27 02:18:48 +0000 2017,@XboxSupport  is there ways to speed up game download time?,1306615,@425340 Hello! Let's try going through the steps here: https://t.co/N75wQ6skgz to see if that helps with your slow game downloads.  ^RR,public_documentation,auto_handle_candidate,rule_assisted_needs_sample_review,game_content_download,0.384,semantic_prototype_weak_label
1306620,1306619,425341,Fri Oct 27 01:39:26 +0000 2017,@362335 @XboxSupport @115786 That stuff is a pain in the Arse,1306618,@425341 Definitely no fun. To be sure are you having trouble as well? ^IS,general_or_unclear_reply,review_required,rule_assisted_needs_sample_review,account_access_profile,0.467,semantic_prototype_weak_label
1309308,1309308,425974,Fri Oct 27 03:50:32 +0000 2017,@XboxSupport i removed someone from my friends list on Xbox one but they kept reappearing in my list is that a bug,1309307,@425974 Definitely odd. Can you try to remove them on the Xbox app or on https://t.co/6DxzuMLtkS to see if this sticks? If not can 1/2 ^IS,public_documentation,auto_handle_candidate,rule_assisted_needs_sample_review,account_access_profile,0.379,semantic_prototype_weak_label
1341280,1341280,432856,Fri Oct 27 06:35:10 +0000 2017,How do you cancel a WWII Pre Order? @XboxSupport,1341279,"@432856 If you need to cancel a pre-order, this is something that our chat team: https://t.co/CRUPPWlyVB can help with. ^EZ",specialist_handoff,escalate,rule_assisted_needs_sample_review,billing_codes_refunds,0.409,semantic_prototype_weak_label
1341282,1341282,432857,Fri Oct 27 06:15:59 +0000 2017,@XboxSupport @117347 I get into races and my game freezes up in the middle of it. Makes a loud noise then kicks me out,1341281,"@432857 We'd be happy to help, but we could use more info. Could you follow &amp; DM @Xboxsupport with your Gamertag &amp; some details? ^EZ",private_account_investigation,escalate,rule_assisted_needs_sample_review,account_access_profile,0.350,semantic_prototype_weak_label
1342252,1342252,433055,Fri Oct 27 08:30:32 +0000 2017,"@XboxSupport Hello, I just installed Life is Strange Before the Storm but there's no ""play"" button anywhere. How do I access my game?",1342250,@433055 Hi there! If you go into my games &amp; apps do you see Life is Strange? What happens when you click on it? ^JS,general_or_unclear_reply,review_required,rule_assisted_needs_sample_review,account_access_profile,0.351,semantic_prototype_weak_label
1345202,1345202,433679,Fri Oct 27 15:05:53 +0000 2017,@XboxSupport ....pay for the pre order cause theres no option to use my ms account balance so how am i supposed to pay for the game 😠😠,1345201,@433679 Hi there! Can you reach out to the chat team https://t.co/lUV7XYl61S as they are best to handle payment inquiries? ^JS,specialist_handoff,escalate,rule_assisted_needs_sample_review,billing_codes_refunds,0.548,semantic_prototype_weak_label
1347149,1347149,434151,Fri Oct 27 15:57:51 +0000 2017,@XboxSupport  I’ve just gotten reported and  suspended for send someone (“ Nice try asshole” arnold schwarzenegger quote ). Really ?,1347148,@434151 You can go here to follow the steps to submit a case review https://t.co/LQYh6TbBcD. ^RM,enforcement_review,escalate,rule_assisted_needs_sample_review,safety_enforcement_security,0.408,semantic_prototype_weak_label
1348688,1348688,434503,Fri Oct 27 15:00:54 +0000 2017,"@XboxSupport I own the Gold Edition of Tom Clancy's Ghost Recon Wildlands, but the gold content won't download on my second Xbox.",1348687,"@434503 We'd be happy to help, but we could use more info. Could you follow &amp; DM @Xboxsupport with your Gamertag &amp; some details? ^EZ",private_account_investigation,escalate,rule_assisted_needs_sample_review,subscription_game_pass_gold,0.461,semantic_prototype_weak_label
1348694,1348694,150362,Fri Oct 27 14:59:48 +0000 2017,@XboxSupport how do I put Xbox live gold on a child account so my daughter can play minecraft with me ?,1348693,@150362 Thanks for reaching out! We have a guide on: https://t.co/RkOjt71Xuv that should help add a subscription to the account. ^EZ,public_documentation,auto_handle_candidate,rule_assisted_needs_sample_review,account_access_profile,0.469,semantic_prototype_weak_label
1352075,1352073,435295,Mon Nov 20 21:19:54 +0000 2017,@XboxSupport These games were purchased before I reset and they were digital copies of the game if that’s what you mean by internal,1352072,"@435295 Thanks for this info. So we can look into this with you, Could you follow &amp; DM @Xboxsupport with your Gamertag? ^EZ",private_account_investigation,escalate,rule_assisted_needs_sample_review,game_content_download,0.436,semantic_prototype_weak_label
1352075,1352075,435295,Mon Nov 20 17:36:51 +0000 2017,"@XboxSupport I just reset my xbox and some of my games aren’t on the ready to install list like my fallout 4, gears of war ultimate edition and a couple of other games is this normal? Cause it said it would reset everything but my games and apps",1352074,"@435295 Hi there, are these games you purchased or were you accessing them through Home console designation with a friend? Were they saved to your internal or external storage?  ^ZM",general_or_unclear_reply,review_required,rule_assisted_needs_sample_review,game_content_download,0.410,semantic_prototype_weak_label
1353318,1353318,126919,Fri Oct 27 15:35:19 +0000 2017,@XboxSupport How I make game captures record gamechat voice?,1353316,"@126919 Hi, you are not able to perform that feature at this time. ^RM",general_or_unclear_reply,review_required,rule_assisted_needs_sample_review,how_to_product_information,0.413,semantic_prototype_weak_label
1353318,1353317,126919,Fri Oct 27 19:26:51 +0000 2017,@XboxSupport My friend @56260 can do it ?,1353319,"@126919 We can not speculate on how your friend is able to do that, but we do not have that as an official feature. ^RM",general_or_unclear_reply,review_required,rule_assisted_needs_sample_review,account_access_profile,0.523,semantic_prototype_weak_label
1354162,1354162,435791,Fri Oct 27 16:56:47 +0000 2017,"@XboxSupport Can't send messages or join party chat on my Xbox. Open NAT, multiple networks, hard reset, no offenses.",1354161,@435791 cycle https://t.co/QENEhDawC3 and redownload your profile and see if the issue subsides?  2 ^JS,public_documentation,auto_handle_candidate,rule_assisted_needs_sample_review,account_access_profile,0.572,semantic_prototype_weak_label
1354162,1354162,435791,Fri Oct 27 16:56:47 +0000 2017,"@XboxSupport Can't send messages or join party chat on my Xbox. Open NAT, multiple networks, hard reset, no offenses.",1354163,"@435791 Thanks for reaching out! Could you remove your profile https://t.co/zJxn1EMf83 , power  1 ^JS",public_documentation,auto_handle_candidate,rule_assisted_needs_sample_review,account_access_profile,0.572,semantic_prototype_weak_label
1362264,1362264,234913,Fri Oct 27 19:57:43 +0000 2017,@XboxSupport why cant i upload things to onedrive?,1362263,@234913 Hi there! Are you encountering any specific error codes? Have you tried resetting your 1/2  ^JA,general_or_unclear_reply,review_required,rule_assisted_needs_sample_review,account_access_profile,0.445,semantic_prototype_weak_label
1364433,1364433,437682,Fri Oct 27 20:24:07 +0000 2017,"@XboxSupport recently, my Xbox 360 has totally refused to load any discs. It'll say Play DVD or Unrecognised Disk. What can I do?",1364431,@437682 Hi there! Can you go through the steps here https://t.co/0iKRIF71JM for Xbox 360 disc errors? ^JS,public_documentation,auto_handle_candidate,rule_assisted_needs_sample_review,account_access_profile,0.433,semantic_prototype_weak_label
1364433,1364432,437682,Fri Oct 27 21:56:12 +0000 2017,@XboxSupport Really helped! Thanks &lt;3,1364434,@437682 Great to hear! Feel free to reach out should you need any future Xbox Support questions! Happy Gaming :) ^JS,general_or_unclear_reply,review_required,rule_assisted_needs_sample_review,account_access_profile,0.462,semantic_prototype_weak_label
1372285,1372285,439376,Fri Oct 27 23:37:01 +0000 2017,@115787 @XboxSupport back compat this shieeeeeet https://t.co/z3y9AV6fl9,1372284,@439376 Hello! Remember to suggest Backward Compatible titles here and vote on your favorites: https://t.co/bKaMp0HcbU ^CO,public_documentation,auto_handle_candidate,rule_assisted_needs_sample_review,account_access_profile,0.500,semantic_prototype_weak_label
1373069,1373069,439570,Fri Oct 27 23:36:31 +0000 2017,How do I cancel a digital pre-order? @XboxSupport,1373068,@439570 Hello. You can log in here and cancel the order in your purchase history https://t.co/Vdnoh9l6jQ ^CO,public_documentation,auto_handle_candidate,rule_assisted_needs_sample_review,billing_codes_refunds,0.443,semantic_prototype_weak_label
1374401,1374400,439907,Fri Oct 27 16:59:20 +0000 2017,"@115786 It's buggy as fuck, typical of @119959",1374399,"@439907 Hello, if you're still seeing this issue, we can help you take a look. Let us know. ^CO",general_or_unclear_reply,review_required,rule_assisted_needs_sample_review,safety_enforcement_security,0.154,semantic_prototype_weak_label
1374407,1374407,439909,Sat Oct 28 00:17:44 +0000 2017,"@XboxSupport my xbox one turns on and immediately turns off, and it is not the source of power, what is the problem?",1374405,@439909 Hi there! When the console turns off is the power button blinking?  ^BL,general_or_unclear_reply,review_required,rule_assisted_needs_sample_review,account_access_profile,0.460,semantic_prototype_weak_label
1374407,1374406,439909,Sat Oct 28 00:53:45 +0000 2017,"@XboxSupport do not, inmediatly turn off",1374408,@439909 Thank you for confirming that for us. Let's be sure to work through all the steps here: https://t.co/OTzz9xxVZr ^BL,public_documentation,auto_handle_candidate,rule_assisted_needs_sample_review,account_access_profile,0.434,semantic_prototype_weak_label
1375939,1375939,440300,Sat Oct 28 01:43:52 +0000 2017,"@XboxSupport this was the single worst customer service interaction I've ever had, I can't believe I ever switched from PlayStation to Xbox",1375938,@440300 Hello! Would you mind following us and sending a DM when you are so we can gather more info?  ^RR,private_account_investigation,escalate,rule_assisted_needs_sample_review,other_or_needs_context,0.528,semantic_prototype_weak_label
1376283,1376283,440385,Fri Oct 27 18:26:05 +0000 2017,Need a bunch of people to play Xbox with instead of playing by myself and getting bored after 5 minutes 🙄,1376282,@440385 Hello! Xbox Support here! Have you tried using the Looking for Group feature to find people to play with on Xbox Live?  ^CO,general_or_unclear_reply,review_required,rule_assisted_needs_sample_review,connectivity_xbox_live,0.428,semantic_prototype_weak_label
1376292,1376287,423530,Sat Oct 28 02:08:05 +0000 2017,@116543 @440387 ppl still go to @XboxSupport 4 help only to be pushed away to a case file? the team dont have a number to call either? bans are out of hand,1376286,@423530 Hello! If you are considering harming yourself please reach out here: https://t.co/H1mxAjNnVc  ^RR,public_documentation,auto_handle_candidate,rule_assisted_needs_sample_review,other_or_needs_context,0.454,semantic_prototype_weak_label
1376306,1376306,440391,Sat Oct 28 01:44:15 +0000 2017,@XboxSupport I'm on live on the one but I can't play live on BC titles. My billing is up to date. Please help! https://t.co/lGeHQvKZra,1376304,@440391 Hello! Would you mind following us and sending a DM with your gamertag?  ^RR,private_account_investigation,escalate,rule_assisted_needs_sample_review,other_or_needs_context,0.426,semantic_prototype_weak_label
1376633,1376633,440468,Fri Oct 27 20:13:00 +0000 2017,"@115786 Just pre ordered Xbox one X, haven’t been this excited since I pre ordered the original Xbox one. Can’t wait 😬",1376632,"@440468 Glad to hear that you're excited for the Xbox One X! If you have any support questions, just let us know. :)  ^JA",general_or_unclear_reply,review_required,rule_assisted_needs_sample_review,other_or_needs_context,0.377,semantic_prototype_weak_label
1377263,1377263,440617,Sat Oct 28 02:22:30 +0000 2017,"@XboxSupport Fix your dashboard. Ever since it updated, disconnected from the party constantly. The new dashboard is awful.",1377262,@440617 Hi there! Have you been able to work through all the steps here: https://t.co/BT6B3oSbZC ^BL,public_documentation,auto_handle_candidate,rule_assisted_needs_sample_review,account_access_profile,0.431,semantic_prototype_weak_label
1377593,1377591,288559,Fri Oct 27 22:18:18 +0000 2017,@353480 Yea I've pre-ordered my Xbox One X and ARK is the game I'm most excited to see run on it. Hopefully it's consistently 60fps instead of -5fps,1377589,"@288559 We're glad to hear that you're excited for the Xbox One X! If you have any support questions, just let us know. :)  ^JA",general_or_unclear_reply,review_required,rule_assisted_needs_sample_review,other_or_needs_context,0.399,semantic_prototype_weak_label
1377986,1377986,440783,Sat Oct 28 03:02:25 +0000 2017,@XboxSupport why did the Fall update remove my community tab at my home screen? Please tell me how to get it back,1377984,@440783 Hi there! Mind sending us a picture of what you are seeing on the console so we can further look into this?  ^JA,visual_evidence_required,escalate,rule_assisted_needs_sample_review,account_access_profile,0.317,semantic_prototype_weak_label
1377986,1377985,440783,Sat Oct 28 04:09:29 +0000 2017,@XboxSupport No community or mixer https://t.co/e02jFGggCA,1377987,"@440783 Thanks for that picture. If you hold down the LT + RT +Y on your controller, does this refresh your home page?  ^JA",visual_evidence_required,escalate,rule_assisted_needs_sample_review,other_or_needs_context,0.443,semantic_prototype_weak_label
1377986,1377988,440783,Sat Oct 28 04:18:00 +0000 2017,@XboxSupport That did the trick!!! Thank you JA.,1377989,@440783 You're very welcome! We hope you enjoy the rest of your evening. :)  ^JA,general_or_unclear_reply,review_required,rule_assisted_needs_sample_review,account_access_profile,0.483,semantic_prototype_weak_label
1380101,1380101,441274,Sat Oct 28 04:27:31 +0000 2017,@XboxSupport Party chat isn't working properly.  Random disconnects in game while playing @57228,1380099,"@441274 Heya! Would you mind sending a picture of your network stats: Settings&gt;Network&gt;Network Settings&gt;Detailed Network Statistics
 ^RR",visual_evidence_required,escalate,rule_assisted_needs_sample_review,connectivity_xbox_live,0.405,semantic_prototype_weak_label
1396512,1396512,416606,Mon Oct 16 09:32:22 +0000 2017,@115786 @XboxSupport How do I cancel a preorder on Xbox?,1396511,@416606 our chat support team here: https://t.co/lUV7XYl61S to explore your options on this.  2 ^ZM,public_documentation,auto_handle_candidate,rule_assisted_needs_sample_review,billing_codes_refunds,0.366,semantic_prototype_weak_label
1396512,1396512,416606,Mon Oct 16 09:32:22 +0000 2017,@115786 @XboxSupport How do I cancel a preorder on Xbox?,1396513,"@416606 Hi there, if you'd like to cancel a game you pre-ordered, please contact  1 ^ZM",general_or_unclear_reply,review_required,rule_assisted_needs_sample_review,billing_codes_refunds,0.366,semantic_prototype_weak_label
1397034,1397034,444864,Sat Oct 28 05:14:40 +0000 2017,@XboxSupport Console did a random overnight factory reset and it cleared my local save data and I have to resync. Was there an XIP update?,1397033,"@444864 this case, you can reach out to that team in the forums here: https://t.co/ivKG1xJts9 for further assistance!  2 ^BZ",public_documentation,auto_handle_candidate,rule_assisted_needs_sample_review,other_or_needs_context,0.312,semantic_prototype_weak_label
1397034,1397034,444864,Sat Oct 28 05:14:40 +0000 2017,@XboxSupport Console did a random overnight factory reset and it cleared my local save data and I have to resync. Was there an XIP update?,1397035,"@444864 Hi there. If you're referring to Insider program updates, we wouldn't have any insight into that here. In  1 ^BZ",general_or_unclear_reply,review_required,rule_assisted_needs_sample_review,other_or_needs_context,0.312,semantic_prototype_weak_label
1397685,1397685,445030,Sat Oct 28 08:51:25 +0000 2017,@XboxSupport I don't seem to be receiving message notifications despite clearing the cache on Xbox One multiple times. Any ideas?,1397684,@445030 https://t.co/QENEhDawC3 and redownload your profile and see if your issue subsides?  2 ^JS,public_documentation,auto_handle_candidate,rule_assisted_needs_sample_review,account_access_profile,0.399,semantic_prototype_weak_label
1397685,1397685,445030,Sat Oct 28 08:51:25 +0000 2017,@XboxSupport I don't seem to be receiving message notifications despite clearing the cache on Xbox One multiple times. Any ideas?,1397686,"@445030 Hi there! Could you remove your profile https://t.co/zJxn1EMf83 , power cycle  1 ^JS",public_documentation,auto_handle_candidate,rule_assisted_needs_sample_review,account_access_profile,0.399,semantic_prototype_weak_label
1398024,1398024,445108,Sat Oct 28 11:00:41 +0000 2017,@XboxSupport I lost so much data for ever game that I have purchased for something I dint do.,1398022,"@445108 We don't have any influence on suspensions, I'm afraid; if you like, you can submit a case review: https://t.co/JoGQTtB3Sp  ^JS",enforcement_review,escalate,rule_assisted_needs_sample_review,billing_codes_refunds,0.534,semantic_prototype_weak_label
1398227,1398227,445161,Sat Oct 28 10:04:09 +0000 2017,"@XboxSupport Have Strict NAT type, trying to do test on NAT type via Xbox says network not set up! Can you help? Connected to Internet!",1398226,"@445161 So we can look into this further with you, can you DM us your gamertag please? https://t.co/nPX1yNXCi5  ^QZ",private_account_investigation,escalate,rule_assisted_needs_sample_review,connectivity_xbox_live,0.430,semantic_prototype_weak_label
1398227,1398227,445161,Sat Oct 28 10:04:09 +0000 2017,"@XboxSupport Have Strict NAT type, trying to do test on NAT type via Xbox says network not set up! Can you help? Connected to Internet!",1398228,@445161 That's no good! Thanks for letting us know. We were closed up overnight: https://t.co/XJOdrwpuSt but we're back open now :)  ^QZ,public_documentation,auto_handle_candidate,rule_assisted_needs_sample_review,connectivity_xbox_live,0.430,semantic_prototype_weak_label
1399703,1399701,313662,Sat Oct 28 15:32:40 +0000 2017,@XboxSupport That's a bit silly and exploitative. If you've given the game for free then why stifle ones ability to play because they're broke?,1399700,"@313662 to play the Xbox One games with gold, however, you can still play the Xbox 360 games https://t.co/ZtqVpYXfUd  2 ^JS",public_documentation,auto_handle_candidate,rule_assisted_needs_sample_review,billing_codes_refunds,0.415,semantic_prototype_weak_label
1399703,1399701,313662,Sat Oct 28 15:32:40 +0000 2017,@XboxSupport That's a bit silly and exploitative. If you've given the game for free then why stifle ones ability to play because they're broke?,1399702,"@313662 Hi there, if you no longer have an active Xbox Live subscription you will no longer be able  1 ^JS",general_or_unclear_reply,review_required,rule_assisted_needs_sample_review,billing_codes_refunds,0.415,semantic_prototype_weak_label
1399703,1399704,313662,Sat Oct 28 17:02:25 +0000 2017,"@XboxSupport I understand, but I stand by my statement. Its exploitation. Its like giving me a free car but I can't drive without paying for it.",1399705,@313662 If you would like to make a suggestion for a change we recommend leaving your feedback at https://t.co/EDoaucSh9O ^JS,public_documentation,auto_handle_candidate,rule_assisted_needs_sample_review,other_or_needs_context,0.485,semantic_prototype_weak_label
1399703,1399706,313662,Sat Oct 28 17:42:08 +0000 2017,@XboxSupport But thanks for actually responding either way. You guys the first to actually respond when I ask someone for assistance.,1399708,"@313662 You're welcome, feel free to reach out should you have any future Xbox Support questions! ^JS",general_or_unclear_reply,review_required,rule_assisted_needs_sample_review,other_or_needs_context,0.568,semantic_prototype_weak_label
1400233,1400233,445581,Sat Oct 28 12:20:15 +0000 2017,@XboxSupport my friends can switch rb to rt and they have normal controllers not the elite button Remapping won’t work so how Can I do this,1400232,"@445581 Hi there, you can find info on how to customize your Xbox One controller button mapping here: https://t.co/rnrb2xfdPn . ^ZM",public_documentation,auto_handle_candidate,rule_assisted_needs_sample_review,how_to_product_information,0.311,semantic_prototype_weak_label
1400275,1400275,445588,Mon Oct 16 12:27:53 +0000 2017,"Hey @XboxSupport, literally no one can access Xbox Live from Xbox 360 consoles for days now. Region: Hungary. Can you please comment? https://t.co/Ru8R5NOtcp",1400274,"@445588 We'd be happy to help, but we could use more info. Could you follow &amp; DM @Xboxsupport with your Gamertag &amp; some details? ^EZ",private_account_investigation,escalate,rule_assisted_needs_sample_review,other_or_needs_context,0.492,semantic_prototype_weak_label
1401735,1401729,445916,Sat Nov 25 21:33:55 +0000 2017,@XboxSupport It has been four days and I I had not received the update.,1401727,@445916 Hello again! I'm afraid we wouldn't have an ETA on when you'll receive the update. Greatly appreciate your patience! ^TJ,general_or_unclear_reply,review_required,rule_assisted_needs_sample_review,other_or_needs_context,0.480,semantic_prototype_weak_label
1401735,1401731,445916,Tue Nov 21 00:00:11 +0000 2017,"@XboxSupport Thank you for the response. How long will this process take?

Thanks!",1401730,"@445916 We could not speculate on the time frame for this to reach you, but we appropriate your patience. We'll be here to help if any more Xbox support questions pop up^EZ",general_or_unclear_reply,review_required,rule_assisted_needs_sample_review,other_or_needs_context,0.450,semantic_prototype_weak_label
1401735,1401733,445916,Mon Nov 20 11:53:52 +0000 2017,@XboxSupport Just got it yesterday,1401732,"@445916 Ahh OK. If you reached this play time recently, it may take some additional time for this entitlement to reach your account for the game. In that case we'd recommend to hang tight for now.^EZ",general_or_unclear_reply,review_required,rule_assisted_needs_sample_review,account_access_profile,0.426,semantic_prototype_weak_label
1401735,1401735,445916,Mon Nov 20 01:48:49 +0000 2017,"@XboxSupport I have played the five hours needed to download the new Minecraft. How come, when I go to the store, it says I still need to pay? I have the disc version.",1401734,@445916 Hey there! Would you mind clarifying for us when you last completed the five hours of game time?   ^JA,needs_more_context,escalate,rule_assisted_needs_sample_review,billing_codes_refunds,0.450,semantic_prototype_weak_label
1401744,1401744,197320,Sat Nov 25 20:30:30 +0000 2017,@XboxSupport I got an installation stopped message and restarted my Xbox but it still doesn't install,1401743,"@197320 We'd be happy to help, but we could use more info. Could you follow &amp; DM @Xboxsupport with your Gamertag &amp; some details? ^EZ",private_account_investigation,escalate,rule_assisted_needs_sample_review,account_access_profile,0.514,semantic_prototype_weak_label
1401796,1401796,445931,Sat Nov 25 18:25:46 +0000 2017,"@XboxSupport @115786 I’m selling my Xbox 360 and when I press reset to default settings, nothing happens my Xbox just remains the same and doesn’t do anything. Do you have any advice?",1401795,@445931 You can remove your profile from the console with these steps. https://t.co/nmU9YIqovh and try performing the reset steps you used again. ^RM,public_documentation,auto_handle_candidate,rule_assisted_needs_sample_review,account_access_profile,0.517,semantic_prototype_weak_label
1401877,1401877,445948,Sat Oct 28 16:45:59 +0000 2017,"@XboxSupport I have a problem with the xbox app on win10 - (0x409) 0x80080300.
I have tried every method you can find using google.",1401874,"@445948 Hi there! Just to clarify, what specific issue are you running into? What are you doing when this error pops up? ^JS",needs_more_context,escalate,rule_assisted_needs_sample_review,account_access_profile,0.501,semantic_prototype_weak_label
1401877,1401876,445948,Sat Oct 28 17:46:59 +0000 2017,@XboxSupport I try signing in but it won't let me. (2/2),1401878,@445948 issues with games downloaded from the Windows Store. Click this link https://t.co/IxqapBGLS0 to run this troubleshooter.  2 ^JS,public_documentation,auto_handle_candidate,rule_assisted_needs_sample_review,account_access_profile,0.673,semantic_prototype_weak_label
1401877,1401880,445948,Sat Oct 28 18:19:19 +0000 2017,"@XboxSupport - Done. Says ""windows store cache may be damaged"" - Fixed (yes).
- Opened xbox app - still same issue",1401881,"@445948 ""Xbox"" and click on it and select ""advanced options."" Then click ""reset"" and restart your PC and open the app back up. 2 ^JS",public_troubleshooting,auto_handle_candidate,rule_assisted_needs_sample_review,account_access_profile,0.574,semantic_prototype_weak_label
1401877,1401883,445948,Sat Oct 28 19:14:42 +0000 2017,"@XboxSupport Done.
Same issue.",1401884,"@445948 At this point, we recommend deleting the app and redownloading it from the app store. ^CO",general_or_unclear_reply,review_required,rule_assisted_needs_sample_review,account_access_profile,0.576,semantic_prototype_weak_label
1401877,1401885,445948,Sat Oct 28 22:39:36 +0000 2017,"@XboxSupport Nope. Same error, sorry. 
I have done everything you can think of. I hoped that you may have a method for fixing this specific error. 🙂",1401886,@445948 Deleting the app should delete the cache. Maybe deleting the app and restarting your computer before reinstalling? ^CO,public_troubleshooting,auto_handle_candidate,rule_assisted_needs_sample_review,account_access_profile,0.575,semantic_prototype_weak_label
1401877,1401888,445948,Sun Oct 29 12:22:22 +0000 2017,"@XboxSupport After restart - app cache is gone.
After Installing app - cache is not present and the same error number is coming up.
(2/2)",1401889,"@445948 Thanks for testing. Curious, are there any other profiles on the PC? If so, can the other profiles sign into the Xbox app? ^EZ",general_or_unclear_reply,review_required,rule_assisted_needs_sample_review,account_access_profile,0.433,semantic_prototype_weak_label
1401877,1401890,445948,Sun Oct 29 17:02:24 +0000 2017,"@XboxSupport Tried it on them, they show same error.",1401891,@445948 Ahh OK. If you download the Xbox (Beta) app then try to sign in with your profile do you see errors in that app as well? ^EZ,public_troubleshooting,auto_handle_candidate,rule_assisted_needs_sample_review,account_access_profile,0.564,semantic_prototype_weak_label
1401877,1401893,445948,Sun Oct 29 18:46:39 +0000 2017,@XboxSupport  https://t.co/YnUjKESHQX,1401894,@445948 possible to test signing into the app on a device on a different network? 2 ^EZ,general_or_unclear_reply,review_required,rule_assisted_needs_sample_review,other_or_needs_context,0.453,semantic_prototype_weak_label
1401877,1401896,445948,Sun Oct 29 21:41:58 +0000 2017,@XboxSupport Well the other device I have is my phone. I tried logging in the xbox beta app and it works,1401897,"@445948 Ahh OK. If no other PCs are available, can your Windows 10 PC be booted into safe mode? If so, can you sign into the app? ^EZ",general_or_unclear_reply,review_required,rule_assisted_needs_sample_review,account_access_profile,0.542,semantic_prototype_weak_label
1401877,1401893,445948,Sun Oct 29 18:46:39 +0000 2017,@XboxSupport  https://t.co/YnUjKESHQX,1401895,"@445948 Thanks for testing. If you continue to see issues with the app on devices on the same network, would it be 1 ^EZ",general_or_unclear_reply,review_required,rule_assisted_needs_sample_review,other_or_needs_context,0.453,semantic_prototype_weak_label
1401877,1401880,445948,Sat Oct 28 18:19:19 +0000 2017,"@XboxSupport - Done. Says ""windows store cache may be damaged"" - Fixed (yes).
- Opened xbox app - still same issue",1401882,"@445948 Thanks for that, can you go in your search bar and search for ""apps &amp; features"" Click on that and scroll down to 1 ^JS",general_or_unclear_reply,review_required,rule_assisted_needs_sample_review,account_access_profile,0.574,semantic_prototype_weak_label
1401877,1401876,445948,Sat Oct 28 17:46:59 +0000 2017,@XboxSupport I try signing in but it won't let me. (2/2),1401879,"@445948 Gotcha, Can you to run the Windows app troubleshooter as it can help diagnose and resolve  1 ^JS",public_troubleshooting,auto_handle_candidate,rule_assisted_needs_sample_review,account_access_profile,0.673,semantic_prototype_weak_label
1407414,1407414,447146,Sat Oct 28 18:25:12 +0000 2017,@115787 @XboxSupport @115786 I have been an Xbox loyalist since day one of Xbox launch in 2001 I have been loyal through rings of death and,1407413,@447146 follow &amp; DM us your Gamertag and clarify what's going on so we can assist?  2 ^BZ,private_account_investigation,escalate,rule_assisted_needs_sample_review,account_access_profile,0.510,semantic_prototype_weak_label
1407414,1407414,447146,Sat Oct 28 18:25:12 +0000 2017,@115787 @XboxSupport @115786 I have been an Xbox loyalist since day one of Xbox launch in 2001 I have been loyal through rings of death and,1407415,"@447146 Hi there. Do you have a question or having trouble with something? If so, can you  1 ^BZ",general_or_unclear_reply,review_required,rule_assisted_needs_sample_review,account_access_profile,0.510,semantic_prototype_weak_label
1410909,1410909,447932,Sat Oct 28 15:35:40 +0000 2017,@XboxSupport Is there no one at a manager level or greater available for support? https://t.co/WFxSF8F1Un,1410908,@447932 your options on this further as they'd have the most up to date info on your request. 3 ^ZM,general_or_unclear_reply,review_required,rule_assisted_needs_sample_review,other_or_needs_context,0.534,semantic_prototype_weak_label
1410909,1410909,447932,Sat Oct 28 15:35:40 +0000 2017,@XboxSupport Is there no one at a manager level or greater available for support? https://t.co/WFxSF8F1Un,1410910,@447932 described on your forums post. We recommend reaching back out to phone support here: https://t.co/lUV7XYl61S to explore  2 ^ZM,public_documentation,auto_handle_candidate,rule_assisted_needs_sample_review,other_or_needs_context,0.534,semantic_prototype_weak_label
1410909,1410909,447932,Sat Oct 28 15:35:40 +0000 2017,@XboxSupport Is there no one at a manager level or greater available for support? https://t.co/WFxSF8F1Un,1410911,"@447932 Hi, thank you for providing that info. It appears you have an open case regarding the issue  1 ^ZM",general_or_unclear_reply,review_required,rule_assisted_needs_sample_review,other_or_needs_context,0.534,semantic_prototype_weak_label
1412286,1412286,448189,Thu Nov 02 00:33:25 +0000 2017,@XboxSupport I need help,1412284,"@448189 Hello, thanks for reaching out to us. Can you DM us your Gamertag and description of the issue? ^CO",private_account_investigation,escalate,rule_assisted_needs_sample_review,account_access_profile,0.541,semantic_prototype_weak_label
1416385,1416385,449177,Thu Nov 02 00:46:54 +0000 2017,@XboxSupport are you going to give more xb1x project Scorpio consoles to amazon?,1416384,@449177 Hi there! We wouldn't be able to speculate on that. We'd recommend reaching out to Amazon for further clarification. ^JA,general_or_unclear_reply,review_required,rule_assisted_needs_sample_review,other_or_needs_context,0.405,semantic_prototype_weak_label
1418491,1418491,449707,Wed Nov 01 23:06:15 +0000 2017,Xbox One : Console https://t.co/oGrmU8BwlF via @xboxsupport,1418490,"@449707 Hi. Can you DM us your gamertag, steps you've tried &amp; a detailed summary of the issue so we can help? ^AK",private_account_investigation,escalate,rule_assisted_needs_sample_review,other_or_needs_context,0.510,semantic_prototype_weak_label
1418517,1418515,190929,Wed Nov 01 22:02:47 +0000 2017,@115786 It kicks me off of Xbox live for some reason and it was happening last night with my friends @XboxSupport,1418514,@190929 DM us your Gamertag and clarify what the issue is that you're having so we can investigate?  2 ^BZ,private_account_investigation,escalate,rule_assisted_needs_sample_review,account_access_profile,0.491,semantic_prototype_weak_label
1418517,1418515,190929,Wed Nov 01 22:02:47 +0000 2017,@115786 It kicks me off of Xbox live for some reason and it was happening last night with my friends @XboxSupport,1418516,@190929 Heyo! We'd like to Direct Message so we can collect some more information. Can you follow and  1 ^BZ,private_account_investigation,escalate,rule_assisted_needs_sample_review,account_access_profile,0.491,semantic_prototype_weak_label
1419982,1419980,236783,Wed Nov 01 22:56:51 +0000 2017,@117766 How do I find out when my enforcement strike was made,1419979,@236783 Hi there! If you log into your account here: https://t.co/6qQMy1Un5E are you able to view your Enforcement history?  ^JA,enforcement_review,escalate,rule_assisted_needs_sample_review,safety_enforcement_security,0.231,semantic_prototype_weak_label
1420576,1420576,450249,Wed Nov 01 23:27:18 +0000 2017,@XboxSupport  @XboxSupport  Support chat seems to be down any ideas? https://t.co/C1xBGHOs6J,1420575,@450249 Hi. Does this link here https://t.co/A27lh3IeG0 work? Have you tried multiple browsers? ^AK,public_documentation,auto_handle_candidate,rule_assisted_needs_sample_review,other_or_needs_context,0.560,semantic_prototype_weak_label
1422731,1422731,293837,Sat Oct 28 18:19:58 +0000 2017,@XboxSupport Can't connect to party with 1 of my friends says we disconnected. We both have Open NAT and have no problems with other partys,1422730,@293837 Hello! Would you mind following us and sending a DM when you are so we can gather more info?  ^RR,private_account_investigation,escalate,rule_assisted_needs_sample_review,account_access_profile,0.468,semantic_prototype_weak_label
1424839,1424839,451030,Thu Nov 02 02:53:18 +0000 2017,@XboxSupport my friends and I have been having a ton of trouble with parties today. Just wondering if it's a known problem yet? Been all day,1424837,"@451030 Hello, thanks for reaching out to us. Can you send us your gamertag and if any of your friends are preview members? ^CO",private_account_investigation,escalate,rule_assisted_needs_sample_review,account_access_profile,0.353,semantic_prototype_weak_label
1424839,1424838,451030,Thu Nov 02 04:00:26 +0000 2017,"@XboxSupport I am Hock3yStar18, another is MrHockey02, another is Desk Clerk. And we don't know what preview members means lol",1424840,"@451030 We aren't able to look into accounts here. Can you send us a DM with your NAT type, and detailed network stats? ^CO",private_account_investigation,escalate,rule_assisted_needs_sample_review,account_access_profile,0.317,semantic_prototype_weak_label
1443504,1443504,454933,Sun Nov 26 00:38:33 +0000 2017,@XboxSupport Xbox y u do dis https://t.co/K1p7TdYQz7,1443503,@454933 Hi there! Can you DM us your detailed network stats and your NAT type? ^CO,private_account_investigation,escalate,rule_assisted_needs_sample_review,account_access_profile,0.421,semantic_prototype_weak_label
1444028,1444028,455070,Thu Nov 02 04:44:14 +0000 2017,@XboxSupport https://t.co/G2UGz0Z4HI,1444027,@455070 DM us your Gamertag and clarify what the issue is that you're having so we can investigate?  2 ^BZ,private_account_investigation,escalate,rule_assisted_needs_sample_review,other_or_needs_context,0.432,semantic_prototype_weak_label
1444028,1444028,455070,Thu Nov 02 04:44:14 +0000 2017,@XboxSupport https://t.co/G2UGz0Z4HI,1444029,@455070 Heyo! We'd like to Direct Message so we can collect some more information. Can you follow and  1 ^BZ,private_account_investigation,escalate,rule_assisted_needs_sample_review,other_or_needs_context,0.432,semantic_prototype_weak_label
1448441,1448441,456130,Sat Oct 28 20:08:09 +0000 2017,"@XboxSupport hey, my Xbox keeps not being able to install my Grand Theft Auto 5 game every time it says “installation stopped” can you help?",1448440,@456130 Thanks for reaching out! Could you DM us your Gamertag so we can collect some more info? ^JS,private_account_investigation,escalate,rule_assisted_needs_sample_review,account_access_profile,0.448,semantic_prototype_weak_label
1448453,1448444,456131,Sat Oct 28 20:06:01 +0000 2017,"@XboxSupport Funny. It says HDR also on One S, but mine doesn't trigger HDR on AC Origins...",1448442,@456131 Hi there! Could you send us a screenshot/pic of what you are seeing so we can better understand what's happening? ^JS,visual_evidence_required,escalate,rule_assisted_needs_sample_review,other_or_needs_context,0.390,semantic_prototype_weak_label
1448453,1448443,456131,Sat Oct 28 21:19:04 +0000 2017,"@XboxSupport Can't take a screenshot right now, but what I'm not seeing is HDR in AC Origins on One S. Other Games work fine in HDR though...",1448445,@456131 Please try the steps here: https://t.co/19JSDbAD9U to see if they can help with HDR on your Xbox One console. ^ZM,public_documentation,auto_handle_candidate,rule_assisted_needs_sample_review,other_or_needs_context,0.417,semantic_prototype_weak_label
1448453,1448446,456131,Sat Oct 28 22:47:08 +0000 2017,"@XboxSupport Please read above...other Games work with HDR, just tried. AC Origins on One S apparently doesn't have HDR right now...",1448447,"@456131 depending on the TV? Also when you launch the game and open your TV display settings, what do you see?  2 ^ZM",public_troubleshooting,auto_handle_candidate,rule_assisted_needs_sample_review,other_or_needs_context,0.413,semantic_prototype_weak_label
1448453,1448446,456131,Sat Oct 28 22:47:08 +0000 2017,"@XboxSupport Please read above...other Games work with HDR, just tried. AC Origins on One S apparently doesn't have HDR right now...",1448448,"@456131 When you launch AC Origins, do you see a notification from your TV that HDR is enabled? This can vary  1 ^ZM",general_or_unclear_reply,review_required,rule_assisted_needs_sample_review,other_or_needs_context,0.413,semantic_prototype_weak_label
1448466,1448466,456133,Sat Oct 28 19:46:12 +0000 2017,"When somehow only on Netflix you dont have sound over your speakers and only with xbox one, great @456134 @XboxSupport",1448464,"@456133 Hi there, just to make sure we're understanding, your sound won't go through your speakers while using the Netflix app? ^JS",general_or_unclear_reply,review_required,rule_assisted_needs_sample_review,other_or_needs_context,0.365,semantic_prototype_weak_label
1448466,1448465,456133,Sat Oct 28 20:40:30 +0000 2017,@XboxSupport That is correct. With games and YouTube it works fine. Netflix? Nothing.,1448467,@456133 One console and router/modem and reinstalling the app. Any change?  2 ^ZM,general_or_unclear_reply,review_required,rule_assisted_needs_sample_review,connectivity_xbox_live,0.468,semantic_prototype_weak_label
1448466,1448471,456133,Sat Oct 28 23:12:19 +0000 2017,@XboxSupport Hello?,1448472,@456133 Were you able to try unplugging the console and the modem/router?  ^BL,public_troubleshooting,auto_handle_candidate,rule_assisted_needs_sample_review,other_or_needs_context,0.556,semantic_prototype_weak_label
1448466,1448473,456133,Sat Oct 28 23:51:49 +0000 2017,"@XboxSupport Sigh, been there done that. And it has nothing to do with my modem. So stop with the standard procedures. ALREADY TRIED ALL THOSE. GOT IT?",1448474,@456133 out to Netflix support directly though the link here: https://t.co/AADcBPO41w to take a closer look.  2 ^BL,public_documentation,auto_handle_candidate,rule_assisted_needs_sample_review,account_access_profile,0.416,semantic_prototype_weak_label
1448466,1448476,456133,Sun Oct 29 00:10:51 +0000 2017,@XboxSupport Thank you. And I would still like to know how resetting my router would fix a audio problem in a 3party app?,1448477,@456133 to make sure that was not one of the causes for what you are seeing happen.  2 ^BL,needs_more_context,escalate,rule_assisted_needs_sample_review,connectivity_xbox_live,0.339,semantic_prototype_weak_label
1448466,1448476,456133,Sun Oct 29 00:10:51 +0000 2017,@XboxSupport Thank you. And I would still like to know how resetting my router would fix a audio problem in a 3party app?,1448478,"@456133 The app streams information from the internet, this includes the audio that you are missing. We wanted  1 ^BL",general_or_unclear_reply,review_required,rule_assisted_needs_sample_review,connectivity_xbox_live,0.339,semantic_prototype_weak_label
1448466,1448473,456133,Sat Oct 28 23:51:49 +0000 2017,"@XboxSupport Sigh, been there done that. And it has nothing to do with my modem. So stop with the standard procedures. ALREADY TRIED ALL THOSE. GOT IT?",1448475,"@456133 Got it, since you are not seeing this happen in any other apps we suggest reaching  1 ^BL",general_or_unclear_reply,review_required,rule_assisted_needs_sample_review,account_access_profile,0.416,semantic_prototype_weak_label
1448466,1448465,456133,Sat Oct 28 20:40:30 +0000 2017,@XboxSupport That is correct. With games and YouTube it works fine. Netflix? Nothing.,1448468,"@456133 Please try uninstalling the Netflix app, power cycling: https://t.co/QENEhDawC3 your Xbox  1 ^ZM",public_documentation,auto_handle_candidate,rule_assisted_needs_sample_review,connectivity_xbox_live,0.468,semantic_prototype_weak_label
1448488,1448488,398329,Sat Oct 28 19:46:37 +0000 2017,@XboxSupport I have a question for Xbox live rewards,1448486,@398329 We would be happy to help! Just send your question our way and we would be happy to answer! ^JS,general_or_unclear_reply,review_required,rule_assisted_needs_sample_review,other_or_needs_context,0.482,semantic_prototype_weak_label
1448488,1448487,398329,Sat Oct 28 21:03:37 +0000 2017,"@XboxSupport I finished the fraken rewards challenge, and I'm scared the credits won't process in time. How long do the credits process?",1448489,"@398329 Once the challenge is completed, as long as it was within the dates listed, they will count.  ^CO",general_or_unclear_reply,review_required,rule_assisted_needs_sample_review,billing_codes_refunds,0.316,semantic_prototype_weak_label
1448488,1448490,398329,Sat Oct 28 22:42:59 +0000 2017,"@XboxSupport Okay good, I finished it yesterday. Thanks for the help!",1448491,@398329 Excellent! Let us know if you have any other issues. ^CO,general_or_unclear_reply,review_required,rule_assisted_needs_sample_review,account_access_profile,0.443,semantic_prototype_weak_label
1448497,1448497,435988,Sat Oct 28 20:10:59 +0000 2017,@XboxSupport my Xbox one game (disc) won't show up so I can download it,1448495,"@435988 on the home dashboard to the right of the ""My Games &amp; Apps"" tile block with your pinned games.  2 ^ZM",general_or_unclear_reply,review_required,rule_assisted_needs_sample_review,account_access_profile,0.434,semantic_prototype_weak_label
1448497,1448496,435988,Sat Oct 28 20:32:33 +0000 2017,@XboxSupport Thank you,1448498,"@435988 Not a problem, have a great night!  ^BL",general_or_unclear_reply,review_required,rule_assisted_needs_sample_review,account_access_profile,0.504,semantic_prototype_weak_label
1448497,1448497,435988,Sat Oct 28 20:10:59 +0000 2017,@XboxSupport my Xbox one game (disc) won't show up so I can download it,1448499,"@435988 Hi there, with the disc in your Xbox One console, you should see an option to launch the game disc  1 ^ZM",general_or_unclear_reply,review_required,rule_assisted_needs_sample_review,account_access_profile,0.434,semantic_prototype_weak_label
1400275,1400276,456754,Mon Oct 16 18:35:27 +0000 2017,@445588 @XboxSupport Valami globális gebasz van a liveal 360 fel sem csatlakozik de a one is érintett,1451150,"@456754 Hello there! We are an English only support channel, if you are able to translate for us we would be more than  1 ^XS",general_or_unclear_reply,review_required,rule_assisted_needs_sample_review,account_access_profile,0.397,semantic_prototype_weak_label
1451160,1451160,456755,Mon Oct 16 18:34:21 +0000 2017,"@XboxSupport hi, my x button is suddenly not worming on my controller, any help?",1451159,@456755 networking equipment (modem/router) once that is back up and running let's turn the Xbox back on and try again.  2 ^XS,public_troubleshooting,auto_handle_candidate,rule_assisted_needs_sample_review,account_access_profile,0.363,semantic_prototype_weak_label
806711,806756,456761,Mon Oct 16 16:03:31 +0000 2017,"@XboxSupport Can't get to XBXOX Live servers from Slovakia. ""https://t.co/NMxYVnGZaM"" is not reachable using tracert command.",1451183,@456761 a DM: https://t.co/nPX1yNXCi5 with your gamertag and a detailed summary of the issue you're experiencing?  2 ^ZM,private_account_investigation,escalate,rule_assisted_needs_sample_review,account_access_profile,0.339,semantic_prototype_weak_label
806711,806756,456761,Mon Oct 16 16:03:31 +0000 2017,"@XboxSupport Can't get to XBXOX Live servers from Slovakia. ""https://t.co/NMxYVnGZaM"" is not reachable using tracert command.",1451184,"@456761 Hi there, we'd like to help but could use more info. Can you please send us  1 ^ZM",needs_more_context,escalate,rule_assisted_needs_sample_review,account_access_profile,0.339,semantic_prototype_weak_label
1456258,1456258,458010,Thu Nov 02 16:34:00 +0000 2017,@XboxSupport I need help,1456257,@458010 a DM: https://t.co/nPX1yNXCi5 with your gamertag and a detailed summary of the issue you're experiencing?  2 ^ZM,private_account_investigation,escalate,rule_assisted_needs_sample_review,account_access_profile,0.541,semantic_prototype_weak_label
1456258,1456258,458010,Thu Nov 02 16:34:00 +0000 2017,@XboxSupport I need help,1456259,"@458010 Hi there, we'd like to help but could use more info. Can you please send us  1 ^ZM",needs_more_context,escalate,rule_assisted_needs_sample_review,account_access_profile,0.541,semantic_prototype_weak_label
1195588,1195588,400958,Thu Nov 02 19:15:55 +0000 2017,@115890 @XboxSupport @115786 ..cont. it’s a very annoying and unneeded update which I didn’t want/need.,1195589,"@400958 Hiya! Let's have you try a factory reset, to get it to redownload the latest  1 ^JL",public_troubleshooting,auto_handle_candidate,rule_assisted_needs_sample_review,other_or_needs_context,0.446,semantic_prototype_weak_label
1460277,1460277,458933,Mon Oct 16 19:01:23 +0000 2017,@XboxSupport can you help me i recently switched to xbox one s from the original xbox one and my gta 5 will not start,1460276,"@458933 Thanks for reaching out! Could you uninstall the game, power cycle https://t.co/QENEhDawC3 and reinstall the game? ^JS",public_documentation,auto_handle_candidate,rule_assisted_needs_sample_review,account_access_profile,0.497,semantic_prototype_weak_label
1466025,1466025,460276,Mon Oct 16 18:51:10 +0000 2017,@XboxSupport cant remember my accounts email how can i recover it? I know the password and the GT,1466024,@460276 Howdy! Could you go through the steps here https://t.co/aCbkVejZGt to help with recovering your account information? ^JS,public_documentation,auto_handle_candidate,rule_assisted_needs_sample_review,account_access_profile,0.697,semantic_prototype_weak_label
1466041,1466041,460279,Mon Oct 16 17:00:25 +0000 2017,@XboxSupport buen día xbox. Proporcionan asistencia en el español???,1466039,"@460279 to speak to an agent in your language, you can do so here: https://t.co/qQZ0qN81mN :)  2 ^ZM",public_documentation,auto_handle_candidate,rule_assisted_needs_sample_review,other_or_needs_context,0.346,semantic_prototype_weak_label
1466041,1466040,460279,Mon Oct 16 22:35:52 +0000 2017,@XboxSupport Necesito asistencia con mi cuenta que fue bloqueada. No puedo hacer compras,1466042,"@460279 We're happy to help with any Xbox Support questions that you may have, but we're an English Support Channel. 1/2 ^JA",general_or_unclear_reply,review_required,rule_assisted_needs_sample_review,connectivity_xbox_live,0.272,semantic_prototype_weak_label
1466041,1466041,460279,Mon Oct 16 17:00:25 +0000 2017,@XboxSupport buen día xbox. Proporcionan asistencia en el español???,1466045,"@460279 Hi there, we're English speaking support. We're happy to assist in English but if you'd prefer  1 ^ZM",general_or_unclear_reply,review_required,rule_assisted_needs_sample_review,other_or_needs_context,0.346,semantic_prototype_weak_label
1400275,1400277,460295,Mon Oct 16 18:45:06 +0000 2017,"@445588 @XboxSupport I have the same, and already informed them about this issue. Lot of users are struggling w/ XBL logins from X360 while XO is working fine.",1466109,@460295 are having along with your Gamertag? Please include verbatims of any error you are seeing.  2 ^XS,private_account_investigation,escalate,rule_assisted_needs_sample_review,account_access_profile,0.560,semantic_prototype_weak_label
1400275,1466110,460295,Mon Oct 16 20:34:05 +0000 2017,@XboxSupport My gamertag: StingerHU. Here are a few shots about the issue. I'm not able to login to XBL from X360 while XO is fine. Network is the same. https://t.co/TJNZ4VZrC9,1466111,@460295 it for a full 5 minutes then check again if you see that error message pop up.  2 ^BL,general_or_unclear_reply,review_required,rule_assisted_needs_sample_review,account_access_profile,0.548,semantic_prototype_weak_label
1400275,1466110,460295,Mon Oct 16 20:34:05 +0000 2017,@XboxSupport My gamertag: StingerHU. Here are a few shots about the issue. I'm not able to login to XBL from X360 while XO is fine. Network is the same. https://t.co/TJNZ4VZrC9,1466112,@460295 Thank you for that information. Let's go ahead and try a fresh start with the console by unplugging  1 ^BL,public_troubleshooting,auto_handle_candidate,rule_assisted_needs_sample_review,account_access_profile,0.548,semantic_prototype_weak_label
1400275,1400277,460295,Mon Oct 16 18:45:06 +0000 2017,"@445588 @XboxSupport I have the same, and already informed them about this issue. Lot of users are struggling w/ XBL logins from X360 while XO is working fine.",1466114,"@460295 Hey there, can you please DM us with a full description of the issue you  1 ^XS",private_account_investigation,escalate,rule_assisted_needs_sample_review,account_access_profile,0.560,semantic_prototype_weak_label
1468930,1468930,460959,Thu Nov 02 23:46:52 +0000 2017,@XboxSupport I cant broadcast with twitch on xbox one :(,1468929,"@460959 Hello, thanks for reaching out to us. Can you DM us your gamertag and details of your issue? ^CO",private_account_investigation,escalate,rule_assisted_needs_sample_review,account_access_profile,0.383,semantic_prototype_weak_label
1469798,1469798,461137,Thu Nov 02 22:23:41 +0000 2017,@XboxSupport any idea when patch 5 for nba 2k18 will be released?,1469797,@461137 of the development team for that title. Do be sure to check in with 2K though.  2 ^JL,general_or_unclear_reply,review_required,rule_assisted_needs_sample_review,game_content_download,0.381,semantic_prototype_weak_label
1469798,1469798,461137,Thu Nov 02 22:23:41 +0000 2017,@XboxSupport any idea when patch 5 for nba 2k18 will be released?,1469799,@461137 Hi there. We would not be able to speculate on that as we are not part  1 ^JL,general_or_unclear_reply,review_required,rule_assisted_needs_sample_review,game_content_download,0.381,semantic_prototype_weak_label
57975,57975,129160,Wed Nov 01 19:14:06 +0000 2017,"@XboxSupport I got my @118625 XboxOneX. The letter says that I should get GoW4. I got an Operations Pack and not the game, is that right? https://t.co/eCKQEDBAYr",57977,"@129160 Hi there! We looked into this on our end &amp; it should be good to go - do you see the game under ""Ready to Install"", now? ^QZ",general_or_unclear_reply,review_required,rule_assisted_needs_sample_review,game_content_download,0.371,semantic_prototype_weak_label
1470601,1470600,461334,Fri Nov 03 00:19:49 +0000 2017,"@461335 @XboxSupport It let me click on it but when i did it started to load up, kicked me off then started to install the full game again. Raging",1470597,"@461334 Thanks for that! Let's try the steps here: https://t.co/mWNJHK1WaX to see if that helps with the packet loss. 
 ^RR",public_documentation,auto_handle_candidate,rule_assisted_needs_sample_review,account_access_profile,0.524,semantic_prototype_weak_label
1472484,1472484,461789,Fri Nov 03 00:41:23 +0000 2017,@XboxSupport are all Xbox One forced into downloading the Xbox One X Enhanced updates?,1472483,"@461789 Hey there! You can find all the available information on the Xbox One X here: https://t.co/lJavcONt90  
 ^RR",public_documentation,auto_handle_candidate,rule_assisted_needs_sample_review,other_or_needs_context,0.436,semantic_prototype_weak_label
182701,182701,158987,Fri Nov 03 00:38:56 +0000 2017,"yo @XboxSupport &amp; @ATVIAssist, i bought the digital deluxe edition of WW2 and the season pass didn't download?",182703,@158987 Hello! If you show the season pass is purchased when viewing in the Xbox Store then you are good.  ^RR,general_or_unclear_reply,review_required,rule_assisted_needs_sample_review,billing_codes_refunds,0.416,semantic_prototype_weak_label
1472645,1472645,461825,Sat Oct 28 19:46:52 +0000 2017,@XboxSupport I don't know if that's clear https://t.co/elfHte1RdG,1472643,@461825 Hi there! Could you try the steps here https://t.co/Ljldvck3kw and try to connect again? ^JS,public_documentation,auto_handle_candidate,rule_assisted_needs_sample_review,other_or_needs_context,0.461,semantic_prototype_weak_label
1472645,1472644,461825,Sat Oct 28 23:16:30 +0000 2017,@XboxSupport Still doesn't work 🙁,1472646,@461825 Are you connected via WIFI or through an ethernet cord? ^JS,general_or_unclear_reply,review_required,rule_assisted_needs_sample_review,account_access_profile,0.492,semantic_prototype_weak_label
1472652,1472652,461827,Sat Oct 28 12:33:07 +0000 2017,Join us online or on @126456 for the @78052 #StarWarsBattlefront Jam Session from 15:00. It’s gonna be lit AF https://t.co/eMfDlC8d5b,1472651,"@461827 Awesome! If you ever run into any trouble &amp; need help, you can always give us a shout here for official Xbox support :) ^QZ",general_or_unclear_reply,review_required,rule_assisted_needs_sample_review,other_or_needs_context,0.207,semantic_prototype_weak_label
1473632,1473632,462080,Fri Nov 03 00:52:17 +0000 2017,@XboxSupport 86 that last tweet. Stubbornly re-entering the code several different times got it to work.,1473631,"@462080 Hello, this was an issue our teams were working fast to correct, let us know if you have any other issues! Have fun! ^CO",general_or_unclear_reply,review_required,rule_assisted_needs_sample_review,account_access_profile,0.446,semantic_prototype_weak_label
1475251,1475251,462468,Thu Nov 02 20:56:45 +0000 2017,@XboxSupport hey I need some help please.,1475250,@462468 Hello! Would you mind letting us know what is going on exactly?  ^RR,general_or_unclear_reply,review_required,rule_assisted_needs_sample_review,account_access_profile,0.523,semantic_prototype_weak_label
1475459,1475459,462534,Mon Oct 16 20:35:31 +0000 2017,"@XboxSupport I have a 12 month active and a 3 month active, I try to cancel the 3, my 12 is threatened, HELP!",1475458,"@462534 We'd be happy to help, but we could use more info. Could you follow &amp; DM @Xboxsupport with your Gamertag &amp; some details? ^EZ",private_account_investigation,escalate,rule_assisted_needs_sample_review,safety_enforcement_security,0.457,semantic_prototype_weak_label
1476810,1476810,462888,Thu Nov 02 22:24:49 +0000 2017,@XboxSupport it say when I click on call of duty ww2 that my preorder has been declined but I have had no money back into my account,1476809,@462888 Hi there! Could you DM us your Gamertag and a screenshot of what you see when you log in here: https://t.co/KwpDVOSrYz ^JS,visual_evidence_required,escalate,rule_assisted_needs_sample_review,billing_codes_refunds,0.480,semantic_prototype_weak_label
1476817,1476817,462890,Thu Nov 02 22:07:22 +0000 2017,@XboxSupport I need help,1476814,@462890 We would be happy to help! Could you DM us your Gamertag and a summary of your issue? ^JS,private_account_investigation,escalate,rule_assisted_needs_sample_review,account_access_profile,0.541,semantic_prototype_weak_label
1477449,1477449,463042,Thu Nov 02 22:17:14 +0000 2017,@XboxSupport when is the patch coming out for WWE 2K18???,1477448,@463042 Hi there. We don't have any info on Publisher updates here. You will want to reach out to 2k support for any info on that. ^BZ,general_or_unclear_reply,review_required,rule_assisted_needs_sample_review,other_or_needs_context,0.349,semantic_prototype_weak_label
1478205,1478204,463251,Thu Nov 02 23:20:59 +0000 2017,"@XboxSupport again, FOR WHAT.",1478203,"@463251 We are not quite sure, but we are happy to help you if you want some help. Do let us know. ^JL",general_or_unclear_reply,review_required,rule_assisted_needs_sample_review,other_or_needs_context,0.496,semantic_prototype_weak_label
1478210,1478210,463253,Thu Nov 02 23:01:26 +0000 2017,Why doesn’t the party chat ever work @XboxSupport,1478209,@463253 Hi there! We'd be happy to help with that. Try the steps here: https://t.co/wTjSRTxtQU for help with party troubles.  ^JS,public_documentation,auto_handle_candidate,rule_assisted_needs_sample_review,other_or_needs_context,0.438,semantic_prototype_weak_label
1478205,1478205,463251,Thu Nov 02 23:09:30 +0000 2017,@XboxSupport come watch me get abused?,1478206,@463251 Hi there. Are you having a console or account issue? Can you describe that to us? ^JL,general_or_unclear_reply,review_required,rule_assisted_needs_sample_review,safety_enforcement_security,0.486,semantic_prototype_weak_label
1482289,1482289,464175,Mon Oct 16 21:01:39 +0000 2017,@XboxSupport why can’t I see anything I recorded from @119514,1482288,@464175 you would like to see please reach out to them with that feedback.  2 ^XS,general_or_unclear_reply,review_required,rule_assisted_needs_sample_review,other_or_needs_context,0.455,semantic_prototype_weak_label
1482289,1482289,464175,Mon Oct 16 21:01:39 +0000 2017,@XboxSupport why can’t I see anything I recorded from @119514,1482290,"@464175 Hey there, the developer 2K has disabled this feature, if that is something  1 ^XS",general_or_unclear_reply,review_required,rule_assisted_needs_sample_review,other_or_needs_context,0.455,semantic_prototype_weak_label
1485186,1485186,464891,Fri Nov 03 02:55:27 +0000 2017,@XboxSupport help me bros,1485185,"@464891 Hi there. Do you have an Xbox related issue for us? If so, please DM us your Gamertag and a description of the issue. ^JL",private_account_investigation,escalate,rule_assisted_needs_sample_review,account_access_profile,0.532,semantic_prototype_weak_label
1485188,1485188,464892,Fri Nov 03 02:54:08 +0000 2017,@XboxSupport I Bought the new Call of duty over the summer  which drops in ONE HOUR and my system is telling me I don’t own the game! HELP!!,1485187,@464892 Hi there! If you check here https://t.co/DioYGIau2R can you send us a photo of that order? ^JL,visual_evidence_required,escalate,rule_assisted_needs_sample_review,billing_codes_refunds,0.361,semantic_prototype_weak_label
1485491,1485489,464966,Mon Oct 16 21:00:56 +0000 2017,@115787 @213308 @XboxSupport But had uninstall it due to it freezing and still after its still frezzes almost 99% of the time,1485488,"@464966 We'd be happy to help, but we could use more info. Could you follow &amp; DM @Xboxsupport with your Gamertag &amp; some details? ^EZ",private_account_investigation,escalate,rule_assisted_needs_sample_review,account_access_profile,0.527,semantic_prototype_weak_label
1486483,1486483,465210,Fri Nov 03 03:10:13 +0000 2017,@XboxSupport Hi so I bought keys on rocket league and I haven’t got them and wondering if their on a different account or what,1486482,"@465210 Hello, thanks for reaching out to us. This is a known issue, this link has more information: https://t.co/kILzDjdN5A ^CO",needs_more_context,escalate,rule_assisted_needs_sample_review,account_access_profile,0.433,semantic_prototype_weak_label
1486841,1486839,465305,Fri Nov 03 03:30:50 +0000 2017,"@246946 @131187 My One's been doing this for 2 days. I've also had problems w/my 360 that it loads, but I get a content error for everything @XboxSupport",1486838,"@465305 Hello, thanks for reaching out to us. Can you DM us your gamertag and a description of the issue you're seeing? ^CO",private_account_investigation,escalate,rule_assisted_needs_sample_review,account_access_profile,0.553,semantic_prototype_weak_label
1486843,1486843,465306,Fri Nov 03 03:29:16 +0000 2017,@XboxSupport fix my stuff yo !,1486842,"@465306 Hello, thanks for reaching out to us. Can you DM us your gamertag and a description of your issue? ^CO",private_account_investigation,escalate,rule_assisted_needs_sample_review,account_access_profile,0.505,semantic_prototype_weak_label
1496187,1496187,467374,Mon Oct 16 22:20:00 +0000 2017,@XboxSupport @9196 I seem to be having quite a few issue with a number of achievements unlocking for shadow of war. Any ideas?,1496185,@467374 Hi there! We'd recommend following the steps in the guide here:  https://t.co/sjqdEQXJjy  ^JA,public_documentation,auto_handle_candidate,rule_assisted_needs_sample_review,account_access_profile,0.335,semantic_prototype_weak_label
1496187,1496186,467374,Mon Oct 16 22:49:11 +0000 2017,@XboxSupport Will give it a go!,1496188,@467374 Just let us know if these steps help to resolve this issue.  ^JA,public_troubleshooting,auto_handle_candidate,rule_assisted_needs_sample_review,other_or_needs_context,0.461,semantic_prototype_weak_label
1500404,1500403,307678,Fri Nov 03 04:13:06 +0000 2017,@115754 @XboxSupport @ATVIAssist It took my money and said I need to buy it again and that the problem is on Xbox end,1500402,@307678 Hi there! Could you DM us your Gamertag and a screenshot of the transaction when you log in here: https://t.co/7nPwyC2wzR ^JS,visual_evidence_required,escalate,rule_assisted_needs_sample_review,account_access_profile,0.600,semantic_prototype_weak_label
1500423,1500422,178049,Fri Nov 03 04:03:28 +0000 2017,@XboxSupport Nevermind I just read that I have to wait 4 weeks,1500421,"@178049 Gotcha, glad to hear you figured it out! Feel free to reach out should you have future Xbox Support questions! ^JS",general_or_unclear_reply,review_required,rule_assisted_needs_sample_review,other_or_needs_context,0.438,semantic_prototype_weak_label
1501493,1501493,468521,Fri Nov 03 04:27:36 +0000 2017,Really enjoying the new Call of Duty @115766 @115765 @XboxSupport https://t.co/xv76RMLKln,1501491,"@468521 Hey there, are you still seeing this message in game? Could you follow &amp; DM @Xboxsupport with your Gamertag? ^EZ",private_account_investigation,escalate,rule_assisted_needs_sample_review,other_or_needs_context,0.389,semantic_prototype_weak_label
1503551,1503551,468983,Fri Nov 03 04:47:24 +0000 2017,@115786 @116549 please release the patch for @119514 PS4 have gotten it over a day ago,1503550,@468983 We wouldn't be able to speculate on that. Recommend keeping an eye on your update section for when the update releases. ^JS,general_or_unclear_reply,review_required,rule_assisted_needs_sample_review,other_or_needs_context,0.271,semantic_prototype_weak_label
1506362,1506362,469594,Fri Nov 03 06:34:35 +0000 2017,@XboxSupport @ATVIAssist WWII multiplayer anytime soon?,1506361,"@469594 We'd be happy to help, but we could use more info. Could you follow &amp; DM @Xboxsupport with your Gamertag &amp; some details? ^EZ",private_account_investigation,escalate,rule_assisted_needs_sample_review,other_or_needs_context,0.471,semantic_prototype_weak_label
1506394,1506381,469602,Fri Nov 03 05:54:14 +0000 2017,@469603 Is going to be down all night?,1506379,"@469602 Hey there, are you able to play online currently? If you need help could you follow &amp; DM @Xboxsupport with your Gamertag? ^EZ",private_account_investigation,escalate,rule_assisted_needs_sample_review,connectivity_xbox_live,0.122,semantic_prototype_weak_label
1512633,1512615,471059,Fri Nov 03 13:42:27 +0000 2017,@ATVIAssist Anyone else still having trouble with Xbox Servers,1512606,"@471059 Hi there! Could you power cycle https://t.co/QENEhDawC3 your console and see if the issue persists?
 ^JS",public_documentation,auto_handle_candidate,rule_assisted_needs_sample_review,account_access_profile,0.587,semantic_prototype_weak_label
1512633,1512617,471059,Fri Nov 03 18:49:14 +0000 2017,@471062 @XboxSupport It worked for me,1512619,@471059 Happy to hear that! Let us know if you run into any other issues. ^JL,general_or_unclear_reply,review_required,rule_assisted_needs_sample_review,account_access_profile,0.578,semantic_prototype_weak_label
1512633,1512610,471064,Fri Nov 03 19:58:30 +0000 2017,@XboxSupport @471059 I’m still getting 4128 also. Can’t redeem rewards once it does let me in either. This game is broke already.,1512623,@471064 Hi there! This is issue is currently being looked into: https://t.co/hHwSDE0fiJ  ^JA,public_documentation,auto_handle_candidate,rule_assisted_needs_sample_review,account_access_profile,0.458,semantic_prototype_weak_label
1512633,1512624,471066,Sat Nov 04 02:43:08 +0000 2017,@XboxSupport @471064 I'm still getting that code,1512625,"@471066 The proper teams are currently hard at work getting this sorted out: https://t.co/dG2dbIAHPz 
 ^BL",public_documentation,auto_handle_candidate,rule_assisted_needs_sample_review,account_access_profile,0.428,semantic_prototype_weak_label
1512633,1512612,471068,Fri Nov 03 20:32:26 +0000 2017,@XboxSupport @471059 Tried it multiple times. Still doesn't work,1512627,"@471068 We'd be happy to help, but we could use more info. Could you follow &amp; DM @Xboxsupport with your Gamertag &amp; some details? ^EZ",private_account_investigation,escalate,rule_assisted_needs_sample_review,account_access_profile,0.583,semantic_prototype_weak_label
1512633,1512613,471070,Fri Nov 03 20:41:17 +0000 2017,@XboxSupport @471059 We’re gamers we know what we’re doing do you lot? Ports open power cycled rebooted router kicked the dog anything else u want us to try?,1512628,"@471070 Hi there! For more info about what you are seeing, Could you follow &amp; DM @Xboxsupport with your Gamertag &amp; some details? ^EZ",private_account_investigation,escalate,rule_assisted_needs_sample_review,connectivity_xbox_live,0.496,semantic_prototype_weak_label
1512980,1512980,471075,Fri Nov 03 11:20:33 +0000 2017,@XboxSupport  I've got an update that keeps going wrong. Gets to 42% and then says there is an error?,1512979,"@471075 We'd be happy to help, but we could use more info. Could you follow &amp; DM @Xboxsupport with your Gamertag &amp; some details? ^EZ",private_account_investigation,escalate,rule_assisted_needs_sample_review,other_or_needs_context,0.431,semantic_prototype_weak_label
1514396,1514394,471380,Mon Oct 16 23:44:32 +0000 2017,@164477 I’ve practically been console banned for something that happened days ago? Bullshit,1514393,"@471380 We don't have any influence on suspensions, I'm afraid; if you like, you can submit a case review: https://t.co/JoGQTtB3Sp ^JS",enforcement_review,escalate,rule_assisted_needs_sample_review,safety_enforcement_security,0.563,semantic_prototype_weak_label
1514934,1514932,471496,Fri Nov 03 08:46:45 +0000 2017,@471497 @115766 @XboxSupport Was ready last night but the Xbox store hasn’t been working 🙄,1514931,@471496 a DM: https://t.co/nPX1yNXCi5 with your gamertag and a detailed summary of the issue you're experiencing?  2 ^ZM,private_account_investigation,escalate,rule_assisted_needs_sample_review,account_access_profile,0.485,semantic_prototype_weak_label
1514934,1514932,471496,Fri Nov 03 08:46:45 +0000 2017,@471497 @115766 @XboxSupport Was ready last night but the Xbox store hasn’t been working 🙄,1514933,"@471496 Hi there, we'd like to help but could use more info. Can you please send us  1 ^ZM",needs_more_context,escalate,rule_assisted_needs_sample_review,account_access_profile,0.485,semantic_prototype_weak_label
1520970,1520970,472781,Tue Oct 17 00:37:51 +0000 2017,"@XboxSupport Hi, can I download and play Forza 7 PC Download in Germany when I buy it in the US?",1520969,"@472781 Hello! You should be able to access and play the game, however, we recommend purchasing the game in your region.  ^RR",general_or_unclear_reply,review_required,rule_assisted_needs_sample_review,game_content_download,0.318,semantic_prototype_weak_label
1520975,1520975,472783,Tue Oct 17 00:10:30 +0000 2017,@XboxSupport the new update disabled hdr to my tv? Any tips?,1520973,@472783 Hi there! Have you tried the steps in the guide here: https://t.co/ztwWqrh5Tv ^JA,public_documentation,auto_handle_candidate,rule_assisted_needs_sample_review,other_or_needs_context,0.414,semantic_prototype_weak_label
1520975,1520974,472783,Tue Oct 17 00:50:58 +0000 2017,@XboxSupport I had to make the HDMI 2.0.  Thanks for the reply.,1520976,@472783 You're very welcome. Just let us know if you have any other support questions.  ^JA,general_or_unclear_reply,review_required,rule_assisted_needs_sample_review,other_or_needs_context,0.386,semantic_prototype_weak_label
1524708,1524708,473649,Fri Nov 03 21:08:00 +0000 2017,@XboxSupport can I get some help please,1524707,@473649 Hi there! Mind sending us a direct message https://t.co/nPX1yNXCi5 with your Gamertag so we can further assist?  ^JA,private_account_investigation,escalate,rule_assisted_needs_sample_review,account_access_profile,0.587,semantic_prototype_weak_label
1525555,1525555,473824,Fri Nov 03 18:50:05 +0000 2017,@115765 whats up with the servers ? unable to join multyplayer on @115786 @XboxSupport #WWII,1525554,@473824 Hi there! Mind sending us a direct message https://t.co/nPX1yNXCi5 with your Gamertag so we can further assist?  ^JA,private_account_investigation,escalate,rule_assisted_needs_sample_review,connectivity_xbox_live,0.470,semantic_prototype_weak_label
1525566,1525566,182713,Fri Nov 03 18:37:59 +0000 2017,@ATVIAssist @XboxSupport https://t.co/1GalygNxAZ,1525565,"@182713 Also, let's have you try resetting your router/modem and power cycle: https://t.co/QENEhDawC3 2/2 ^JA",public_documentation,auto_handle_candidate,rule_assisted_needs_sample_review,account_access_profile,0.422,semantic_prototype_weak_label
1525566,1525566,182713,Fri Nov 03 18:37:59 +0000 2017,@ATVIAssist @XboxSupport https://t.co/1GalygNxAZ,1525567,@182713 HI there! Mind sending us a direct message https://t.co/nPX1yNXCi5 with your Gamertag? 1/2 ^JA,private_account_investigation,escalate,rule_assisted_needs_sample_review,account_access_profile,0.422,semantic_prototype_weak_label
1512633,1512845,473834,Fri Nov 03 21:03:23 +0000 2017,@ATVIAssist @XboxSupport @115766 still not working,1525612,"@473834 We'd be happy to help, but we could use more info. Could you follow &amp; DM @Xboxsupport with your Gamertag &amp; some details? ^EZ",private_account_investigation,escalate,rule_assisted_needs_sample_review,account_access_profile,0.569,semantic_prototype_weak_label
1525614,1525614,473835,Fri Nov 03 20:58:57 +0000 2017,"#CallOfDutyWWII journal, day 1, still struggling to get past the loading screen. #TheStruggleIsReal @XboxSupport @ATVIAssist https://t.co/xthqOgrq8m",1525613,"@473835 We'd be happy to help, but we could use more info. Could you follow &amp; DM @Xboxsupport with your Gamertag &amp; some details? ^EZ",private_account_investigation,escalate,rule_assisted_needs_sample_review,other_or_needs_context,0.367,semantic_prototype_weak_label
1448453,1448461,380353,Sat Oct 28 21:15:00 +0000 2017,@XboxSupport It's so much fun,1525651,"@380353 Yea it is, have you ventured out around the entire map yet? Quite a journey!  ^BL",general_or_unclear_reply,review_required,rule_assisted_needs_sample_review,other_or_needs_context,0.406,semantic_prototype_weak_label
1527474,1527471,474287,Fri Nov 03 20:43:16 +0000 2017,@XboxSupport Worked to get back to HQ. Then the menus became unresponsive. Now I’m back to a 36896 error.,1527470,"@474287 Let's have you follow us, DM us your Gamertag, and some more info about what you're seeing: https://t.co/nPX1yNXCi5 ^BL",private_account_investigation,escalate,rule_assisted_needs_sample_review,account_access_profile,0.487,semantic_prototype_weak_label
1527474,1527473,474287,Fri Nov 03 19:55:48 +0000 2017,@474288 @ATVIAssist @XboxSupport Did you get anything on this. I’ve had it for 4-5 hours now.,1527472,@474287 Hi there! Let's try a full power cycle then check if you can connect: https://t.co/QENEhDawC3  ^BL,public_documentation,auto_handle_candidate,rule_assisted_needs_sample_review,account_access_profile,0.426,semantic_prototype_weak_label
1529696,1529696,474763,Fri Nov 03 19:30:27 +0000 2017,Est-ce que la #XboxOneX sera dispo plus tôt que le 7/11 ? @294232 @XboxSupport,1529695,"@474763 Hiya! We're happy to help with any Xbox Support questions that you may have, but we're an English Support Channel 1/2 ^JA",general_or_unclear_reply,review_required,rule_assisted_needs_sample_review,other_or_needs_context,0.273,semantic_prototype_weak_label
1531842,1531842,475186,Fri Nov 03 14:09:29 +0000 2017,@xboxsupport say they can't help me much because the money goes to the devs.  The new update broke his brain and he bought everything. https://t.co/282Q4iRttX,1531841,@475186 to the chat team https://t.co/lUV7XYl61S as they are best equipped to help with this!  2 ^JS,specialist_handoff,escalate,rule_assisted_needs_sample_review,other_or_needs_context,0.516,semantic_prototype_weak_label
1531842,1531842,475186,Fri Nov 03 14:09:29 +0000 2017,@xboxsupport say they can't help me much because the money goes to the devs.  The new update broke his brain and he bought everything. https://t.co/282Q4iRttX,1531843,@475186 Thanks for reaching out! For refund requests and payment inquiries we recommend reaching out  1 ^JS,general_or_unclear_reply,review_required,rule_assisted_needs_sample_review,other_or_needs_context,0.516,semantic_prototype_weak_label
1527474,1527474,474288,Fri Nov 03 19:54:03 +0000 2017,@ATVIAssist @XboxSupport error code 4128 for Xbox one. What do I do? #CODWWII,1527476,@474288 Heya! Let's power down the console and unplug it for about 5 mins then reboot and try again. ^JL,public_troubleshooting,auto_handle_candidate,rule_assisted_needs_sample_review,account_access_profile,0.485,semantic_prototype_weak_label
1527474,1531858,474288,Fri Nov 03 20:44:01 +0000 2017,@XboxSupport Restarted the game and now I’m back to error code 4128,1531860,@474288 Looks like they are rolling out updates for the servers https://t.co/hHwSDE0fiJ Keep an eye on that tweet for updates. ^JL,public_documentation,auto_handle_candidate,rule_assisted_needs_sample_review,account_access_profile,0.469,semantic_prototype_weak_label
1162493,1162577,475554,Fri Nov 03 22:25:45 +0000 2017,@ATVIAssist @XboxSupport The loading screen takes forever or it doesn’t open and says lobby closes,1533371,@475554 Hi there! Can you power cycle https://t.co/QENEhDawC3 your console and see if the issue subsides? ^JS,public_documentation,auto_handle_candidate,rule_assisted_needs_sample_review,account_access_profile,0.442,semantic_prototype_weak_label
1534252,1534252,475799,Fri Nov 03 21:23:02 +0000 2017,"@118625 @XboxSupport 
Sorry to brother but I'm missing the codes for the games and 3months subscription. https://t.co/9SZ6UaOW3y",1534253,@475799 Hi there! Have you been able to go through all the packaging for the console as well? ^BL,general_or_unclear_reply,review_required,rule_assisted_needs_sample_review,account_access_profile,0.479,semantic_prototype_weak_label
1536663,1536663,476437,Fri Nov 03 21:35:58 +0000 2017,@XboxSupport I can’t download my game it keep stopping everytime what I do,1536662,@476437 Hiya! Mind sending us a direct message https://t.co/nPX1yNXCi5 with your Gamertag? 1/2 ^JA,private_account_investigation,escalate,rule_assisted_needs_sample_review,account_access_profile,0.524,semantic_prototype_weak_label
1537222,1537219,476591,Fri Nov 03 22:14:35 +0000 2017,@XboxSupport It doesn’t make sense as I’m sending the code to redeem which I’ve paid for so why should currency effect it?,1537218,@476591 Let's check in with the chat team here: https://t.co/lUV7XYl61S to look into your options on this.  ^BL,specialist_handoff,escalate,rule_assisted_needs_sample_review,billing_codes_refunds,0.511,semantic_prototype_weak_label
1537222,1537222,476591,Fri Nov 03 18:44:43 +0000 2017,"@XboxSupport game gifting, does it work between U.K. and Ireland? I’ve gifted a game to a friend in Ireland and says she can’t redeem it ?!",1537221,"@476591 Hi there. Unfortunately, codes for games are region locked due to currency differences. Do feel free to DM us if you have questions. ^JL",private_account_investigation,escalate,rule_assisted_needs_sample_review,billing_codes_refunds,0.316,semantic_prototype_weak_label
1162493,1162627,477066,Sat Nov 04 00:09:16 +0000 2017,"@ATVIAssist @XboxSupport I pre-ordered the Digital Deluxe edition and did not receive the double XP or unlock token in-game. GT: ""Crimson Gunnah""",1539046,@477066 Hey there! Were you able to read through the guide that the team sent?  ^BL,general_or_unclear_reply,review_required,rule_assisted_needs_sample_review,account_access_profile,0.370,semantic_prototype_weak_label
1162493,1162567,473833,Sat Nov 04 00:08:50 +0000 2017,@ATVIAssist @XboxSupport Error code 103294,1539679,@473833 For updates check https://t.co/hHwSDE0fiJ Let us know if we can assist with anything else.  2 ^JL,public_documentation,auto_handle_candidate,rule_assisted_needs_sample_review,account_access_profile,0.560,semantic_prototype_weak_label
1162493,1162567,473833,Sat Nov 04 00:08:50 +0000 2017,@ATVIAssist @XboxSupport Error code 103294,1539680,@473833 Thanks for that info. It appears that Activision is aware and looking into the issue.  1 ^JL,general_or_unclear_reply,review_required,rule_assisted_needs_sample_review,account_access_profile,0.560,semantic_prototype_weak_label
1539881,1539881,477277,Fri Sep 22 01:04:09 +0000 2017,"@XboxSupport My account shows 12 years as member. It was 14 and *I think* on Aug 2017, it should be 15. What's up? Why does it now show 12? https://t.co/sfv31kS00P",1539879,"@477277 Hello, that isn't in real time and lapses in Xbox Gold including Live sharing don't count. ^CO",general_or_unclear_reply,review_required,rule_assisted_needs_sample_review,account_access_profile,0.451,semantic_prototype_weak_label
1162493,1162520,477510,Fri Nov 03 22:01:46 +0000 2017,"@ATVIAssist @XboxSupport I didn’t get my preorder bonuses I see them in my games and apps,but not in the game?",1540787,"@477510 Hi there, just to confirm, did you follow the steps here https://t.co/PmlH50tPUi for the bonus content? ^JS",public_documentation,auto_handle_candidate,rule_assisted_needs_sample_review,billing_codes_refunds,0.380,semantic_prototype_weak_label
1540804,1540804,477516,Fri Nov 03 20:02:09 +0000 2017,I need help! WWII won’t let me connect to the servers and I’ve already followed your restarting system guide! @XboxSupport,1540801,"@477516 Heya! We are doing a bit of catch up due to the traffic today, are you still having issues connecting? ^JL",general_or_unclear_reply,review_required,rule_assisted_needs_sample_review,connectivity_xbox_live,0.489,semantic_prototype_weak_label
1540804,1540802,477516,Fri Nov 03 22:27:33 +0000 2017,@XboxSupport Everything’s fine now!,1540805,"@477516 Happy to hear that, are you all set now. Do let us know if we can assist with anything else. ^JL",general_or_unclear_reply,review_required,rule_assisted_needs_sample_review,account_access_profile,0.512,semantic_prototype_weak_label
1540816,1540816,477524,Fri Nov 03 21:54:07 +0000 2017,@XboxSupport is there any way to restore my Xbox to an earlier point? I installed the update to Madden 18 and it deleted it...,1540814,"@477524 Just to clarify, it deleted your update or it deleted the game? ^JS",needs_more_context,escalate,rule_assisted_needs_sample_review,account_access_profile,0.446,semantic_prototype_weak_label
1162493,1162578,477852,Fri Nov 03 22:17:31 +0000 2017,@ATVIAssist @XboxSupport I keep getting  'an unexpected error has occurred ' when redeeming code online,1542321,@477852 Could you DM us your Gamertag and the full code you're trying to redeem?  ^JS,private_account_investigation,escalate,rule_assisted_needs_sample_review,account_access_profile,0.544,semantic_prototype_weak_label
1543033,1543032,478033,Tue Oct 17 01:47:47 +0000 2017,"@XboxSupport ""Check the instructions that came with your code. You might need to redeem it on a different web page."" But the card says use Xbox Store",1543031,@478033 Hi there! Mind sending us a direct message https://t.co/nPX1yNXCi5 with your Gamertag so we can further assist?  ^JA,private_account_investigation,escalate,rule_assisted_needs_sample_review,billing_codes_refunds,0.478,semantic_prototype_weak_label
1546331,1546331,478847,Sun Nov 05 03:07:04 +0000 2017,@XboxSupport I'm curious if BC ach. will count towards the 400 GS needed 4 new quests for gold members? Please let me know! I love BC games,1546329,"@478847 Hi there! That might depend on the specific quest you are completing, have you checked the rules for that specific one?  ^JL",general_or_unclear_reply,review_required,rule_assisted_needs_sample_review,subscription_game_pass_gold,0.348,semantic_prototype_weak_label
1548322,1548322,479319,Sat Nov 04 00:51:45 +0000 2017,"@ATVIAssist @XboxSupport @115766 @115765 error code: 103294
So, this is what we paid for?",1548314,"@479319 Heya! Activision is currently working on the issue, be sure to check: https://t.co/hHwSDE0fiJ for updates.  ^JL",public_documentation,auto_handle_candidate,rule_assisted_needs_sample_review,billing_codes_refunds,0.555,semantic_prototype_weak_label
1548575,1548575,479390,Tue Oct 17 03:02:02 +0000 2017,"@XboxSupport I've tried deleting my profile and adding again, but I can't do that either.",1548573,@479390 Hi there! Let's try a fresh start by unplugging your console and your router/modem for a full 5 minutes then check again. ^BL,public_troubleshooting,auto_handle_candidate,rule_assisted_needs_sample_review,account_access_profile,0.603,semantic_prototype_weak_label
1548578,1548578,405072,Tue Oct 17 02:14:49 +0000 2017,@XboxSupport when using a USB webcam on Xbox one can I use it to record gamer clips like Kinect? My Kinect has been replaced 3 Times 🙁,1548576,@405072 Hi there. You would be able to use the Game DVR on the console with a USB webcam connected.  ^JA,general_or_unclear_reply,review_required,rule_assisted_needs_sample_review,how_to_product_information,0.371,semantic_prototype_weak_label
1548578,1548577,405072,Tue Oct 17 03:34:38 +0000 2017,@XboxSupport Just to clarify I would be able to use it like connect and say “Xbox record that” and it would record a game clip?,1548579,"@405072 can have your headset connected and use that to use the ""Xbox Record That"" commands.  2 ^BL",general_or_unclear_reply,review_required,rule_assisted_needs_sample_review,how_to_product_information,0.507,semantic_prototype_weak_label
1548578,1548577,405072,Tue Oct 17 03:34:38 +0000 2017,@XboxSupport Just to clarify I would be able to use it like connect and say “Xbox record that” and it would record a game clip?,1548580,"@405072 Apologies for the confusion. A webcam will not work the same as a Kinect, you  1 ^BL",general_or_unclear_reply,review_required,rule_assisted_needs_sample_review,how_to_product_information,0.507,semantic_prototype_weak_label
1549121,1549121,472597,Sat Nov 04 00:43:00 +0000 2017,"@115786 @XboxSupport @115754 @ATVIAssist @115766 Servers still are not working, more than 21 hours later? So unfriendly to customers!",1549117,@472597 Be sure to check out the link here: https://t.co/hHwSDE0fiJ for more info.  ^BL,needs_more_context,escalate,rule_assisted_needs_sample_review,connectivity_xbox_live,0.483,semantic_prototype_weak_label
1162493,1162570,475554,Sat Nov 04 00:39:49 +0000 2017,@ATVIAssist @XboxSupport Fix the servers,1549123,@475554 Hi there! Be sure to check out the link here: https://t.co/hHwSDE0fiJ for more info.  ^BL,needs_more_context,escalate,rule_assisted_needs_sample_review,account_access_profile,0.531,semantic_prototype_weak_label
1162493,1162572,479534,Sat Nov 04 00:40:30 +0000 2017,@ATVIAssist @XboxSupport I want my pre order token and double xp,1549148,@479534 Hiya! Mind sending us a direct message https://t.co/nPX1yNXCi5 with your Gamertag so we can further assist?  ^JA,private_account_investigation,escalate,rule_assisted_needs_sample_review,account_access_profile,0.401,semantic_prototype_weak_label
1550469,1550469,479871,Sat Nov 04 01:41:18 +0000 2017,@116549 I'd like to thank Jemimah R (sorry if your name is wrong) for refunding Need for Speed Payback for me on the Xbox One today:),1550468,@479871 Happy they were able to assist you with that! Let us know if you need help with anything else. ^JL,general_or_unclear_reply,review_required,rule_assisted_needs_sample_review,other_or_needs_context,0.408,semantic_prototype_weak_label
1550471,1550471,479872,Sat Nov 04 01:04:54 +0000 2017,"@XboxSupport your marketplace is terrible,you charged me for a game and its not even in my ready to install. Its gone!",1550470,@479872 Hi there! Let's try a full power cycle: https://t.co/QENEhDawC3 then check again for the game.  ^BL,public_documentation,auto_handle_candidate,rule_assisted_needs_sample_review,billing_codes_refunds,0.496,semantic_prototype_weak_label
1550482,1550482,479876,Wed Nov 01 20:31:22 +0000 2017,@XboxSupport Where do I go to get my refund on fortnite?,1550480,"@479876 Are you trying to get a refund for the full game? What's going on exactly? DM us details, including your GT!  ^CW",private_account_investigation,escalate,rule_assisted_needs_sample_review,billing_codes_refunds,0.451,semantic_prototype_weak_label
1550978,1550978,479996,Sat Nov 04 02:58:01 +0000 2017,@XboxSupport Can't play WWII FIX IT,1550975,"@479996 Heya! Activision is working on updates for the servers, be sure to check: https://t.co/hHwSDE0fiJ for updates.  ^JL",public_documentation,auto_handle_candidate,rule_assisted_needs_sample_review,other_or_needs_context,0.469,semantic_prototype_weak_label
1551984,1551984,480222,Sat Nov 04 03:00:29 +0000 2017,@XboxSupport I spent $60 on a game that doesn’t even work lol @115766,1551982,"@480222 Hi there! The proper teams are currently hard at work getting this sorted out: https://t.co/dG2dbIAHPz 
 ^BL",public_documentation,auto_handle_candidate,rule_assisted_needs_sample_review,billing_codes_refunds,0.444,semantic_prototype_weak_label
1551990,1551990,480223,Sat Nov 04 03:28:10 +0000 2017,@115765 @ATVIAssist @XboxSupport why do I keep getting error code: 4128?,1551986,@480223 Hi there! This issue is currently being looked into: https://t.co/dG2dbIAHPz We appreciate your patience.  ^JA,public_documentation,auto_handle_candidate,rule_assisted_needs_sample_review,account_access_profile,0.513,semantic_prototype_weak_label
1552362,1552362,480325,Sat Nov 04 03:42:26 +0000 2017,@115786 @XboxSupport @115766 who’s fault is this? https://t.co/ilFWAh0IFu,1552361,"@480325 Hi there! The proper teams are currently hard at work getting this sorted out: https://t.co/dG2dbIAHPz 
 ^BL",public_documentation,auto_handle_candidate,rule_assisted_needs_sample_review,account_access_profile,0.452,semantic_prototype_weak_label
1552727,1552725,480427,Sat Nov 04 03:30:31 +0000 2017,"@480428 @115786 @XboxSupport it is, both platforms tho but xbox seems to have the worst problems atm can’t even log on, stays on loading screen for days",1552724,"@480427 Heya! Activision is working on updates for the servers, be sure to check: https://t.co/hHwSDE0fiJ for info from their team. ^JL",public_documentation,auto_handle_candidate,rule_assisted_needs_sample_review,account_access_profile,0.598,semantic_prototype_weak_label
1559811,1559811,481993,Tue Oct 17 03:49:23 +0000 2017,@XboxSupport I have been off my xbox for 3 days and now it doesnt want to turn on period. Please help me here.,1559810,@481993 Oh no. Let's make sure it's plugged into a wall and then work through these steps: https://t.co/rhsLpNZvg8 .  ^IS,public_documentation,auto_handle_candidate,rule_assisted_needs_sample_review,account_access_profile,0.497,semantic_prototype_weak_label
1564389,1564389,483038,Sat Nov 04 12:11:46 +0000 2017,"@XboxSupport my destiny 2 update us frozen at 96% and I cannot pause or uninstall the game as I am eying to install CoD, any advice please?",1564388,@483038 Hi there! Could you power cycle https://t.co/QENEhDs7tB your console and see if you're update finishes? ^JS,public_documentation,auto_handle_candidate,rule_assisted_needs_sample_review,game_content_download,0.384,semantic_prototype_weak_label
1162493,1162636,202247,Sat Nov 04 12:57:57 +0000 2017,@ATVIAssist @XboxSupport Xbox digital deluxe purchase not supplying unlock token or bonus xp. Check in game mail. Other things were there but not that.,1569086,@202247 Hi there! The page here: https://t.co/PmlH50tPUi has more info on how to access your bonus content.  ^QZ,needs_more_context,escalate,rule_assisted_needs_sample_review,account_access_profile,0.458,semantic_prototype_weak_label
1571887,1571887,484609,Fri Oct 27 22:49:41 +0000 2017,@117353 please fix the lag when turning corners.... unbearable on Xbox one,1571886,"@484609 Official Xbox Support here! We'd be happy to help you try and few things or point you in the right direction for help. 
 ^RR",public_troubleshooting,auto_handle_candidate,rule_assisted_needs_sample_review,other_or_needs_context,0.382,semantic_prototype_weak_label
1579460,1579460,486360,Sat Nov 04 15:12:42 +0000 2017,@XboxSupport still waiting on the new patch for @119514 to break more things. When can we expect it. I need concrete answers #whensway,1579459,@486360 Thanks for reaching out! Any updates/patches to a game would be up to the publisher/developer of the game.  ^QZ,general_or_unclear_reply,review_required,rule_assisted_needs_sample_review,other_or_needs_context,0.438,semantic_prototype_weak_label
1580955,1580955,486735,Sat Nov 04 15:44:15 +0000 2017,@XboxSupport Ive purchased multiple brand new controllers and they wont stay connected beyond 3ft from the console?,1580954,@486735 Sorry to hear that! The page here: https://t.co/4BSSUrhPgG can help you troubleshoot; can you try &amp; let us know?  ^QZ,public_documentation,auto_handle_candidate,rule_assisted_needs_sample_review,other_or_needs_context,0.335,semantic_prototype_weak_label
1583347,1583345,487301,Sat Nov 04 17:38:04 +0000 2017,@487302 @115766 @115765 @XboxSupport Okay 😲,1583344,"@487301 Greetings! Recommend reaching out to Activision Support here: https://t.co/upnsPjasnE for more info on that.  
 ^RR",needs_more_context,escalate,rule_assisted_needs_sample_review,other_or_needs_context,0.462,semantic_prototype_weak_label
1584073,1584073,487466,Sat Nov 04 17:26:48 +0000 2017,@XboxSupport @115766 @115765 I can't get online on call of duty world war 2 and am getting very frustrated. (Error code 103294),1584072,"@487466 The proper teams are currently hard at work getting this sorted out: https://t.co/dG2dbIAHPz 
 ^BL",public_documentation,auto_handle_candidate,rule_assisted_needs_sample_review,account_access_profile,0.422,semantic_prototype_weak_label
1584987,1584987,487694,Sat Nov 04 18:36:59 +0000 2017,"@ATVIAssist @XboxSupport i️ can’t even load into multiplayer anymore...fix your game, how did u not prepare for such massive amountsofplayrs https://t.co/TLW0IJXQRU",1584986,"@487694 Hello! Xbox Live Services are currently experiencing issues. You can stay up to date here: https://t.co/NSXOiTMoQ9 
 ^RR",public_documentation,auto_handle_candidate,rule_assisted_needs_sample_review,connectivity_xbox_live,0.420,semantic_prototype_weak_label
1585669,1585668,487869,Sat Nov 04 20:49:52 +0000 2017,@XboxSupport lads,1585667,@487869 Hi there! Can you DM us your gamertag and the code you're trying to redeem? https://t.co/nPX1yNG0Tv ^QZ,private_account_investigation,escalate,rule_assisted_needs_sample_review,account_access_profile,0.440,semantic_prototype_weak_label
1585688,1585688,390377,Sat Nov 04 20:36:03 +0000 2017,@XboxSupport unban my account,1585687,@390377 You can find more info on active suspensions at https://t.co/KvFovSwClF &amp; submit a case review from there if eligible.  ^QZ,enforcement_review,escalate,rule_assisted_needs_sample_review,account_access_profile,0.676,semantic_prototype_weak_label
1585688,1585688,390377,Sat Nov 04 20:36:03 +0000 2017,@XboxSupport unban my account,1585689,"@390377 Thanks for reaching out! We don't have any details on Enforcement action here, as that's handled by a separate team. ^QZ",enforcement_review,escalate,rule_assisted_needs_sample_review,account_access_profile,0.676,semantic_prototype_weak_label
1585692,1585692,487874,Sat Nov 04 19:31:01 +0000 2017,HEY FIX YOUR SERVERS I JUST WANNA PLAY @ATVIAssist @115765 @XboxSupport,1585690,"@487874 Hello! Xbox Live Services are currently experiencing issues. You can stay up to date here: https://t.co/NSXOiTMoQ9 
 ^RR",public_documentation,auto_handle_candidate,rule_assisted_needs_sample_review,account_access_profile,0.440,semantic_prototype_weak_label
1585707,1585707,487878,Sat Nov 04 17:32:08 +0000 2017,@ATVIAssist @115754 @115766 @XboxSupport anyone else getting cod ww11 error code 103294?,1585706,@487878 . Please stay tuned to that page for updates and we appreciate your patience.  2 ^ZM,general_or_unclear_reply,review_required,rule_assisted_needs_sample_review,other_or_needs_context,0.398,semantic_prototype_weak_label
1585707,1585707,487878,Sat Nov 04 17:32:08 +0000 2017,@ATVIAssist @115754 @115766 @XboxSupport anyone else getting cod ww11 error code 103294?,1585708,"@487878 Hi there, we're afraid we have a service alert up for COD WWII here: https://t.co/dG2dbIAHPz  1 ^ZM",public_documentation,auto_handle_candidate,rule_assisted_needs_sample_review,other_or_needs_context,0.398,semantic_prototype_weak_label
929897,929893,340625,Sun Nov 05 02:44:53 +0000 2017,@XboxSupport is not that why i want your help to change my region back to us,929894,"@340625 We would not be able to change the region of your account, no. Altering the region on the account  1 ^JL",general_or_unclear_reply,review_required,rule_assisted_needs_sample_review,other_or_needs_context,0.480,semantic_prototype_weak_label
929897,929897,340625,Sat Nov 04 19:47:51 +0000 2017,@XboxSupport i need to download my games and add on of rage of xbox 360,929898,"@340625 If you check here https://t.co/8nNwpbDew9 do you see your country listed? If not, unfortunately, that does  1 ^JL",public_documentation,auto_handle_candidate,rule_assisted_needs_sample_review,account_access_profile,0.492,semantic_prototype_weak_label
1586926,1586926,488185,Sat Nov 04 19:56:39 +0000 2017,@XboxSupport What’s up with the @115766 Servers,1586925,"@488185 Hi there! There's currently a service alert that can affect this https://t.co/dG2dbIAHPz for updates keep an eye there!
 ^JS",public_documentation,auto_handle_candidate,rule_assisted_needs_sample_review,other_or_needs_context,0.489,semantic_prototype_weak_label
1586938,1586938,488192,Sat Nov 04 20:14:17 +0000 2017,@XboxSupport connection issues with WWII?,1586937,"@488192 Greetings! Let's have you try resetting your router/modem and power cycling: https://t.co/QENEhDawC3
 ^RR",public_documentation,auto_handle_candidate,rule_assisted_needs_sample_review,connectivity_xbox_live,0.531,semantic_prototype_weak_label
1588529,1588529,488522,Sat Nov 04 20:17:07 +0000 2017,@XboxSupport How can I get a refund for the unplayable #CODWW2? #CallOfDutyWWII #XBOXONE #CODWW2ISASCAM #CODWW2Refund,1588528,@488522 to the chat team https://t.co/lUV7XYl61S as they are best equipped to help with this!  2 ^JS,specialist_handoff,escalate,rule_assisted_needs_sample_review,billing_codes_refunds,0.486,semantic_prototype_weak_label
1588529,1588529,488522,Sat Nov 04 20:17:07 +0000 2017,@XboxSupport How can I get a refund for the unplayable #CODWW2? #CallOfDutyWWII #XBOXONE #CODWW2ISASCAM #CODWW2Refund,1588531,@488522 Thanks for reaching out! For refund requests and payment inquiries we recommend reaching out  1 ^JS,general_or_unclear_reply,review_required,rule_assisted_needs_sample_review,billing_codes_refunds,0.486,semantic_prototype_weak_label
1588537,1588537,488524,Sat Nov 04 21:07:36 +0000 2017,overwatch (digital) wouldn't launch so I uninstalled it. now the game disappeared and doesn't exist. what just happened?! @XboxSupport,1588536,@488524 also try a full power cycle: https://t.co/QENEhDawC3 of your Xbox One S console and router/modem.  2 ^ZM,public_documentation,auto_handle_candidate,rule_assisted_needs_sample_review,game_content_download,0.293,semantic_prototype_weak_label
1588537,1588537,488524,Sat Nov 04 21:07:36 +0000 2017,overwatch (digital) wouldn't launch so I uninstalled it. now the game disappeared and doesn't exist. what just happened?! @XboxSupport,1588538,"@488524 Hi, please DM: https://t.co/nPX1yNXCi5 us your gamertag and a photo of your detailed network statistics. Please  1 ^ZM",visual_evidence_required,escalate,rule_assisted_needs_sample_review,game_content_download,0.293,semantic_prototype_weak_label
1590271,1590271,488965,Sat Nov 04 21:35:43 +0000 2017,why am I losing connection in like every 2nd squad battles match? this never happens to me  in other gamemodes.. @115790 @XboxSupport,1590269,@488965 Heya! Would you mind sending a photo of your network stats: Settings&gt;Network&gt;Network Settings&gt;Detailed Network Statistics? ^JL,visual_evidence_required,escalate,rule_assisted_needs_sample_review,connectivity_xbox_live,0.354,semantic_prototype_weak_label
1591251,1591251,489196,Sat Nov 04 23:19:10 +0000 2017,@XboxSupport @115766 I had two supplies drops last night that didn’t open and today they are gone... How do I get them back?,1591249,@489196 . Please stay tuned to that page for updates and we appreciate your patience.  2 ^ZM,general_or_unclear_reply,review_required,rule_assisted_needs_sample_review,billing_codes_refunds,0.250,semantic_prototype_weak_label
1591251,1591251,489196,Sat Nov 04 23:19:10 +0000 2017,@XboxSupport @115766 I had two supplies drops last night that didn’t open and today they are gone... How do I get them back?,1591252,"@489196 Hi there, we're afraid we have a service alert up for COD WWII here: https://t.co/dG2dbIAHPz  1 ^ZM",public_documentation,auto_handle_candidate,rule_assisted_needs_sample_review,billing_codes_refunds,0.250,semantic_prototype_weak_label
1593126,1593126,489628,Sat Nov 04 22:44:00 +0000 2017,@442956 ass,1593125,@489628 sure to keep your games and apps installed when asked to do so though.  2 ^BL,general_or_unclear_reply,review_required,rule_assisted_needs_sample_review,account_access_profile,0.144,semantic_prototype_weak_label
1593126,1593126,489628,Sat Nov 04 22:44:00 +0000 2017,@442956 ass,1593127,@489628 Hi there! Let's try a quick factory reset by following the steps here: https://t.co/dvWMkPgXfK Be  1 ^BL,public_documentation,auto_handle_candidate,rule_assisted_needs_sample_review,account_access_profile,0.144,semantic_prototype_weak_label
1594154,1594150,489903,Sun Nov 05 00:47:55 +0000 2017,@XboxSupport They should be sending over some DMs Right now thanks for helping them ❤️,1594149,"@489903 Not a problem, have a great night!  ^BL",general_or_unclear_reply,review_required,rule_assisted_needs_sample_review,other_or_needs_context,0.470,semantic_prototype_weak_label
1594154,1594152,489903,Sat Nov 04 19:20:36 +0000 2017,@XboxSupport @64633 Also @64656 is having the same problem as @64633,1594151,@489903 Can you have them reach out to us so we can help them out.  ^BL,general_or_unclear_reply,review_required,rule_assisted_needs_sample_review,account_access_profile,0.548,semantic_prototype_weak_label
1594165,1594165,489905,Sun Nov 05 00:46:21 +0000 2017,GREAT!!!! FUCKING XBOX ONE IS FUCKED!!! 😡😡😡😡,1594163,@489905 Hi there. Let's follow the steps on this guide https://t.co/jKHgX8tWNA to try and get disc games working. ^JL,public_documentation,auto_handle_candidate,rule_assisted_needs_sample_review,other_or_needs_context,0.460,semantic_prototype_weak_label
1594773,1594773,490041,Sat Nov 04 20:00:50 +0000 2017,@ATVIAssist @XboxSupport How come I can’t connect to Multiplayer? It’s been like this since I got the game. https://t.co/Jn7AcDwlRK,1594772,"@490041 Greetings! Let's have you try resetting your router/modem and power cycling: https://t.co/QENEhDs7tB
 ^RR",public_documentation,auto_handle_candidate,rule_assisted_needs_sample_review,account_access_profile,0.497,semantic_prototype_weak_label
1594778,1594778,341981,Sat Nov 04 18:18:48 +0000 2017,@XboxSupport Xbox One X HDMI cable is 2.1? Or not you’re department...,1594777,@341981 Hey there! It will be a 2.0 HDMI cable that comes with the Xbox One X.  ^BL,general_or_unclear_reply,review_required,rule_assisted_needs_sample_review,other_or_needs_context,0.378,semantic_prototype_weak_label
1595813,1595813,327384,Sat Nov 04 19:55:08 +0000 2017,@XboxSupport. Call ww2 not working might wanna change the status on the live status check,1595812,"@327384 Hello! Xbox Live Services are currently experiencing issues. You can stay up to date here: https://t.co/NSXOiTMoQ9 
 ^RR",public_documentation,auto_handle_candidate,rule_assisted_needs_sample_review,other_or_needs_context,0.469,semantic_prototype_weak_label
1596932,1596932,480222,Sat Nov 04 19:48:19 +0000 2017,@ATVIAssist @XboxSupport can you fix the servers for WW2 thanks,1596931,"@480222 Greetings! Let's have you try resetting your router/modem and power cycling: https://t.co/QENEhDawC3
 ^RR",public_documentation,auto_handle_candidate,rule_assisted_needs_sample_review,connectivity_xbox_live,0.502,semantic_prototype_weak_label
1597872,1597872,490814,Sun Nov 05 02:00:50 +0000 2017,@XboxSupport cuphead no longer works on my computer how do you fix?,1597871,@490814 Hi there! Are you seeing any errors or messages when you try to play? Do you mind DM'ing so we can send some more info? ^JL,needs_more_context,escalate,rule_assisted_needs_sample_review,account_access_profile,0.543,semantic_prototype_weak_label
1598422,1598422,490466,Sun Nov 05 02:04:05 +0000 2017,@ATVIAssist @XboxSupport I've completed the three weekly orders how come its not giving me the weekly reward on the right hand side https://t.co/Adq9RL8GfZ,1598421,@490466 https://t.co/c0rhsKO0Ni the console. Then sign back in and let us know if those rewards pop up.  2 ^BL,public_documentation,auto_handle_candidate,rule_assisted_needs_sample_review,billing_codes_refunds,0.358,semantic_prototype_weak_label
1598422,1598422,490466,Sun Nov 05 02:04:05 +0000 2017,@ATVIAssist @XboxSupport I've completed the three weekly orders how come its not giving me the weekly reward on the right hand side https://t.co/Adq9RL8GfZ,1598423,@490466 Hi there! Let's go ahead and remove: https://t.co/zJxn1EMf83 your profile from the console and then &gt;power cycle  1 ^BL,public_documentation,auto_handle_candidate,rule_assisted_needs_sample_review,billing_codes_refunds,0.358,semantic_prototype_weak_label
1605278,1605278,490274,Sun Nov 05 00:14:26 +0000 2017,@115786 @XboxSupport been a loyal Xbox gamer for 7 years and y'all don't reply to help with my cod WW2 not working issue. I'm mad,1605271,@490274 Would you mind sending us a picture of the pre-order showing on your account here: https://t.co/ZFwthRp0ss in a DM?  ^RR,visual_evidence_required,escalate,rule_assisted_needs_sample_review,other_or_needs_context,0.525,semantic_prototype_weak_label
1616170,1616170,495638,Fri Oct 27 23:55:23 +0000 2017,@58672 Can you guys fix Xbox live not working for MCPE?,1616169,"@495638 Unable to play your game? Official Xbox Support here, send us a tweet and we can help. 
 ^RR",general_or_unclear_reply,review_required,rule_assisted_needs_sample_review,other_or_needs_context,0.496,semantic_prototype_weak_label
1624368,1624362,125835,Sun Nov 05 14:05:20 +0000 2017,@497515 @XboxSupport Ohhhhh thats very cool of you to explain to me. I did boot Twitch to broadcast right away when I started my system.,1624361,@125835 Sorry to hear that! Can you DM us your gamertag &amp; which Xbox console you're using? https://t.co/nPX1yNXCi5  ^QZ,private_account_investigation,escalate,rule_assisted_needs_sample_review,other_or_needs_context,0.412,semantic_prototype_weak_label
1625307,1625307,479318,Sun Nov 05 14:55:16 +0000 2017,@ATVIAssist @116549 wtf is wrong with call of duty now? I️ havnt played more then 2 games in 48 hours,1625306,@479318 Your end? https://t.co/GMwmBVVwxI 2/2 ^TJ,public_documentation,auto_handle_candidate,rule_assisted_needs_sample_review,other_or_needs_context,0.311,semantic_prototype_weak_label
1625307,1625307,479318,Sun Nov 05 14:55:16 +0000 2017,@ATVIAssist @116549 wtf is wrong with call of duty now? I️ havnt played more then 2 games in 48 hours,1625308,@479318 Hello again! Looks like there was some maintenance a while back. Are you still seeing issues on 1/2 ^TJ,general_or_unclear_reply,review_required,rule_assisted_needs_sample_review,other_or_needs_context,0.311,semantic_prototype_weak_label
1625310,1625310,170963,Sun Nov 05 16:22:06 +0000 2017,@XboxSupport hey. i have bought (pre-ordered) the ww2 dde but all the bonus items you get when you buy it but i didnt get them,1625309,"@170963 We'd be happy to help, but we could use more info. Could you follow &amp; DM @Xboxsupport with your Gamertag &amp; some details? ^EZ",private_account_investigation,escalate,rule_assisted_needs_sample_review,billing_codes_refunds,0.420,semantic_prototype_weak_label
1632737,1632737,499592,Sun Nov 05 17:53:57 +0000 2017,@XboxSupport @ATVIAssist I supposedly have these downloaded but don’t have them in game https://t.co/2y9pgZ7pcm,1632736,@499592 Sorry to hear! Activision has a page here: https://t.co/PmlH50tPUi with more info &amp; resources that can help out there.  ^QZ,needs_more_context,escalate,rule_assisted_needs_sample_review,how_to_product_information,0.383,semantic_prototype_weak_label
1633519,1633519,499780,Sun Nov 05 19:50:31 +0000 2017,@XboxSupport i changed my gamertag and now my games won't work?! Asking me if the game disc in inserted which it is and if i own the game?!!,1633518,"@499780 Hi! To make sure, let's check out our guide here for this error message that you're seeing https://t.co/bO5ff2SyW3 ^TJ",public_documentation,auto_handle_candidate,rule_assisted_needs_sample_review,account_access_profile,0.488,semantic_prototype_weak_label
1634299,1634298,489196,Sun Nov 05 18:24:33 +0000 2017,@ATVIAssist @17646 @XboxSupport This is not good at all. Can I get these replaced ?,1634297,"@489196 Hi there! For something in-game like this, we recommend reaching out to the publisher https://t.co/VDillCtRoY
 ^TJ",public_documentation,auto_handle_candidate,rule_assisted_needs_sample_review,other_or_needs_context,0.379,semantic_prototype_weak_label
1640561,1640561,501552,Sun Nov 05 22:23:01 +0000 2017,@xboxsupport is it possible to take my account off of child as my mums account got deleted and we cant remeber the pass word,1640560,"@501552 …adult age, I'm afraid. The steps here: https://t.co/4xAN5zZv0E can help your mother reset her acct password.  ^QZ",public_documentation,auto_handle_candidate,rule_assisted_needs_sample_review,account_access_profile,0.513,semantic_prototype_weak_label
1640561,1640561,501552,Sun Nov 05 22:23:01 +0000 2017,@xboxsupport is it possible to take my account off of child as my mums account got deleted and we cant remeber the pass word,1640562,@501552 Thanks for reaching out! There wouldn't be a way to manually remove child status from an account until the account reaches… ^QZ,general_or_unclear_reply,review_required,rule_assisted_needs_sample_review,account_access_profile,0.513,semantic_prototype_weak_label
1640565,1640565,501553,Sun Nov 05 22:45:00 +0000 2017,"@XboxSupport I’m on the Xbox app for iOS, when I go to send a message the keyboard to type on doesn’t pop up",1640563,"@501553 We'd be happy to help, but we could use more info. Could you follow &amp; DM @Xboxsupport with your Gamertag &amp; some details? ^EZ",private_account_investigation,escalate,rule_assisted_needs_sample_review,account_access_profile,0.459,semantic_prototype_weak_label
1641596,1641596,501850,Sun Nov 05 23:24:18 +0000 2017,Yo @XboxSupport if my xbox one x arrives early can i use it???,1641594,"@501850 Hello,  yes you can use it. ^RM",general_or_unclear_reply,review_required,rule_assisted_needs_sample_review,other_or_needs_context,0.447,semantic_prototype_weak_label
1641596,1641595,501850,Mon Nov 06 00:10:09 +0000 2017,@XboxSupport so if it comes on the 6th i can use it,1641597,@501850 Yes you can. ^RM,general_or_unclear_reply,review_required,rule_assisted_needs_sample_review,other_or_needs_context,0.393,semantic_prototype_weak_label
1643567,1643567,203115,Mon Nov 06 00:10:07 +0000 2017,@XboxSupport My Xbox keeps disconnecting from Xbox live every ~10 minutes when I play online. It's not my internet cause nothing else DCs?,1643566,"@203115 Hello, thanks for reaching out to us. Can you DM us your gamertag, game you're playing, and detailed network stats? ^CO",private_account_investigation,escalate,rule_assisted_needs_sample_review,connectivity_xbox_live,0.521,semantic_prototype_weak_label
1646577,1646577,503103,Sun Nov 26 02:45:13 +0000 2017,Yo is Xbox live down? @XboxSupport,1646576,"@503103 Hi! Let's have you follow us, DM us your Gamertag, and some more info about what you're seeing: https://t.co/nPX1yNXCi5 
 ^BL",private_account_investigation,escalate,rule_assisted_needs_sample_review,other_or_needs_context,0.517,semantic_prototype_weak_label
1648061,1648061,468742,Sun Nov 05 21:08:04 +0000 2017,"@XboxSupport so I get banned until the 19th for the word “retarded”, and someone gets 24hr ban for “fucking pussy” seems legitimate",1648060,@468742 We don't have any info on Enforcement action here; you can submit a case review at https://t.co/JoGQTtB3Sp for more.  ^BL,enforcement_review,escalate,rule_assisted_needs_sample_review,safety_enforcement_security,0.583,semantic_prototype_weak_label
1648065,1648065,503501,Sun Nov 05 20:20:39 +0000 2017,@XboxSupport I didn't use,1648064,"@503501 Hi, what was the code you wanted information on? ^RM",general_or_unclear_reply,review_required,rule_assisted_needs_sample_review,account_access_profile,0.502,semantic_prototype_weak_label
1653816,1653816,504801,Mon Nov 06 01:32:30 +0000 2017,@XboxSupport is “Atari: Game Over” not available anymore?,1653814,"@504801 Hello, thanks for reaching out to us. We were able to find it, try this link: https://t.co/mM8BTFoPZW ^CO",public_documentation,auto_handle_candidate,rule_assisted_needs_sample_review,other_or_needs_context,0.449,semantic_prototype_weak_label
1653816,1653815,504801,Mon Nov 06 02:32:30 +0000 2017,@XboxSupport Does the old app version not work anymore?,1653817,"@504801 Can you clarify what you mean by ""old app""? ^CO",needs_more_context,escalate,rule_assisted_needs_sample_review,other_or_needs_context,0.457,semantic_prototype_weak_label
1653816,1653818,504801,Wed Nov 08 02:45:16 +0000 2017,@XboxSupport  https://t.co/pPbDLv7T7e,1653819,"@504801 To be sure, what makes you think that's an old version of the app? What troubles are you having with it? ^AK",general_or_unclear_reply,review_required,rule_assisted_needs_sample_review,other_or_needs_context,0.438,semantic_prototype_weak_label
1657519,1657519,505736,Mon Nov 06 02:36:06 +0000 2017,@138583 @115890 @115786 @XboxSupport I bought the ww2 digital deluxe edition and I didn’t get my 2x xp token or my perma unlock token,1657518,@505736 Hi there! Have you been able to check out the guide here: https://t.co/PmlH50tPUi ^BL,public_documentation,auto_handle_candidate,rule_assisted_needs_sample_review,account_access_profile,0.416,semantic_prototype_weak_label
1657525,1657525,505739,Mon Nov 06 02:52:14 +0000 2017,"@XboxSupport where is the nba 2k18 patch. Playstation got it like 5 days ago, what's up?",1657524,@505739 Hi there. We would not be able to speculate on the release of third-party content here on Twitter. ^JL,general_or_unclear_reply,review_required,rule_assisted_needs_sample_review,other_or_needs_context,0.425,semantic_prototype_weak_label
1659470,1659470,506285,Mon Nov 06 03:32:00 +0000 2017,@XboxSupport how do I record video that are like 1 hours long,1659469,"@506285 clips, in the article here: https://t.co/3Ldythjyhv here the limit is up to 5 minutes.  2 ^BL",public_documentation,auto_handle_candidate,rule_assisted_needs_sample_review,how_to_product_information,0.379,semantic_prototype_weak_label
1659470,1659470,506285,Mon Nov 06 03:32:00 +0000 2017,@XboxSupport how do I record video that are like 1 hours long,1659471,@506285 Hi there! Can you let us know where you are seeing the 1 hour long  1 ^BL,general_or_unclear_reply,review_required,rule_assisted_needs_sample_review,how_to_product_information,0.379,semantic_prototype_weak_label
1659487,1659487,506289,Mon Nov 06 04:22:40 +0000 2017,"@XboxSupport there are thunderstorms in the area, and my Xbox One just shut off. It will not turn back on. Help please.",1659485,@506289 storm passes. Do let us know if you run into issues once the storm is clear.  2 ^JL,general_or_unclear_reply,review_required,rule_assisted_needs_sample_review,account_access_profile,0.435,semantic_prototype_weak_label
1659487,1659486,506289,Mon Nov 06 05:22:37 +0000 2017,"@XboxSupport I was on chat for an hour. They told me I have to either get a new power supply, or send it in for service.",1659488,"@506289 Ah, sorry to hear that. If you decided to set up a repair you should be able to do that here  https://t.co/IatNbSdHCs ^JL",repair_or_warranty_process,escalate,rule_assisted_needs_sample_review,other_or_needs_context,0.440,semantic_prototype_weak_label
1659487,1659487,506289,Mon Nov 06 04:22:40 +0000 2017,"@XboxSupport there are thunderstorms in the area, and my Xbox One just shut off. It will not turn back on. Help please.",1659489,@506289 Hi there. We would recommend unplugging the console and leaving it unplugged and off until that  1 ^JL,public_troubleshooting,auto_handle_candidate,rule_assisted_needs_sample_review,account_access_profile,0.435,semantic_prototype_weak_label
1660229,1660229,506463,Mon Nov 06 05:08:44 +0000 2017,@XboxSupport So my Xbox one turns on by itself everyday can you explain?,1660226,@506463 Hi there. Is the console set to instant on and are you using a power strip or surge protector?  ^JL,general_or_unclear_reply,review_required,rule_assisted_needs_sample_review,account_access_profile,0.440,semantic_prototype_weak_label
1660229,1660227,506463,Mon Nov 06 21:27:46 +0000 2017,@XboxSupport Is my console broken or do I just have ghosts?,1660230,@506463 Let's try resetting your console but choosing to keep games and apps. These steps should help: https://t.co/wbvcfXvjXV ^CO,public_documentation,auto_handle_candidate,rule_assisted_needs_sample_review,other_or_needs_context,0.480,semantic_prototype_weak_label
1664379,1664379,255384,Tue Oct 17 04:18:54 +0000 2017,@XboxSupport pre-ordered South Park yesterday in UK but it hasn’t given me Stick Of Truth like it said it would? Thanks,1664377,"@255384 Hi there! To make sure, do you notice any install issues when you try searching for Stick of Truth on the console store? ^TJ",public_troubleshooting,auto_handle_candidate,rule_assisted_needs_sample_review,other_or_needs_context,0.411,semantic_prototype_weak_label
1665749,1665749,507519,Tue Oct 17 17:07:35 +0000 2017,"{Pictures of my Halo 4 Spartan. 

Don't know my 4's file share is working while Reach's isn't. https://t.co/zFWSyEqUK6",1665747,@507519 Nice shots! We're here if you ever need any Xbox support - give us a shout any time :) ^QZ,general_or_unclear_reply,review_required,rule_assisted_needs_sample_review,other_or_needs_context,0.202,semantic_prototype_weak_label
1671510,1671510,508770,Thu Nov 30 13:10:01 +0000 2017,"@XboxSupport Hi can u help I'm at a lose end. I have an issue, I plug in any external HDD to the rear usb ports of my Xbox one x and it disconnects me from wifi. Front USB works fine, problem is is does it on both my One S too with different external drives tested. Please help.",1671509,@508770 DM us your Gamertag and clarify what the issue is that you're having so we can investigate?  2 ^BZ,private_account_investigation,escalate,rule_assisted_needs_sample_review,other_or_needs_context,0.199,semantic_prototype_weak_label
1671613,1671613,508788,Tue Oct 17 05:04:03 +0000 2017,@XboxSupport on one account my screen goes past the edges and on the other it fits perfect. Can i get some help?,1671611,@508788 Hi there! Let's check out our guide here for this screen ratio issue that you're seeing https://t.co/L8rIiVBYgu ^TJ,public_documentation,auto_handle_candidate,rule_assisted_needs_sample_review,account_access_profile,0.556,semantic_prototype_weak_label
1671510,1671510,508770,Thu Nov 30 13:10:01 +0000 2017,"@XboxSupport Hi can u help I'm at a lose end. I have an issue, I plug in any external HDD to the rear usb ports of my Xbox one x and it disconnects me from wifi. Front USB works fine, problem is is does it on both my One S too with different external drives tested. Please help.",1671511,@508770 Heyo! We'd like to Direct Message so we can collect some more information. Can you follow and  1 ^BZ,private_account_investigation,escalate,rule_assisted_needs_sample_review,other_or_needs_context,0.199,semantic_prototype_weak_label
1674209,1674209,509418,Tue Oct 17 06:00:44 +0000 2017,@XboxSupport equivalent of urgent care support needed. VIP gamer (whom I adore) needs back on this pre-order list. #help #XboxOneX https://t.co/3nCQCJIO41,1674208,"@509418 case, let's have you reach out to the live chat team in your region: https://t.co/lUV7XYl61S for more help.  2 ^BZ",specialist_handoff,escalate,rule_assisted_needs_sample_review,other_or_needs_context,0.542,semantic_prototype_weak_label
1674209,1674209,509418,Tue Oct 17 06:00:44 +0000 2017,@XboxSupport equivalent of urgent care support needed. VIP gamer (whom I adore) needs back on this pre-order list. #help #XboxOneX https://t.co/3nCQCJIO41,1674210,"@509418 Hi there. We are not equipped to handle account/billing issues here on Twitter, for security reasons. In this  1 ^BZ",general_or_unclear_reply,review_required,rule_assisted_needs_sample_review,other_or_needs_context,0.542,semantic_prototype_weak_label
1674227,1674227,509422,Tue Oct 17 05:25:23 +0000 2017,"@XboxSupport paused a near 5gb game update to not take up my internet for a day, got the dash update, game update gone &amp; game unplayable now",1674226,@509422 DM us your Gamertag and clarify what the issue is that you're having so we can investigate?  2 ^BZ,private_account_investigation,escalate,rule_assisted_needs_sample_review,connectivity_xbox_live,0.480,semantic_prototype_weak_label
1674227,1674227,509422,Tue Oct 17 05:25:23 +0000 2017,"@XboxSupport paused a near 5gb game update to not take up my internet for a day, got the dash update, game update gone &amp; game unplayable now",1674228,@509422 Heyo! We'd like to Direct Message so we can collect some more information. Can you follow and  1 ^BZ,private_account_investigation,escalate,rule_assisted_needs_sample_review,connectivity_xbox_live,0.480,semantic_prototype_weak_label
1681251,1681251,381009,Mon Nov 06 05:03:51 +0000 2017,@XboxSupport everything is set to get 4k but nothing is downloading,1681249,"@381009 Hi there! What games are you trying to download? Do they appear as ""Available"" here https://t.co/JJwrMTrWCH ? ^JS",public_documentation,auto_handle_candidate,rule_assisted_needs_sample_review,account_access_profile,0.376,semantic_prototype_weak_label
1682409,1682409,511444,Tue Oct 17 06:56:28 +0000 2017,@XboxSupport South Park season pass isn't working!!,1682408,@511444 Hi there! Could you DM us your Gamertag and what you see when you try to access season pass content? ^JS,private_account_investigation,escalate,rule_assisted_needs_sample_review,account_access_profile,0.483,semantic_prototype_weak_label
1682414,1682412,511445,Tue Oct 17 16:13:18 +0000 2017,"@XboxSupport I send it since saturday october 7th and I would like ton know where is my map it's not offensive
sorry if there are some mistake I'm French",1682410,"@511445 Hi there! We'd be happy to help with this. Could you follow us back &amp; DM your GamerTag when you get a chance? 
 ^TJ",private_account_investigation,escalate,rule_assisted_needs_sample_review,other_or_needs_context,0.309,semantic_prototype_weak_label
1683046,1683046,511589,Mon Nov 06 05:30:21 +0000 2017,Now the @XboxSupport app won’t let me type in messages,1683045,@511589 a DM: https://t.co/nPX1yNXCi5 with your gamertag and a detailed summary of the issue you're experiencing?  2 ^ZM,private_account_investigation,escalate,rule_assisted_needs_sample_review,account_access_profile,0.510,semantic_prototype_weak_label
1683046,1683046,511589,Mon Nov 06 05:30:21 +0000 2017,Now the @XboxSupport app won’t let me type in messages,1683047,"@511589 Hi there, we'd like to help but could use more info. Can you please send us  1 ^ZM",needs_more_context,escalate,rule_assisted_needs_sample_review,account_access_profile,0.510,semantic_prototype_weak_label
1691916,1691913,513573,Tue Oct 17 16:53:17 +0000 2017,@XboxSupport (rs3_release_xbox_dev_1710.171012-1520),1691911,"@513573 Ahh OK, that would be the latest available OS Version, so it would mean that your console is up-to-date. ^EZ",general_or_unclear_reply,review_required,rule_assisted_needs_sample_review,other_or_needs_context,0.482,semantic_prototype_weak_label
1691916,1691916,513573,Tue Oct 17 16:44:11 +0000 2017,@XboxSupport or would there be another update as the final update today? Says last updated 15/10/17,1691914,@513573 Thanks for reaching out! When you check the console's OS Version #: https://t.co/r74WEoaS96 what do you see currently? ^EZ,public_documentation,auto_handle_candidate,rule_assisted_needs_sample_review,other_or_needs_context,0.491,semantic_prototype_weak_label
1692046,1692046,513588,Tue Oct 17 10:14:12 +0000 2017,@XboxSupport Got an email to say my subscription renewal has been successful but I have auto renew off? https://t.co/H9rH6HVkT1,1692045,"@513588 Oh no! For this auto renewal issue that you're seeing, we recommend reaching out to 1/2 ^TJ",general_or_unclear_reply,review_required,rule_assisted_needs_sample_review,subscription_game_pass_gold,0.454,semantic_prototype_weak_label
1693299,1693299,513873,Sun Nov 26 03:24:27 +0000 2017,"@XboxSupport In addition to my previous tweet, I'm currently receiving ""We couldn't get your latest saved data"" message on every game. Home internet completely fine and operating normally. So there seems to be a cloud problem, not sure if this has been reported yet.",1693298,"@513873 Heya! Would you mind sending a picture of your network stats: Settings&gt;Network&gt;Network Settings&gt;Detailed Network Statistics
 ^RR",visual_evidence_required,escalate,rule_assisted_needs_sample_review,connectivity_xbox_live,0.485,semantic_prototype_weak_label
1695182,1695182,184795,Thu Nov 16 20:10:47 +0000 2017,@XboxSupport I can't buy anything from the store for some reason,1695180,"@184795 Thanks for that! The appropriate teams are aware and working to get this fixed! We thank you for your patience while they do!
 ^JS",general_or_unclear_reply,review_required,rule_assisted_needs_sample_review,account_access_profile,0.518,semantic_prototype_weak_label
1695182,1695181,184795,Thu Nov 16 20:32:58 +0000 2017,@XboxSupport No problem.,1695183,@184795 Hi again! Could you try again and see if you can now? Also could you DM us your Gamertag and what you're trying to purchase? ^JS,private_account_investigation,escalate,rule_assisted_needs_sample_review,account_access_profile,0.497,semantic_prototype_weak_label
1695510,1695510,514391,Mon Nov 06 13:37:33 +0000 2017,@XboxSupport 500gb S- Put in halo 5 disc &amp;theres a big update. Put box on instant-on mode &amp;turn off. Box disconnects to internet instantly,1695509,@514391 . Can you also please DM: https://t.co/nPX1yNXCi5 us so we can collect more info?  2 ^ZM,needs_more_context,escalate,rule_assisted_needs_sample_review,connectivity_xbox_live,0.477,semantic_prototype_weak_label
1695510,1695510,514391,Mon Nov 06 13:37:33 +0000 2017,@XboxSupport 500gb S- Put in halo 5 disc &amp;theres a big update. Put box on instant-on mode &amp;turn off. Box disconnects to internet instantly,1695511,"@514391 Hi there, if you're randomly disconnecting from Xbox Live, please try these steps:
 https://t.co/fHCPjSHTH7  1 ^ZM",public_documentation,auto_handle_candidate,rule_assisted_needs_sample_review,connectivity_xbox_live,0.477,semantic_prototype_weak_label
1695583,1695582,217586,Mon Nov 06 14:15:25 +0000 2017,@XboxSupport @514406 Hello i just done the update and its saying there's a problem with downloading it soo now I have to start it all over again ?,1695581,"@217586 Hey there, let's try an offline update as outlined here: https://t.co/cuaZOg8o5j ^XS",public_documentation,auto_handle_candidate,rule_assisted_needs_sample_review,account_access_profile,0.488,semantic_prototype_weak_label
1695603,1695603,514413,Mon Nov 06 11:58:47 +0000 2017,@XboxSupport  I get this on my Windows computer when I try to sign in. Help? https://t.co/d4uwlLmC3Z,1695602,@514413 Sorry to hear that! Can you DM us your gamertag? Does that happen when any other accounts sign in?  ^QZ,private_account_investigation,escalate,rule_assisted_needs_sample_review,account_access_profile,0.756,semantic_prototype_weak_label
1697785,1697781,316138,Mon Nov 06 22:21:56 +0000 2017,@XboxSupport Why can't you just look in the system,1697779,@316138 Afraid it doesn't quite work that way I am afraid. Were you able to check out the steps in the guide?  ^BL,public_troubleshooting,auto_handle_candidate,rule_assisted_needs_sample_review,account_access_profile,0.497,semantic_prototype_weak_label
1697785,1697780,316138,Mon Nov 06 23:47:10 +0000 2017,@XboxSupport I bet it does but whatever thanks for not helping,1697782,@316138 Were you able to check out the steps we sent in the guide at all?  ^BL,public_troubleshooting,auto_handle_candidate,rule_assisted_needs_sample_review,other_or_needs_context,0.449,semantic_prototype_weak_label
1697785,1697785,316138,Mon Nov 06 20:01:21 +0000 2017,@XboxSupport why are you guys keep disconnecting me from Xbox I'm trying to play cod on 360 and it keeps disconnecting me,1697784,@316138 Hi there! Let's work through all the steps here: https://t.co/bs9s98PzQL for what you are seeing.  ^BL,needs_more_context,escalate,rule_assisted_needs_sample_review,account_access_profile,0.521,semantic_prototype_weak_label
1697794,1697794,514966,Mon Nov 06 21:34:59 +0000 2017,@XboxSupport where do i️ go to submit bug reports for iphone x xbox app problems?,1697792,"@514966 Hello, thanks for reaching out to us. What seems to be the issue? ^CO",general_or_unclear_reply,review_required,rule_assisted_needs_sample_review,other_or_needs_context,0.462,semantic_prototype_weak_label
1697794,1697793,514966,Mon Nov 06 23:44:18 +0000 2017,@XboxSupport i️ can’t reply to messages. when i️ tap to reply as seen in the screenshot nothing happens https://t.co/Er3vjTqoe0,1697795,"@514966 Thank you for your patience, and if you see any changes in the meantime, definitely reach out &amp; let us know!  ^QZ",general_or_unclear_reply,review_required,rule_assisted_needs_sample_review,account_access_profile,0.472,semantic_prototype_weak_label
1697794,1697793,514966,Mon Nov 06 23:44:18 +0000 2017,@XboxSupport i️ can’t reply to messages. when i️ tap to reply as seen in the screenshot nothing happens https://t.co/Er3vjTqoe0,1697796,@514966 Thanks for that screenshot! The proper teams have been notified &amp; they are actively investigating this at the moment. ^QZ,visual_evidence_required,escalate,rule_assisted_needs_sample_review,account_access_profile,0.472,semantic_prototype_weak_label
1697858,1697853,514979,Mon Nov 06 23:17:46 +0000 2017,"@XboxSupport Here : https://t.co/pd9psFtnIQ And https://t.co/L5ZDX0rryO  and others.. if u say le its compatible, tomorrow i go to buy him n xb1x and fm7",1697851,@514979 Recommend reaching out to the wheel's manufacturer to see if it would be compatible with the Xbox One family of consoles.  ^RR,general_or_unclear_reply,review_required,rule_assisted_needs_sample_review,other_or_needs_context,0.393,semantic_prototype_weak_label
1697858,1697855,514979,Mon Nov 06 22:39:27 +0000 2017,"@XboxSupport This one (T300RS GT edition) is compatible with windows. Windows = microsoft = xbox &lt;3 so, it’s for that i hope",1697854,@514979 Where are you seeing it show it is not compatible?   ^RR,general_or_unclear_reply,review_required,rule_assisted_needs_sample_review,other_or_needs_context,0.493,semantic_prototype_weak_label
1697858,1697858,514979,Mon Nov 06 20:47:51 +0000 2017,"@XboxSupport Hello, have you planned to make the steering wheel t300rs compatible with xbox one x ? I need him for forza 7 if i buy.. :(",1697856,@514979 Hello! Any wheel working with your Xbox One or Xbox One S will work on the Xbox One X just the same.  ^RR,general_or_unclear_reply,review_required,rule_assisted_needs_sample_review,other_or_needs_context,0.348,semantic_prototype_weak_label
1700350,1700350,515621,Mon Nov 06 17:31:55 +0000 2017,@XboxSupport I used an xbl trial code but don’t have permission to join party’s or online multiplayer games,1700349,@515621 Sorry to hear that! Can you DM us your gamertag and the code that you redeemed for that?  ^QZ,private_account_investigation,escalate,rule_assisted_needs_sample_review,account_access_profile,0.481,semantic_prototype_weak_label
1700499,1700499,515642,Mon Nov 06 18:36:44 +0000 2017,@ATVIAssist @115765 @XboxSupport @115766 @129141 how is that the game/servers go down and no one says anything?  #CODWWII,1700498,@515642 Hi there! Could you DM https://t.co/nPX1yNXCi5 us your Gamertag so we might collect some more info on this? ^JS,private_account_investigation,escalate,rule_assisted_needs_sample_review,connectivity_xbox_live,0.490,semantic_prototype_weak_label
1703422,1703422,493262,Mon Nov 06 18:59:28 +0000 2017,@XboxSupport are the cod servers for Xbox ever going to work?,1703421,@493262 Hi there! Could you DM https://t.co/nPX1yNXCi5 us your Gamertag so we can collect some info to better help with this? ^JS,private_account_investigation,escalate,rule_assisted_needs_sample_review,connectivity_xbox_live,0.477,semantic_prototype_weak_label
1703430,1703430,516382,Mon Nov 06 19:17:54 +0000 2017,@XboxSupport what games will be available in 4K to play on day release? #XboxOneX,1703428,"@516382 Hello, thanks for reaching out to us. This the list the list of current enhanced games: https://t.co/JJwrMTrWCH ^CO",public_documentation,auto_handle_candidate,rule_assisted_needs_sample_review,game_content_download,0.492,semantic_prototype_weak_label
1703435,1703435,516384,Mon Nov 06 19:27:56 +0000 2017,@XboxSupport I can’t reply to messages in my Xbox app. I tried deleting and redownloading the app and I’m still having the same issue.,1703433,@516384 Hello! Would you mind letting us know what device you are using the Xbox App on exactly?  ^RR,general_or_unclear_reply,review_required,rule_assisted_needs_sample_review,account_access_profile,0.533,semantic_prototype_weak_label
1703435,1703434,516384,Mon Nov 06 22:06:08 +0000 2017,@XboxSupport iPhone 6s.,1703436,@516384 Thanks for that! What happens when you try to reply to messages exactly?  ^RR,public_troubleshooting,auto_handle_candidate,rule_assisted_needs_sample_review,other_or_needs_context,0.408,semantic_prototype_weak_label
1703435,1703437,516384,Mon Nov 06 22:52:50 +0000 2017,@XboxSupport It won’t let me click the reply bar at all so I can’t type anything.,1703438,@516384 Thanks for that! Would you mind following us and sending a DM when you are so we can have you try a few steps?  ^RR,private_account_investigation,escalate,rule_assisted_needs_sample_review,account_access_profile,0.475,semantic_prototype_weak_label
1703806,1703801,341623,Tue Oct 17 14:24:02 +0000 2017,@204598 @XboxSupport pointless for me to be able to transfer a game and still can’t be played unless I’m signed in.,1703800,"@341623 Hi there, if this is something you would like to see we would recommend leaving your feedback at https://t.co/EDoaucSh9O ^JS",public_documentation,auto_handle_candidate,rule_assisted_needs_sample_review,account_access_profile,0.608,semantic_prototype_weak_label
1705788,1705788,516996,Mon Nov 06 20:43:34 +0000 2017,"Timing is BAD for ""Network Event"" during this #XboxOneX release night. Will I be able to get my 4K content for my new #ProjectScorpio? @XboxSupport",1705787,"@516996 Hi there! For more info about this, Could you follow &amp; DM @Xboxsupport with your Gamertag &amp; some details? ^EZ",private_account_investigation,escalate,rule_assisted_needs_sample_review,connectivity_xbox_live,0.343,semantic_prototype_weak_label
1705806,1705806,200318,Mon Nov 06 20:55:30 +0000 2017,@XboxSupport i cant access my pins on xbox,1705805,@200318 Hi there! Let's see if a power cycle clears things up. Here's how: https://t.co/QENEhDawC3  ^BL,public_documentation,auto_handle_candidate,rule_assisted_needs_sample_review,account_access_profile,0.607,semantic_prototype_weak_label
1705825,1705825,517002,Mon Nov 06 20:32:57 +0000 2017,I think my xbox is broken😩,1705823,"@517002 Hello, thanks for reaching out to us. Can you DM us your gamertag and details of the issue you're seeing? ^CO",private_account_investigation,escalate,rule_assisted_needs_sample_review,account_access_profile,0.495,semantic_prototype_weak_label
1705825,1705824,517002,Mon Nov 06 22:36:59 +0000 2017,@XboxSupport Its working all fine now thanks,1705826,@517002 Glad to hear! Have a great rest of your day.  ^RR,general_or_unclear_reply,review_required,rule_assisted_needs_sample_review,account_access_profile,0.560,semantic_prototype_weak_label
1706513,1706513,517180,Mon Nov 06 20:37:49 +0000 2017,@XboxSupport I’m trying to make an account on Xbox and it keeps telling me that there is a problem?,1706512,"@517180 Hello, thanks for reaching out to us. Can you DM us your gamertag and any errors you're seeing? ^CO",private_account_investigation,escalate,rule_assisted_needs_sample_review,account_access_profile,0.707,semantic_prototype_weak_label
1708197,1708197,517634,Mon Nov 06 22:32:28 +0000 2017,@XboxSupport  im getting charged for minecraft and i have the game and a skin pack?,1708196,@517634 We'd be happy to look into this with you. Could you follow &amp; DM @Xboxsupport with your Gamertag &amp; some details? ^EZ,private_account_investigation,escalate,rule_assisted_needs_sample_review,billing_codes_refunds,0.396,semantic_prototype_weak_label
1710294,1710294,253314,Tue Nov 07 01:11:38 +0000 2017,@XboxSupport https://t.co/rcqdXmQeRE,1710292,"@253314 It should be listed just left of your enforcement actions. If you do not see a link there, you may not be eligible. ^CO",enforcement_review,escalate,rule_assisted_needs_sample_review,other_or_needs_context,0.459,semantic_prototype_weak_label
1715056,1715056,519416,Tue Nov 07 02:53:53 +0000 2017,@XboxSupport  If you pre ordered the xbox one x but not the scorpio edition will they still be shipped on release day.,1715055,@519416 Hello! Recommend reaching out to the retailer you pre-ordered from for more info on that.  ^RR,needs_more_context,escalate,rule_assisted_needs_sample_review,other_or_needs_context,0.336,semantic_prototype_weak_label
1715828,1715828,519628,Tue Nov 07 03:22:23 +0000 2017,@XboxSupport so i just started up my Xbox x and it's telling me my 4k TV doesn't support 4k,1715826,@519628 Hi there! Let's be sure to check out all the steps here: https://t.co/AMt4o7sWJq ^BL,public_documentation,auto_handle_candidate,rule_assisted_needs_sample_review,other_or_needs_context,0.389,semantic_prototype_weak_label
1715828,1715827,519628,Tue Nov 07 05:08:31 +0000 2017,"@XboxSupport Didn't help, just another Xbox support page telling me it's my fault when it's Microsofts fault",1715829,@519628 Could you send us the make and model of your TV? ^JS,general_or_unclear_reply,review_required,rule_assisted_needs_sample_review,account_access_profile,0.607,semantic_prototype_weak_label
1715833,1715833,519629,Tue Nov 07 01:53:27 +0000 2017,"@116549 I see many people with games like Forza 7, Assassin's Creed Origins with Xbox X enhancement patches yet I dont. What gives?",1715831,@519629 Hello! If you do not get the updates when you sign in and start the games on an Xbox One X please let us know.  ^RR,general_or_unclear_reply,review_required,rule_assisted_needs_sample_review,game_content_download,0.453,semantic_prototype_weak_label
1716332,1716332,519760,Mon Nov 06 21:39:17 +0000 2017,@XboxSupport ya se puede reservar el playerunknown's battlegrounds en argentina?,1716331,"@519760 Hello! We're an english support channel. If that's ok, we're happy to help! Or our chat can help: https://t.co/qSynA8s7TB ^CO",public_documentation,auto_handle_candidate,rule_assisted_needs_sample_review,game_content_download,0.273,semantic_prototype_weak_label
1716910,1716909,519896,Mon Nov 06 23:38:23 +0000 2017,"@XboxSupport I chatted to MS store support yesterday, they assured me the Scorpio would arrive today.
DHL states delivery as 13th Nov.

Which is correct?",1716908,@519896 Recommend reaching out to Microsoft Store Support for more info on that: https://t.co/jY7fDjBYTF ^RR,needs_more_context,escalate,rule_assisted_needs_sample_review,other_or_needs_context,0.278,semantic_prototype_weak_label
1718422,1718422,520307,Mon Nov 06 23:54:28 +0000 2017,@XboxSupport @115786 @160829 im pissed with your shitty ass system of keeping control of this shit i knew i shouldve got ps4,1718421,"@520307 Hi! Let's have you follow us, DM us your Gamertag, and some more info about what you're seeing: https://t.co/nPX1yNXCi5
 ^BL",private_account_investigation,escalate,rule_assisted_needs_sample_review,account_access_profile,0.385,semantic_prototype_weak_label
1719924,1719924,520597,Sun Nov 26 05:22:42 +0000 2017,Great 2 achievements not unlocking on The Turing Test! @XboxSupport @68997 man I'm loving the game but I hate it when this happens!,1719923,@520597 Hello! Let's try the steps here: https://t.co/BByT6wSNlH to see if that helps with your achievements.   ^RR,public_documentation,auto_handle_candidate,rule_assisted_needs_sample_review,safety_enforcement_security,0.228,semantic_prototype_weak_label
1719935,1719935,219681,Sun Nov 26 04:16:38 +0000 2017,"@XboxSupport @311271 is there way to find out how much more I have to spend in the xbox store to reach my next myVIP star rank? im more that 2/3 there, want to reach my next rank before it reset when the new year comes",1719933,@219681 Hi there! Your rewards information can be found here: https://t.co/0aotdP1YOf ^CO,public_documentation,auto_handle_candidate,rule_assisted_needs_sample_review,subscription_game_pass_gold,0.353,semantic_prototype_weak_label
1719935,1719934,219681,Sun Nov 26 06:07:57 +0000 2017,@XboxSupport doesn't give me an exact amount i have to spend,1719936,"@219681 We don't have insight into that here, however, you can always reach out to the Rewards team here: https://t.co/vIFYIJ4A6e for further assistance! ^BZ",public_documentation,auto_handle_candidate,rule_assisted_needs_sample_review,billing_codes_refunds,0.501,semantic_prototype_weak_label
1719947,1719947,520602,Sun Nov 26 05:01:03 +0000 2017,@XboxSupport I’m sorry but you guys need to get the Xbox one X to function after reset. I have to sit for 30 mins before it will power up,1719945,@520602 Hello! Let's try going through the steps here: https://t.co/ubO3t0CI9H to see if that helps with your console.   ^RR,public_documentation,auto_handle_candidate,rule_assisted_needs_sample_review,account_access_profile,0.523,semantic_prototype_weak_label
1719947,1719946,520602,Sun Nov 26 05:34:55 +0000 2017,"@XboxSupport I hard reset, did power cord plug ins and reset my router, the console just sucks. Had to restart about 7-8 times before I got picture",1719948,@520602 Do you have the console plugged into a wall outlet or a power strip? Is the console in a well-ventilated area?  ^RR,general_or_unclear_reply,review_required,rule_assisted_needs_sample_review,console_accessory_display,0.453,semantic_prototype_weak_label
1719947,1719949,520602,Sun Nov 26 05:50:29 +0000 2017,@XboxSupport It takes forever to reset and then I can’t play certain games,1719951,@520602 latest system update: https://t.co/aaMK3PfO1C On step 7 select:  Reset and keep my games &amp; apps  2 ^RR,public_documentation,auto_handle_candidate,rule_assisted_needs_sample_review,account_access_profile,0.558,semantic_prototype_weak_label
1719947,1719953,520602,Sun Nov 26 05:55:42 +0000 2017,@XboxSupport Already did that fixed my overwatch but not cod ww2,1719954,"@520602 Let's have you try reaching out to chat: https://t.co/aWWrMN54Vu support as they will be better equipped to assist you further.
 ^RR",public_documentation,auto_handle_candidate,rule_assisted_needs_sample_review,account_access_profile,0.360,semantic_prototype_weak_label
1719947,1719949,520602,Sun Nov 26 05:50:29 +0000 2017,@XboxSupport It takes forever to reset and then I can’t play certain games,1719952,@520602 Thanks for that! Let's have you try factory resetting your console to get it to redownload the  1 ^RR,public_troubleshooting,auto_handle_candidate,rule_assisted_needs_sample_review,account_access_profile,0.558,semantic_prototype_weak_label
1724249,1724249,521519,Tue Nov 07 02:53:28 +0000 2017,@115786 @115787 @XboxSupport that how you treat a person to been a Xbox live member for 10yr and a day one purchaser of Xbox 1.,1724244,"@521519 Hi there! Sorry to hear about that, if the console is out of warranty you would need to purchase a new power supply.  ^BL",repair_or_warranty_process,escalate,rule_assisted_needs_sample_review,other_or_needs_context,0.494,semantic_prototype_weak_label
1724252,1724252,521520,Tue Nov 07 02:26:00 +0000 2017,Feel like I'm not getting my Xbox one x tomorrow. #preordered821fromMSstore  @115786 @115787 @XboxSupport @115890,1724250,@521520 Hello. You will want to log in here to see if your purchase completed: https://t.co/Le750cpfL0 ^CO,public_documentation,auto_handle_candidate,rule_assisted_needs_sample_review,other_or_needs_context,0.407,semantic_prototype_weak_label
1724258,1724258,521522,Tue Nov 07 02:44:30 +0000 2017,@XboxSupport preordered Xbox One X Project Scorpio Edition online @135958 now at Microsoft Launch Party and treated with no love.,1724256,@521522 Hi there! Do you have a support question that we can help with tonight?  ^BL,general_or_unclear_reply,review_required,rule_assisted_needs_sample_review,other_or_needs_context,0.411,semantic_prototype_weak_label
1724569,1724568,142277,Tue Nov 07 03:15:34 +0000 2017,"@XboxSupport I know the email and all info, it just won't send me my reset code for either recovery emails",1724567,"@142277 Hello, thanks for reaching out to us. We recommend reaching out to the chat team here: https://t.co/qSynA8s7TB ^CO",specialist_handoff,escalate,rule_assisted_needs_sample_review,account_access_profile,0.615,semantic_prototype_weak_label
1724571,1724571,521613,Tue Nov 07 03:08:59 +0000 2017,"@XboxSupport So I'm getting little to no help on the phone with close to $100 in fraudulent charges,can you help?",1724570,"@521613 Hello, we don't have account access here. You would have to reach out to the chat or phone team for assistance. ^CO",specialist_handoff,escalate,rule_assisted_needs_sample_review,safety_enforcement_security,0.459,semantic_prototype_weak_label
1725026,1725026,348665,Tue Nov 07 02:46:45 +0000 2017,@123718 @XboxSupport  AC Origins keeps freezing &amp; still kicks me out of the game it not my console.,1725022,@348665 Hello! Let's try the steps here: https://t.co/mqOAlFhV0f to see if that helps with your game.  ^RR,public_documentation,auto_handle_candidate,rule_assisted_needs_sample_review,account_access_profile,0.486,semantic_prototype_weak_label
1726298,1726289,511441,Tue Oct 17 16:20:21 +0000 2017,@522098 @XboxSupport Troll,1726287,@511441 Hi there! Let's check out our guide here for this season pass code issue that you're seeing https://t.co/8z2kfgIEyk  ^TJ,public_documentation,auto_handle_candidate,rule_assisted_needs_sample_review,account_access_profile,0.416,semantic_prototype_weak_label
1726298,1726288,143148,Tue Oct 17 20:09:15 +0000 2017,@XboxSupport @511441 This is useless information...,1726290,@143148 Hi there! Could you try to use this code once more and see if you're able to redeem it? ^JS,public_troubleshooting,auto_handle_candidate,rule_assisted_needs_sample_review,other_or_needs_context,0.577,semantic_prototype_weak_label
1726298,1726291,143148,Tue Oct 17 20:19:43 +0000 2017,@XboxSupport And this is an issue with people who bought South Park TFBH gold edition season pass codes.,1726293,@143148 We definitely have been looking into this &amp; we heard it should be good now so if you can let us know how it looks that'll help us a lot! ^CW,general_or_unclear_reply,review_required,rule_assisted_needs_sample_review,subscription_game_pass_gold,0.462,semantic_prototype_weak_label
1726760,1726760,522232,Tue Nov 07 04:53:07 +0000 2017,@XboxSupport  Xbox one s stolen can it be blocked?,1726759,@522232 Hello! Recommend reaching out to your local law enforcement for further assistance.  ^RR,enforcement_review,escalate,rule_assisted_needs_sample_review,safety_enforcement_security,0.522,semantic_prototype_weak_label
1727320,1727320,230787,Tue Nov 07 05:25:39 +0000 2017,@ATVIAssist @115765 @116698 @69203 @XboxSupport @331893 @258765 @65346 https://t.co/lcxOCwesAW,1727318,"@230787 Greetings! Recommend reaching out to Activision Support here: https://t.co/upnsPjasnE so they can look into this further. 
 ^RR",public_documentation,auto_handle_candidate,rule_assisted_needs_sample_review,account_access_profile,0.399,semantic_prototype_weak_label
1727320,1727319,230787,Tue Nov 07 07:04:20 +0000 2017,@XboxSupport They do not respond,1727321,"@230787 It can take some time for their team to reply, but they would be best equipped to help with this. ^EZ",general_or_unclear_reply,review_required,rule_assisted_needs_sample_review,other_or_needs_context,0.538,semantic_prototype_weak_label
1739392,1739392,524943,Tue Nov 07 06:57:51 +0000 2017,Russian?! Help!! @141187 @119959 @123718 @XboxSupport @115786 https://t.co/4WxCmBV99E,1739391,@524943 Hi there! Let's try fully power cycling the console then try updating this game again. https://t.co/QENEhDawC3  ^TJ,public_documentation,auto_handle_candidate,rule_assisted_needs_sample_review,account_access_profile,0.289,semantic_prototype_weak_label
1741275,1741275,525332,Tue Nov 07 09:30:57 +0000 2017,FUCK Xbox 1 bro how does this shit take 2 hours to download a fucking game update that’s 2 Gigs and it’s still not done? @XboxSupport @115786,1741274,"@525332 Hi there! If you're seeing slow download issues on your end, we recommend the steps here https://t.co/hU7IFbIJib
 ^TJ",public_documentation,auto_handle_candidate,rule_assisted_needs_sample_review,game_content_download,0.492,semantic_prototype_weak_label
1742106,1742106,525511,Tue Nov 07 13:47:41 +0000 2017,@XboxSupport is anyone else having some startup issues on the #XboxOneX I’ve encountered some hiccups getting it to acknowledge commands.,1742105,@525511 DM us your Gamertag and clarify what the issue is that you're having so we can investigate?  2 ^BZ,private_account_investigation,escalate,rule_assisted_needs_sample_review,other_or_needs_context,0.482,semantic_prototype_weak_label
1742106,1742106,525511,Tue Nov 07 13:47:41 +0000 2017,@XboxSupport is anyone else having some startup issues on the #XboxOneX I’ve encountered some hiccups getting it to acknowledge commands.,1742107,@525511 Heyo! We'd like to Direct Message so we can collect some more information. Can you follow and  1 ^BZ,private_account_investigation,escalate,rule_assisted_needs_sample_review,other_or_needs_context,0.482,semantic_prototype_weak_label
1742117,1742117,525514,Tue Nov 07 11:28:58 +0000 2017,@XboxSupport help,1742116,"@525514 Hi there! We would be happy to help! Could you DM https://t.co/nPX1yNXCi5 us your Gamertag and a summary of your issue?
 ^JS",private_account_investigation,escalate,rule_assisted_needs_sample_review,account_access_profile,0.559,semantic_prototype_weak_label
1748323,1748323,527006,Tue Nov 07 05:22:14 +0000 2017,@XboxSupport I'd like someone to please help me get a refund. I spent $100 tonight and I'm frustrated.,1748322,"@527006 Hi, if you would like to inquire about a refund, you can reach out to our chat team here. https://t.co/sMM0hn9ycL
 ^RM",specialist_handoff,escalate,rule_assisted_needs_sample_review,account_access_profile,0.493,semantic_prototype_weak_label
1748351,1748351,153246,Tue Nov 07 05:35:41 +0000 2017,@XboxSupport can you play nba2k18 on your computer?,1748350,@153246 Hi there! You can play it on your PC https://t.co/BEPSmXSNCB but it is a separate game than the Xbox One version! ^JS,public_documentation,auto_handle_candidate,rule_assisted_needs_sample_review,other_or_needs_context,0.454,semantic_prototype_weak_label
1748361,1748361,527015,Tue Nov 07 11:58:56 +0000 2017,@XboxSupport ... So my Xbone gets an update on One X release date and then can't turn on any more.  Seems too convenient 😡,1748358,"@527015 We'd be happy to help, but we could use more info. Could you follow &amp; DM @Xboxsupport with your Gamertag &amp; some details?^EZ",private_account_investigation,escalate,rule_assisted_needs_sample_review,other_or_needs_context,0.458,semantic_prototype_weak_label
1749080,1749080,527198,Tue Nov 07 06:50:32 +0000 2017,"Yo @XboxSupport I have the Xbox One X set up and I can't install 4K content.  I'm Insider Preview Beta, when do I get the option?",1749076,"@527198 Hi there! Do you see the game you're trying to install 4k to here https://t.co/JJwrMTrWCH as ""available now"" ^JS",public_documentation,auto_handle_candidate,rule_assisted_needs_sample_review,game_content_download,0.377,semantic_prototype_weak_label
1749080,1749086,527198,Tue Nov 07 17:51:21 +0000 2017,@129763 @XboxSupport Well technically it's downloading currently,1749089,@527198 If you power cycle https://t.co/QENEhDawC3 your console and load Assassins Creed again does it prompt you to install it? ^JS,public_documentation,auto_handle_candidate,rule_assisted_needs_sample_review,account_access_profile,0.439,semantic_prototype_weak_label
1749080,1749091,527198,Tue Nov 07 20:32:15 +0000 2017,@XboxSupport I've done all three of the power cycle options and nothing prompts the 4K asset downloads.,1749092,"@527198 Thanks for that. To narrow this down, are you currently enrolled in the Xbox One Preview program?  ^TJ",general_or_unclear_reply,review_required,rule_assisted_needs_sample_review,how_to_product_information,0.318,semantic_prototype_weak_label
1749950,1749950,527397,Tue Nov 07 15:48:25 +0000 2017,Alright @XboxSupport...... Now my discs won't read. This time last year my network connection went down. Now this. #CmonMan,1749949,@527397 Hey there! Let's follow the guide here: https://t.co/kxEO26z6KY for more help with this! ^BZ,public_documentation,auto_handle_candidate,rule_assisted_needs_sample_review,other_or_needs_context,0.395,semantic_prototype_weak_label
1750911,1750911,527605,Tue Nov 07 13:31:45 +0000 2017,"... any chance I can get, say, Gears of War 4 free to show off my new 4K beast when it finally arrive as a ""sorry for that""? @XboxSupport :)",1750909,@527605 Reaching out to the live chat team to explore some possible options https://t.co/lUV7XYl61S 2/2 ^TJ,specialist_handoff,escalate,rule_assisted_needs_sample_review,game_content_download,0.328,semantic_prototype_weak_label
1750911,1750910,527605,Tue Nov 07 18:56:53 +0000 2017,"@XboxSupport Done that. Chat didn't really help, I need to contact @135958 but I can't find an emal or live chat option. Any hints?",1750912,@527605 Hi again! We'd recommend reaching out to the phone team directly here: https://t.co/v6fMwsE8YT  ^JA,public_documentation,auto_handle_candidate,rule_assisted_needs_sample_review,other_or_needs_context,0.457,semantic_prototype_weak_label
1750911,1750911,527605,Tue Nov 07 13:31:45 +0000 2017,"... any chance I can get, say, Gears of War 4 free to show off my new 4K beast when it finally arrive as a ""sorry for that""? @XboxSupport :)",1750913,"@527605 Hi there. Afraid we wouldn't be able to speculate about compensation on our end. For this, we recommend 1/2 ^TJ",general_or_unclear_reply,review_required,rule_assisted_needs_sample_review,game_content_download,0.328,semantic_prototype_weak_label
1751950,1751948,527826,Tue Nov 07 17:08:20 +0000 2017,@527827 @XboxSupport @117331 @117347 😂😂😂,1751946,"@527826 Hi there! Just to check, the console you're transferring from is not in standby mode and you are not playing a game on it? ^JS",general_or_unclear_reply,review_required,rule_assisted_needs_sample_review,account_access_profile,0.492,semantic_prototype_weak_label
1752853,1752853,528029,Tue Nov 07 16:01:15 +0000 2017,@XboxSupport 4k patches are not downloading on Xbox one X,1752851,"@528029 Hi, you can use this guide to check your console for any updates that are available https://t.co/s2DYfMOl9T. ^RM",public_documentation,auto_handle_candidate,rule_assisted_needs_sample_review,account_access_profile,0.353,semantic_prototype_weak_label
1754725,1754725,527016,Tue Nov 07 16:05:39 +0000 2017,@117331 hey how do you download the patch for enchanced games i cant find any downloads in my games and apps on my xbox one x,1754723,@527016 Thanks for reaching out! Could you power cycle https://t.co/QENEhDawC3 your console and see if you're able to download them? ^JS,public_documentation,auto_handle_candidate,rule_assisted_needs_sample_review,game_content_download,0.473,semantic_prototype_weak_label
1754725,1754724,527016,Tue Nov 07 19:10:01 +0000 2017,@XboxSupport Didnt work.,1754726,"@527016 Gotcha, when you start up a game from this list that says ""available"" https://t.co/JJwrMTrWCH does it prompt you to download? ^JS",public_documentation,auto_handle_candidate,rule_assisted_needs_sample_review,account_access_profile,0.501,semantic_prototype_weak_label
1755707,1755706,528705,Tue Nov 07 16:30:46 +0000 2017,@XboxSupport See some shops are selling it for release on the 12th but I'm not 💯% sure...i just want to know if I can buy a code for it anywhere,1755705,"@528705 We wouldn't be able to speculate on that, recommend reaching out to the publisher for info on that! ^JS",general_or_unclear_reply,review_required,rule_assisted_needs_sample_review,how_to_product_information,0.392,semantic_prototype_weak_label
1756776,1756763,528961,Tue Nov 07 20:36:18 +0000 2017,"@XboxSupport Hi, thanks for reaching out but I'm ok, currently waiting for a callback from your support team to arrange a Scorpio collection &amp; repair.",1756762,"@528961 Ahh OK, our phone team should be able to help with this as well. If any more Xbox support questions pop up let us know! ^EZ",general_or_unclear_reply,review_required,rule_assisted_needs_sample_review,account_access_profile,0.436,semantic_prototype_weak_label
1756776,1756765,528961,Tue Nov 07 17:41:26 +0000 2017,"@140736 @117331 @XboxSupport That's why I love the ""call me"" option. Just give them your number and they will call when available = no hold music 👍",1756764,"@528961 We'd be happy to help, but we could use more info. Could you follow &amp; DM @Xboxsupport with your Gamertag &amp; some details? ^EZ",private_account_investigation,escalate,rule_assisted_needs_sample_review,other_or_needs_context,0.465,semantic_prototype_weak_label
1757557,1757557,268345,Tue Nov 21 00:03:19 +0000 2017,@XboxSupport I just fixed it I had to reset my console but thanks for trying. Have a good night.,1757556,@268345 Glad that worked out for you! Let us know if we can help troubleshoot anything else. ^JL,public_troubleshooting,auto_handle_candidate,rule_assisted_needs_sample_review,account_access_profile,0.547,semantic_prototype_weak_label
1758429,1758428,529347,Tue Nov 07 16:50:28 +0000 2017,"@XboxSupport Oh my fault 730gb free, false advertising or what lol",1758427,@529347 Some storage space is reserved for essential functions. You can find more info on this here https://t.co/KnvMRASnLt ^JS,needs_more_context,escalate,rule_assisted_needs_sample_review,billing_codes_refunds,0.485,semantic_prototype_weak_label
1759965,1759965,529719,Tue Nov 07 22:50:33 +0000 2017,@141187 @XboxSupport @115786 why does the Roman Centurian pack cost money when it should be free to season pass holders?,1759964,@529719 Hi there! Can you DM https://t.co/nPX1yNXCi5 us your Gamertag so we can look into this more? ^JS,private_account_investigation,escalate,rule_assisted_needs_sample_review,subscription_game_pass_gold,0.464,semantic_prototype_weak_label
1759998,1759995,361519,Tue Nov 07 20:36:36 +0000 2017,"@XboxSupport Found out the problem, hdmi is 1.4 not 2.0. Thank you though.",1759994,@361519 No worries! Be sure to give us a shout if you have any other Xbox Support questions down the road.  ^TJ,general_or_unclear_reply,review_required,rule_assisted_needs_sample_review,other_or_needs_context,0.353,semantic_prototype_weak_label
1759998,1759998,361519,Tue Nov 07 18:11:22 +0000 2017,"@XboxSupport setting up Xbox one X but says my @236406 PB287Q doesn’t support 4K at 60hz when it actually does, am I doing something wrong?",1759997,@361519 Hi there! Could you go through the steps here https://t.co/AMt4o7sWJq for troubleshooting 4k? ^JS,public_documentation,auto_handle_candidate,rule_assisted_needs_sample_review,other_or_needs_context,0.374,semantic_prototype_weak_label
1762606,1762606,530331,Tue Nov 07 16:25:43 +0000 2017,Disc is unreadable? Where's the disc.@XboxSupport can you explain this? https://t.co/FEHRFlhVOm,1762605,@530331 DM us your Gamertag and clarify what the issue is that you're having so we can investigate?  2 ^BZ,private_account_investigation,escalate,rule_assisted_needs_sample_review,other_or_needs_context,0.478,semantic_prototype_weak_label
1762606,1762606,530331,Tue Nov 07 16:25:43 +0000 2017,Disc is unreadable? Where's the disc.@XboxSupport can you explain this? https://t.co/FEHRFlhVOm,1762607,@530331 Heyo! We'd like to Direct Message so we can collect some more information. Can you follow and  1 ^BZ,private_account_investigation,escalate,rule_assisted_needs_sample_review,other_or_needs_context,0.478,semantic_prototype_weak_label
1762729,1762727,246958,Tue Oct 17 22:01:08 +0000 2017,@XboxSupport I called support. It has begun to work. It's at 16 percent. It's my wireless network :/,1762726,"@246958 Gotcha, that definitely would do it. Glad you're able to get it working tho! ^JS",general_or_unclear_reply,review_required,rule_assisted_needs_sample_review,account_access_profile,0.439,semantic_prototype_weak_label
1762729,1762729,246958,Tue Oct 17 21:10:31 +0000 2017,"@XboxSupport Just got an Xbox One. Weak internet but finally got to ""Updating"" but it's doing NOTHING!! I'm at 0% of 3.7GB :( What to do??",1762728,@246958 Hey there. Sorry to hear about this. Can we get a pic of what you see at Settings&gt;Network Settings&gt;Detailed Network Stats? ^AK,public_troubleshooting,auto_handle_candidate,rule_assisted_needs_sample_review,connectivity_xbox_live,0.417,semantic_prototype_weak_label
1764867,1764867,530866,Tue Nov 07 19:01:05 +0000 2017,@XboxSupport aye thanks for the follow+,1764866,@530866 Gotcha. I'm afraid we wouldn't have those details here. You'd want to reach out to the GameStop for that info. ^AK,general_or_unclear_reply,review_required,rule_assisted_needs_sample_review,other_or_needs_context,0.524,semantic_prototype_weak_label
1764870,1764870,497516,Tue Nov 07 19:31:24 +0000 2017,@XboxSupport I can’t redeem my rewards in cod ww2 from major Howard I’m reaching out to u guys because Activision Support aren’t replying,1764868,"@497516 Thanks for reaching out! For more info about this, Could you follow &amp; DM @Xboxsupport with your Gamertag &amp; some details? ^EZ",private_account_investigation,escalate,rule_assisted_needs_sample_review,account_access_profile,0.415,semantic_prototype_weak_label
1765618,1765616,155398,Tue Nov 07 19:26:44 +0000 2017,@XboxSupport can you help?,1765615,@155398 Hi there! Which games are you looking to update? For more info on the enhanced games check: https://t.co/JJwrMTrWCH 1 ^JL,needs_more_context,escalate,rule_assisted_needs_sample_review,account_access_profile,0.584,semantic_prototype_weak_label
1766497,1766497,531217,Tue Nov 07 20:12:37 +0000 2017,"@XboxSupport Hi there, my Xbox One can't detect any wireless networks, even when inserted manually. Other devices work fine. Please help.",1766496,"@531217 Hi, you can use this guide to help resolve that issue https://t.co/WoHSFUYLLy. ^RM",public_documentation,auto_handle_candidate,rule_assisted_needs_sample_review,account_access_profile,0.380,semantic_prototype_weak_label
1769676,1769676,532047,Tue Nov 07 22:36:30 +0000 2017,"@157702 @XboxSupport  son una mierda pendejos, su sistema en linea es una pendejada igual que su consola, se traba su chingadera y luego ya no reconoce mi internet, matense alv",1769675,@532047 Hi there! We're actually an English speaking support channel. To continue in your native language you can here 1 ^JS,general_or_unclear_reply,review_required,rule_assisted_needs_sample_review,connectivity_xbox_live,0.315,semantic_prototype_weak_label
1772458,1772458,486530,Tue Oct 17 21:42:53 +0000 2017,"@XboxSupport I pre ordered Rogue Trooper Redux, but it didn't play and my Xbox told me to reinstall, now the game won't install at all. Help",1772456,"@486530 here https://t.co/K9uQAXh0DA and at step seven select ""Reset and keep my games &amp; apps""  2 ^JS",public_documentation,auto_handle_candidate,rule_assisted_needs_sample_review,other_or_needs_context,0.299,semantic_prototype_weak_label
1772458,1772457,486530,Tue Oct 17 22:48:56 +0000 2017,@XboxSupport Thank you! 😁👍🏽 https://t.co/iyq2QMvmBZ,1772459,"@486530 Just to clarify, are you no longer having this issue? ^JS",needs_more_context,escalate,rule_assisted_needs_sample_review,account_access_profile,0.411,semantic_prototype_weak_label
1772458,1772460,486530,Tue Oct 17 23:31:37 +0000 2017,"@XboxSupport Yes, Rogue Trooper Redux is downloading again. Thank you. 😁",1772461,@486530 Great to hear! Feel free to reach out should you have future Xbox Support questions! Happy Gaming :) ^JS,general_or_unclear_reply,review_required,rule_assisted_needs_sample_review,other_or_needs_context,0.277,semantic_prototype_weak_label
1772458,1772458,486530,Tue Oct 17 21:42:53 +0000 2017,"@XboxSupport I pre ordered Rogue Trooper Redux, but it didn't play and my Xbox told me to reinstall, now the game won't install at all. Help",1772462,@486530 Hi there! Could you try soft factory resetting your console by following the steps  1 ^JS,public_troubleshooting,auto_handle_candidate,rule_assisted_needs_sample_review,other_or_needs_context,0.299,semantic_prototype_weak_label
1777126,1777126,534001,Tue Nov 07 21:43:32 +0000 2017,@XboxSupport please fix the connection issues with the X,1777124,@534001 Heya! Can you describe what issues you are running into so we can help troubleshoot? ^JL,public_troubleshooting,auto_handle_candidate,rule_assisted_needs_sample_review,account_access_profile,0.542,semantic_prototype_weak_label
1777139,1777139,534004,Tue Nov 07 21:08:56 +0000 2017,@XboxSupport My original Xbox 1 turns itself on at about the same time everything for the past two nights I am on energy saving mode and NO Kinect attached any ideas why?????,1777136,"@534004 Hi there! Just to make sure, is your console plugged in a power strip or directly into a wall outlet? ^TJ",general_or_unclear_reply,review_required,rule_assisted_needs_sample_review,other_or_needs_context,0.346,semantic_prototype_weak_label
1777139,1777137,534005,Wed Nov 08 00:03:35 +0000 2017,@XboxSupport @534004 STOP IGNORING ME,1777140,"@534005 We'd be happy to help, but we could use more info. Could you follow &amp; DM @Xboxsupport with your Gamertag &amp; some details? ^EZ",private_account_investigation,escalate,rule_assisted_needs_sample_review,other_or_needs_context,0.480,semantic_prototype_weak_label
1777644,1777644,534139,Tue Nov 07 23:46:23 +0000 2017,"@XboxSupport power chord on X1X is bad, not working. Swapped in another one and X1X boots fine, can i swap for chord replacement at MS store?",1777643,"@534139 We'd be happy to help, but we could use more info. Could you follow &amp; DM @Xboxsupport with your Gamertag &amp; some details? ^EZ",private_account_investigation,escalate,rule_assisted_needs_sample_review,account_access_profile,0.364,semantic_prototype_weak_label
1778720,1778720,534430,Tue Nov 07 20:54:30 +0000 2017,"@XboxSupport just got my xbox1x scorpio edition and the controller that came with it quits working after a couple of minutes, what do I do?",1778718,@534430 That's not good! How are you powering the controller? Does is do this while wired? ^AK,general_or_unclear_reply,review_required,rule_assisted_needs_sample_review,account_access_profile,0.436,semantic_prototype_weak_label
1778720,1778719,534430,Sun Nov 12 23:36:02 +0000 2017,@XboxSupport I've tried batteries and rechargeable.  I had it plugged into console and it just quit again playing destiny 2.,1778721,"@534430 Hi again! Just to clarify, is the controller not syncing with the console: https://t.co/4BSSUrhPgG  ^JA",needs_more_context,escalate,rule_assisted_needs_sample_review,game_content_download,0.338,semantic_prototype_weak_label
1778720,1778722,534430,Mon Nov 13 04:33:00 +0000 2017,@XboxSupport Yes that is correct,1778723,@534430 Ahh OK. If you go through the steps in: https://t.co/4BSSUrhPgG does this help you to keep the controller connected? ^EZ,public_documentation,auto_handle_candidate,rule_assisted_needs_sample_review,other_or_needs_context,0.465,semantic_prototype_weak_label
1778720,1778724,534430,Tue Nov 14 21:26:19 +0000 2017,"@XboxSupport Yes, so far updating the controller worked,  thanks",1778725,@534430 Happy to hear that! Let us know if we can assist with any other troubleshooting. ^JL,public_troubleshooting,auto_handle_candidate,rule_assisted_needs_sample_review,other_or_needs_context,0.452,semantic_prototype_weak_label
1782108,1782104,535426,Tue Oct 17 23:15:39 +0000 2017,@XboxSupport @115786 Is there a way to get rid of it,1782106,@535426 I'm afraid not. You can always see if having people submit positive feedback counteracts the negative feedback. ^AK,general_or_unclear_reply,review_required,rule_assisted_needs_sample_review,account_access_profile,0.479,semantic_prototype_weak_label
1782108,1782108,535426,Tue Oct 17 21:39:10 +0000 2017,How is this possible if I don't message people or have a MIC to talk? @115786 @XboxSupport https://t.co/IZ7U9mDBjG,1782107,"@535426 @115786 Hi. I'm afraid we don't have any insight on rep details, as we're separate from the Enforcement team. To be sure you're covering ^AK",enforcement_review,escalate,rule_assisted_needs_sample_review,other_or_needs_context,0.348,semantic_prototype_weak_label
806711,806744,537590,Thu Oct 12 17:27:34 +0000 2017,@XboxSupport How about IW DLC4?,1789621,"@537590 Hey, the publisher posted this regarding that issue https://t.co/yAC1uD9JMk. We recommend following up with them for updates. ^RM",public_documentation,auto_handle_candidate,rule_assisted_needs_sample_review,how_to_product_information,0.408,semantic_prototype_weak_label
1789880,1789878,537667,Tue Oct 17 23:47:26 +0000 2017,@XboxSupport I know my password and email evertime I try to log in it says there was a trouble signing me in,1789877,"@537667 Gotcha, in this case, we recommend reaching out to our phone team https://t.co/lOCEiuUPdH so they can look into this more ^JS",public_documentation,auto_handle_candidate,rule_assisted_needs_sample_review,account_access_profile,0.798,semantic_prototype_weak_label
1789880,1789880,537667,Tue Oct 17 23:17:29 +0000 2017,@XboxSupport I can’t log into my account and I know my password,1789879,@537667 Howdy! Could you go through the steps here https://t.co/aCbkVejZGt to help with recovering your account information? ^JS,public_documentation,auto_handle_candidate,rule_assisted_needs_sample_review,account_access_profile,0.766,semantic_prototype_weak_label
1789890,1789888,537668,Tue Oct 17 23:51:56 +0000 2017,@302698 No does that work,1789887,"@537668 Hello, thanks for reaching out to us. Can you DM us your gamertag so we can look into this further?  ^CO",private_account_investigation,escalate,rule_assisted_needs_sample_review,other_or_needs_context,0.227,semantic_prototype_weak_label
1790395,1790395,292610,Sat Oct 28 23:52:57 +0000 2017,"@XboxSupport please help! Trying to get into my game but it says to sign in with account used when buying game which I did, and I have gold",1790394,@292610 &gt;power cycle https://t.co/c0rhsKO0Ni the console. Then sign back in and let us know.  2 ^BL,public_documentation,auto_handle_candidate,rule_assisted_needs_sample_review,account_access_profile,0.693,semantic_prototype_weak_label
1790395,1790395,292610,Sat Oct 28 23:52:57 +0000 2017,"@XboxSupport please help! Trying to get into my game but it says to sign in with account used when buying game which I did, and I have gold",1790396,@292610 Hi! Let's go ahead and remove: https://t.co/zJxn1EMf83 your profile from the console and then  1 ^BL,public_documentation,auto_handle_candidate,rule_assisted_needs_sample_review,account_access_profile,0.693,semantic_prototype_weak_label
1793016,1793016,538553,Tue Oct 17 23:41:17 +0000 2017,@xboxsupport there sees to be a small bug where if you pause and install and turn off and back on temporarily looks like it has fully instal,1793015,"@538553 We'd be happy to help, but we could use more info. Could you follow &amp; DM @Xboxsupport with your Gamertag &amp; some details? ^EZ",private_account_investigation,escalate,rule_assisted_needs_sample_review,other_or_needs_context,0.465,semantic_prototype_weak_label
1096944,1096944,147397,Fri Oct 13 20:41:51 +0000 2017,@XboxSupport Hey my Xbox controller’s left bumper isn’t working on gta I have to press it down hard to get my weapon wheel up,1096945,"@147397 Hey there, you can register your device here: https://t.co/v9YfjCym1O and check for warranty and repair options. If you have  1 ^XS",repair_or_warranty_process,escalate,rule_assisted_needs_sample_review,account_access_profile,0.376,semantic_prototype_weak_label
1803240,1803240,541844,Fri Oct 13 04:47:24 +0000 2017,@XboxSupport Hello there! In what category can I report an issue with the Fall Update for Xbox One?,1803239,"@541844 Hi, you can leave feedback here https://t.co/bT4nXPGGte. Let us know if you have any additional questions that we can assist with. ^RM",public_documentation,auto_handle_candidate,rule_assisted_needs_sample_review,other_or_needs_context,0.541,semantic_prototype_weak_label
1803762,1803761,541981,Wed Oct 18 01:11:19 +0000 2017,"@115786 @XboxSupport Example: there is no reason to keep updating the home screen layouts. They were fine how they were, ur just making them more complicated",1803760,"@541981 Heya! If you have any ideas or suggestions, we have a feedback page here: https://t.co/xzPtJXQjgy for just that.  ^JL",public_documentation,auto_handle_candidate,rule_assisted_needs_sample_review,other_or_needs_context,0.417,semantic_prototype_weak_label
1448453,1448462,535919,Sat Oct 28 23:50:49 +0000 2017,@XboxSupport I can't leave my party,1805294,@535919 That's certainly strange. Let's have you power down your console and unplug it for five full minutes. Did this help? ^CO,public_troubleshooting,auto_handle_candidate,rule_assisted_needs_sample_review,account_access_profile,0.466,semantic_prototype_weak_label
1448453,1805295,535919,Sun Oct 29 00:37:23 +0000 2017,"@XboxSupport YES, THANK YOU SO MUCH!!💚",1805296,"@535919 Awesome! Glad to hear it, have a great night!  ^BL",general_or_unclear_reply,review_required,rule_assisted_needs_sample_review,account_access_profile,0.444,semantic_prototype_weak_label
1811002,1811002,544097,Wed Oct 18 01:28:55 +0000 2017,@XboxSupport I just updated my Xbox and my notifications are not showing up. Any advice on what I can do?,1811001,@544097 Hmm. To be sure are you seeing your notifications when you check on the Xbox app or your messages on https://t.co/6DxzuMtRWi ? 1/2 ^IS,public_documentation,auto_handle_candidate,rule_assisted_needs_sample_review,account_access_profile,0.462,semantic_prototype_weak_label
1821095,1821091,167997,Wed Oct 18 02:59:36 +0000 2017,@129564 It’s brand new and my old 4tb never did it. None of my settings changed.  I would hate to change it. Half full already...,1821089,@167997 this specific drive is the issue. Are you able to test that on another console?  2 ^JL,general_or_unclear_reply,review_required,rule_assisted_needs_sample_review,billing_codes_refunds,0.078,semantic_prototype_weak_label
1821095,1821090,167997,Thu Oct 19 10:53:53 +0000 2017,@XboxSupport Unfortunately I can not. Is it the particular brand?,1821092,@167997 Hi! This link here should have some more insight regarding external drives for your Xbox One console https://t.co/qIQa3zcIzb ^TJ,public_documentation,auto_handle_candidate,rule_assisted_needs_sample_review,how_to_product_information,0.439,semantic_prototype_weak_label
1821095,1821091,167997,Wed Oct 18 02:59:36 +0000 2017,@129564 It’s brand new and my old 4tb never did it. None of my settings changed.  I would hate to change it. Half full already...,1821093,"@167997 Unfortunately, if your other drive did not function in this manner it does sound like  1 ^JL",general_or_unclear_reply,review_required,rule_assisted_needs_sample_review,billing_codes_refunds,0.078,semantic_prototype_weak_label
1451160,1451160,456755,Mon Oct 16 18:34:21 +0000 2017,"@XboxSupport hi, my x button is suddenly not worming on my controller, any help?",1451161,"@456755 Heya, let's start by power cycling your Xbox as outlined here: https://t.co/isBz4u1SxB while the Xbox is off, power cycle your  1 ^XS",public_documentation,auto_handle_candidate,rule_assisted_needs_sample_review,account_access_profile,0.363,semantic_prototype_weak_label
1822163,1822163,514559,Sun Oct 15 11:18:21 +0000 2017,@XboxSupport are the latest Xbox One controllers able to be paired with iOS devices via Bluetooth?,1822162,"@514559 Hello, this guide explains the Bluetooth compatibility of the Xbox One controllers with other platforms https://t.co/8P9kLtLprS. ^RM",public_documentation,auto_handle_candidate,rule_assisted_needs_sample_review,other_or_needs_context,0.359,semantic_prototype_weak_label
1829396,1829396,548978,Wed Oct 18 03:59:08 +0000 2017,"@XboxSupport I have this green screen. I have seen the YouTube fix for it.  Every time I hit the sync button it turns my controller off
Ty https://t.co/EEijfT44Ub",1829395,"@548978 Hello, thanks for reaching out to us. Can you DM us your gamertag so we can look into this further? ^CO",private_account_investigation,escalate,rule_assisted_needs_sample_review,account_access_profile,0.390,semantic_prototype_weak_label
1832235,1832235,549736,Wed Nov 08 00:18:44 +0000 2017,@xboxsupport The download for the update to my X1X is going super slow. It’s wired to my gigabit internet. 1% progress every few minutes.,1832234,"@549736 If not very far, let's power down the console and unplug it for about 5 mins then reboot and try again. 2 ^JL",public_troubleshooting,auto_handle_candidate,rule_assisted_needs_sample_review,other_or_needs_context,0.367,semantic_prototype_weak_label
1832235,1832235,549736,Wed Nov 08 00:18:44 +0000 2017,@xboxsupport The download for the update to my X1X is going super slow. It’s wired to my gigabit internet. 1% progress every few minutes.,1832236,@549736 Hi there! How far through that process have you gotten so far? 1 ^JL,general_or_unclear_reply,review_required,rule_assisted_needs_sample_review,other_or_needs_context,0.367,semantic_prototype_weak_label
1832239,1832239,202663,Wed Nov 08 01:50:09 +0000 2017,@XboxSupport Could you tell me if there is 4K content available for COD:WWII on the Xbox One X? I’ve checked my install and it doesn’t yet.,1832238,@202663 new console. Do you see an HDR slider when you launch the game for the first time?  2 ^JL,general_or_unclear_reply,review_required,rule_assisted_needs_sample_review,game_content_download,0.423,semantic_prototype_weak_label
1832239,1832239,202663,Wed Nov 08 01:50:09 +0000 2017,@XboxSupport Could you tell me if there is 4K content available for COD:WWII on the Xbox One X? I’ve checked my install and it doesn’t yet.,1832240,@202663 Heya! Let's launch the game and see if that content starts downloading it should be automatic on the  1 ^JL,general_or_unclear_reply,review_required,rule_assisted_needs_sample_review,game_content_download,0.423,semantic_prototype_weak_label
1832931,1832926,474649,Mon Oct 16 21:41:57 +0000 2017,@116540 Ok thank you for your help,1832924,@474649 @116540 If you have given it the 72 hrs and still nothing let's go through this page and fill out the survey if needed:  https://t.co/sjqdEQG7UY ^IS,public_documentation,auto_handle_candidate,rule_assisted_needs_sample_review,account_access_profile,0.190,semantic_prototype_weak_label
1852536,1852536,554409,Thu Oct 19 00:10:18 +0000 2017,@115786 @XboxSupport you people are like daylight saving time as soon as you get used to something you go and completely change it,1852534,@554409 @115786 We're sorry to hear about the frustration! We'd be happy to help with any questions in regards to the latest update. ^JA,general_or_unclear_reply,review_required,rule_assisted_needs_sample_review,other_or_needs_context,0.400,semantic_prototype_weak_label
1858911,1858911,555817,Thu Oct 19 05:01:31 +0000 2017,@XboxSupport I’m having problems with my chat don’t know if it’s xbox or my mic but my friends are always cutting in and out when they talk,1858910,"@555817 Hi there! To make sure, let's check out our guide here for this party chat audio issue that you're seeing https://t.co/E5H8Q4PnD0 ^TJ",public_documentation,auto_handle_candidate,rule_assisted_needs_sample_review,account_access_profile,0.454,semantic_prototype_weak_label
1866645,1866645,557654,Fri Oct 20 18:04:23 +0000 2017,@XboxSupport Why does my XBOX randomly come on? I'm not pressing the button on the console or stick. It randomly comes on.,1866644,@557654 Hi there! Can you check to see if your console is set to automatically update as it may be causing this https://t.co/7I0qTeJyAs  ^JS,public_documentation,auto_handle_candidate,rule_assisted_needs_sample_review,account_access_profile,0.427,semantic_prototype_weak_label
1866767,1866766,557686,Sat Oct 28 17:19:06 +0000 2017,@117353 ima tweet everyone yall tweet BC it's annoying with the frame issue or lag on xbox. Pls fix,1866765,"@557686 Need help with your game? Official Xbox Support here, send us a tweet and we can help. 
 ^RR",general_or_unclear_reply,review_required,rule_assisted_needs_sample_review,other_or_needs_context,0.429,semantic_prototype_weak_label
891152,891149,331594,Fri Oct 20 23:32:54 +0000 2017,@331595 @XboxSupport @39211 @39212 @39213 @331596 DEINE MUM PFEIFT IN DER KREISLIGA WARUM IST DAS SO LUSTIG 😂😂😂😂,891151,@331594 https://t.co/lUV7XYl61S . If you would like to continue in English Can you DM us your Gamertag and summary of your issue? 2 ^JS,private_account_investigation,escalate,rule_assisted_needs_sample_review,billing_codes_refunds,0.123,semantic_prototype_weak_label
1871192,1871186,200791,Thu Oct 19 22:32:23 +0000 2017,@XboxSupport XX alluZionZ XX,1871183,@200791 To be sure on this do you see any additionally email on your account that explains this? You want to check your junk/spam folders. 1/2 ^IS,general_or_unclear_reply,review_required,rule_assisted_needs_sample_review,account_access_profile,0.462,semantic_prototype_weak_label
1871192,1871184,200791,Fri Oct 20 01:27:04 +0000 2017,@XboxSupport the only other email I got was from a second ban I got while already banned(?) and I only have one account,1871187,@200791 Got it. To be sure are other profiles logged into the console seeing this? If so it may be a console ban: https://t.co/VxRqQmbLA1 . ^IS,public_documentation,auto_handle_candidate,rule_assisted_needs_sample_review,safety_enforcement_security,0.559,semantic_prototype_weak_label
1871192,1871190,200791,Thu Oct 19 17:11:22 +0000 2017,@197380 yea that didn't work🤷🏾‍♂️,1871189,@200791 What is your Gamertag? ^RM,private_account_investigation,escalate,rule_assisted_needs_sample_review,safety_enforcement_security,0.085,semantic_prototype_weak_label
1872576,1872576,559170,Fri Oct 20 02:29:26 +0000 2017,What’s with @115786 straight up destroying my network? @XboxSupport,1872575,"@559170 Oh no. What exactly is going on? Can you dm your GT and more specifics? Happy to take a look with you.  ^IS
 https://t.co/3ZhVDWszAk",public_documentation,auto_handle_candidate,rule_assisted_needs_sample_review,connectivity_xbox_live,0.490,semantic_prototype_weak_label
1885798,1885798,562484,Sun Oct 29 00:26:34 +0000 2017,@XboxSupport ¡help me please! https://t.co/TdbeaQMDA3,1885797,"@562484 Hello, thanks for reaching out to us. Can you DM us your gamertag and a translation of what the photo says? ^CO",visual_evidence_required,escalate,rule_assisted_needs_sample_review,account_access_profile,0.513,semantic_prototype_weak_label
1900516,1900516,566363,Mon Oct 23 22:26:51 +0000 2017,@XboxSupport i cannot get into my account.  DM me please for help.,1900515,@566363 Thanks for reaching out! Could you go through the steps here https://t.co/aCbkVejZGt to help with recovering your account information? ^JS,public_documentation,auto_handle_candidate,rule_assisted_needs_sample_review,account_access_profile,0.740,semantic_prototype_weak_label
1916418,1916418,434185,Thu Oct 26 03:46:19 +0000 2017,@XboxSupport its starting to get old now every time its a week left on my subscription I start getting kicked offline in the middle of games,1916417,@434185 That's strange! Are you using a wired connection? Can we get a pic of what you see at Settings&gt;Network Settings&gt;Detailed Network Stats? ^AK,public_troubleshooting,auto_handle_candidate,rule_assisted_needs_sample_review,account_access_profile,0.511,semantic_prototype_weak_label
1929547,1929547,124906,Tue Oct 31 21:29:40 +0000 2017,@XboxSupport Suddenly i cant access or se friends activity feed or screen captures.. why?,1929546,"@124906 Hey, try restarting your console with these steps https://t.co/Z4gqYJG4xh 
 ^RM",public_documentation,auto_handle_candidate,rule_assisted_needs_sample_review,account_access_profile,0.591,semantic_prototype_weak_label
1934431,1934430,575582,Wed Oct 18 07:27:13 +0000 2017,@XboxSupport I have DM my GamerTag!,1934428,@575582 Are you getting an error when you attempt to change your pic? ^RM,general_or_unclear_reply,review_required,rule_assisted_needs_sample_review,account_access_profile,0.484,semantic_prototype_weak_label
1937507,1937505,222782,Sun Nov 12 02:48:19 +0000 2017,@XboxSupport No I can see my friends there,1937503,"@222782 Alrighty, let's power down the console and unplug it for about 5 mins then reboot and try again. ^JL",public_troubleshooting,auto_handle_candidate,rule_assisted_needs_sample_review,account_access_profile,0.425,semantic_prototype_weak_label
1937507,1937507,222782,Sun Nov 12 02:29:12 +0000 2017,@XboxSupport why does my Xbox say I have no friends,1937506,@222782 Hi there. If you check here https://t.co/7Osu1VFDNE are you seeing the same thing? ^JL,public_documentation,auto_handle_candidate,rule_assisted_needs_sample_review,account_access_profile,0.514,semantic_prototype_weak_label
1938017,1938016,576501,Sat Oct 28 01:04:06 +0000 2017,@XboxSupport Like are you serious I am the one telling them to stop and your going to fucking ban me when they're bullying people with special needs,1938014,"@576501 We don't have any influence on suspensions, I'm afraid; if you like, you can submit a case review: https://t.co/JoGQTtB3Sp  ^BL",enforcement_review,escalate,rule_assisted_needs_sample_review,safety_enforcement_security,0.461,semantic_prototype_weak_label
1962335,1962333,581892,Mon Oct 30 23:36:45 +0000 2017,"@XboxSupport Well I preordered WW2 on the Xbox store but I want to upgrade to the digital deluxe edition, how do I do that without paying twice?",1962332,"@581892 Let's have you try reaching out to chat: https://t.co/aWWrMN54Vu support as they will be better equipped to assist you further.
 ^RR",public_documentation,auto_handle_candidate,rule_assisted_needs_sample_review,how_to_product_information,0.428,semantic_prototype_weak_label
1962335,1962335,581892,Mon Oct 30 18:01:40 +0000 2017,"@115766 for those who have preordered on Xbox store, is there any way to upgrade to digital deluxe? Or will it charge me twice?",1962334,"@581892 Hey there! Official Xbox Support here! If you ever have any questions, be sure to Tweet us and we'd be glad to help! ^BZ",general_or_unclear_reply,review_required,rule_assisted_needs_sample_review,billing_codes_refunds,0.416,semantic_prototype_weak_label
1963262,1963259,582109,Tue Oct 31 01:35:46 +0000 2017,@XboxSupport Yes I preloaded the game and everything and then Xbox sent me this message https://t.co/6dURATB3g8,1963258,"@582109 Let's have you try reaching out to chat: https://t.co/aWWrMN54Vu support as they will be better equipped to assist you further.
 ^RR",public_documentation,auto_handle_candidate,rule_assisted_needs_sample_review,other_or_needs_context,0.479,semantic_prototype_weak_label
1963262,1963262,582109,Tue Oct 31 01:02:32 +0000 2017,@XboxSupport Why does it say my payment failed can you fix this https://t.co/b2SLsl0e3F,1963261,@582109 Hi there! Are you able to confirm that you have enough on that device to cover the cost plus taxes?  ^BL,general_or_unclear_reply,review_required,rule_assisted_needs_sample_review,account_access_profile,0.590,semantic_prototype_weak_label
1963564,1963564,582185,Wed Oct 18 11:21:05 +0000 2017,"@XboxSupport hello guys, my Dashboard is completely buged https://t.co/uc4Xo2YF9t",1963563,@582185 Please DM: https://t.co/nPX1yNXCi5 your gamertag and whether you're enrolled in the Insider Preview program.  2 ^ZM,private_account_investigation,escalate,rule_assisted_needs_sample_review,other_or_needs_context,0.406,semantic_prototype_weak_label
1963564,1963564,582185,Wed Oct 18 11:21:05 +0000 2017,"@XboxSupport hello guys, my Dashboard is completely buged https://t.co/uc4Xo2YF9t",1963565,"@582185 Hi, please try apower cycle: https://t.co/QENEhDawC3 of your Xbox One console &amp; router. Any change?  1 ^ZM",public_documentation,auto_handle_candidate,rule_assisted_needs_sample_review,other_or_needs_context,0.406,semantic_prototype_weak_label
1963564,1963570,582185,Wed Oct 18 22:58:19 +0000 2017,@XboxSupport Yes...thank you!!!,1963571,@582185 Gotcha! Is everything up &amp; running on your end now? Want to make sure that you're taken care of.  ^TJ,general_or_unclear_reply,review_required,rule_assisted_needs_sample_review,account_access_profile,0.473,semantic_prototype_weak_label
1963564,1963572,582185,Thu Oct 19 00:11:08 +0000 2017,"@XboxSupport Yes, everything ok, Thank you guys!!!",1963573,@582185 Glad to hear! We hope you enjoy the rest of your day. :)  ^JA,general_or_unclear_reply,review_required,rule_assisted_needs_sample_review,other_or_needs_context,0.500,semantic_prototype_weak_label
1967922,1967919,583127,Wed Oct 18 00:47:14 +0000 2017,@115786 @XboxSupport everything that was installed. So I pressed it and uninstalled over 500GB+ worth of stuff. 2/2,1967918,@583127 can let our teams know what you would like to see changed here: https://t.co/Ub2WjDyEcS  2 ^FH,public_documentation,auto_handle_candidate,rule_assisted_needs_sample_review,account_access_profile,0.462,semantic_prototype_weak_label
1967922,1967919,583127,Wed Oct 18 00:47:14 +0000 2017,@115786 @XboxSupport everything that was installed. So I pressed it and uninstalled over 500GB+ worth of stuff. 2/2,1967921,"@583127 Thanks for the feedback! If you would like to see that format option changed, you  1 ^FH",general_or_unclear_reply,review_required,rule_assisted_needs_sample_review,account_access_profile,0.462,semantic_prototype_weak_label
1984371,1984371,587380,Sun Oct 29 01:22:39 +0000 2017,"@XboxSupport 
my wireless control of the xbox one does not connect nor by cable usb",1984369,@587380 Heya! Recommend trying the steps here: https://t.co/HtCyvLolGR to see if that helps with your controller.  ^RR,public_documentation,auto_handle_candidate,rule_assisted_needs_sample_review,account_access_profile,0.394,semantic_prototype_weak_label
2006826,2006826,593430,Wed Oct 18 16:19:30 +0000 2017,@XboxSupport I need assistance. 🙄,2006825,"@593430 Hi there. Do you have an Xbox related issue for us? If so, please DM us your Gamertag and a description of the issue. ^JL",private_account_investigation,escalate,rule_assisted_needs_sample_review,other_or_needs_context,0.527,semantic_prototype_weak_label
2018952,2018952,597075,Sat Nov 04 20:04:28 +0000 2017,Fix The WW2 Servers. They're down AGAIN.... @ATVIAssist @115765 @115766 @XboxSupport https://t.co/dwy6RHw7Xs,2018951,"@597075 Hi there! There's currently a service alert that can affect this https://t.co/dG2dbIAHPz for updates keep an eye there!
 ^JS",public_documentation,auto_handle_candidate,rule_assisted_needs_sample_review,account_access_profile,0.485,semantic_prototype_weak_label
2019363,2019363,507238,Sat Nov 04 20:00:10 +0000 2017,@116549 CoD WW2 servers down again? This sucks,2019362,"@507238 Hi there! There's currently a service alert that can affect this https://t.co/dG2dbIAHPz for updates keep an eye there!
 ^JS",public_documentation,auto_handle_candidate,rule_assisted_needs_sample_review,connectivity_xbox_live,0.360,semantic_prototype_weak_label
2021809,2021809,597946,Wed Oct 18 19:44:37 +0000 2017,@XboxSupport hi looking some help with my new guide as its not letting me go right because when I try go to the right it send me to the left,2021806,@597946 Hi there! Which screen are you seeing this on and which button/stick causes this? ^JL,general_or_unclear_reply,review_required,rule_assisted_needs_sample_review,account_access_profile,0.370,semantic_prototype_weak_label
2021809,2021807,597946,Wed Oct 18 21:36:44 +0000 2017,@XboxSupport It doesn't happen in game,2021810,@597946 Could you send us a video of what you are seeing? ^JL,visual_evidence_required,escalate,rule_assisted_needs_sample_review,account_access_profile,0.386,semantic_prototype_weak_label
2024652,2024652,594633,Wed Oct 18 20:03:54 +0000 2017,@XboxSupport I need help,2024651,@594633 Hi there! Mind sending us a direct message https://t.co/nPX1yNXCi5 with your Gamertag and a summary of the issue?  ^JA,private_account_investigation,escalate,rule_assisted_needs_sample_review,account_access_profile,0.541,semantic_prototype_weak_label
2028041,2028041,599721,Sun Oct 29 01:22:36 +0000 2017,@XboxSupport do you know when the patch of WWE 2k18!is going to be live? 🙂,2028040,@599721 Hello! Recommend reaching out to the game developer for more info on that.  ^RR,needs_more_context,escalate,rule_assisted_needs_sample_review,other_or_needs_context,0.322,semantic_prototype_weak_label
2038193,2038193,602658,Thu Oct 05 03:47:19 +0000 2017,"@XboxSupport setting up party chat on the Windows app, but it's saying my mic Sample Rate isn't supported. Do you know the min required?",2038192,"@602658 Can you share a picture of what your seeing? A bit confused but happy to take a look if you dm more details.  ^IS
 https://t.co/3ZhVDWKaYU",visual_evidence_required,escalate,rule_assisted_needs_sample_review,other_or_needs_context,0.426,semantic_prototype_weak_label
2040893,2040893,603450,Wed Nov 08 00:02:14 +0000 2017,"@XboxSupport I can’t redeem the 1 month game pass code I got with my Xbox one X?  It just takes me to your site and when I try to redeem it, it says “something went wrong”.",2040890,@603450 Thanks for the info! Do you currently have a Game Pass subscription? Have you had a trial in the past? That could affect this for sure.  ^CW,general_or_unclear_reply,review_required,rule_assisted_needs_sample_review,account_access_profile,0.530,semantic_prototype_weak_label
2040893,2040891,603450,Wed Nov 08 00:25:02 +0000 2017,@XboxSupport Yeah I have the free 2 week thing,2040894,"@603450 stack, and thus it would be best to give this code to a friend who has not tried it yet.  2 ^JL",general_or_unclear_reply,review_required,rule_assisted_needs_sample_review,billing_codes_refunds,0.416,semantic_prototype_weak_label
2040893,2040891,603450,Wed Nov 08 00:25:02 +0000 2017,@XboxSupport Yeah I have the free 2 week thing,2040895,@603450 Thanks for clarifying. If you have used the Game Pass trial before or have a subscription the trials will not  1 ^JL,needs_more_context,escalate,rule_assisted_needs_sample_review,billing_codes_refunds,0.416,semantic_prototype_weak_label
2040893,2040892,603451,Wed Nov 08 00:33:15 +0000 2017,@XboxSupport @603450 I’m having the same issue the person I called said it was an Active Xbox 360 gamepass code and said @115821 puts the codes in?,2040896,@603451 Hi there. Have you also used one of the trials in the past? Can you DM us your Gamertag so we can gather some info. ^JL,private_account_investigation,escalate,rule_assisted_needs_sample_review,account_access_profile,0.580,semantic_prototype_weak_label
2045131,2045131,604797,Sun Oct 29 01:30:53 +0000 2017,I is confused - - - not nov 3rd? @ATVIAssist @XboxSupport https://t.co/WrNMXPcJcW,2045130,"@604797 Hello, thanks for reaching out to us! This is the edition that will replace the pre-order edition after launch. ^CO",general_or_unclear_reply,review_required,rule_assisted_needs_sample_review,other_or_needs_context,0.463,semantic_prototype_weak_label
2047915,2047915,605634,Thu Nov 30 20:04:02 +0000 2017,@XboxSupport my Xbox Live isn’t working,2047914,@605634 Heya! Are you referring to a trial code? Keep in mind trial codes do not appear as subscriptions and only allow for online play. ^JL,general_or_unclear_reply,review_required,rule_assisted_needs_sample_review,account_access_profile,0.544,semantic_prototype_weak_label
2048503,2048503,605813,Wed Oct 18 09:09:11 +0000 2017,OK SO MY XBOX IS TOTALLY FUCKED FML,2048502,"@605813 Hi, what issue are you experiencing with the console? ^RM",general_or_unclear_reply,review_required,rule_assisted_needs_sample_review,account_access_profile,0.479,semantic_prototype_weak_label
2051437,2051437,606669,Wed Oct 18 22:17:53 +0000 2017,@XboxSupport starting last light I’m randomly getting UPnP unavailable with my Xbox one then a few hours later it functions properly.,2051436,@606669 a DM: https://t.co/nPX1yNG0Tv with your gamertag and a detailed summary of the issue you're experiencing?  2 ^ZM,private_account_investigation,escalate,rule_assisted_needs_sample_review,account_access_profile,0.446,semantic_prototype_weak_label
2051437,2051437,606669,Wed Oct 18 22:17:53 +0000 2017,@XboxSupport starting last light I’m randomly getting UPnP unavailable with my Xbox one then a few hours later it functions properly.,2051438,"@606669 Hi there, we'd like to help but could use more info. Can you please send us  1 ^ZM",needs_more_context,escalate,rule_assisted_needs_sample_review,account_access_profile,0.446,semantic_prototype_weak_label
2051445,2051445,241973,Thu Oct 05 18:55:13 +0000 2017,"Sighdidnt work any other suggestions, @XboxSupport https://t.co/OGwyIm0lkL",2051444,"@241973 Hi, allow up to 72 hours for the achievement to appear after you restart your console. here's more info https://t.co/moMGzpphVQ. ^RM",needs_more_context,escalate,rule_assisted_needs_sample_review,account_access_profile,0.482,semantic_prototype_weak_label
2054106,2054106,607512,Wed Oct 18 09:52:42 +0000 2017,"@115786 #XboxOneX preordered, to enjoy @141187 in 4K - Can't wait! 🤗",2054105,"@607512 Hi, happy to hear that you pre-ordered the Xbox One X. Have you seen this page on the new console https://t.co/6XPnahHdl0 ^RM",public_documentation,auto_handle_candidate,rule_assisted_needs_sample_review,other_or_needs_context,0.346,semantic_prototype_weak_label
2056003,2056003,608030,Wed Oct 18 11:05:24 +0000 2017,"@1480 Why can't we login to Xbox live on Latest Version?
The screen turn to black and exit back! Pls fix it for Us!We love Minecraft!",2056002,"@608030 Hi, would you be able to send us a picture of the issue you are experiencing ? ^RM",visual_evidence_required,escalate,rule_assisted_needs_sample_review,account_access_profile,0.583,semantic_prototype_weak_label
2062621,2062621,610005,Thu Oct 19 00:11:47 +0000 2017,"@XboxSupport I tried to switch from tv to a game and my xbox one is now at a black screen, I have unplugged it and power it back on and checked all the connections what next on how to troubleshoot",2062619,@610005 Hi there! Let's have you follow the steps in the guide here: https://t.co/r5EC2mQnd0  ^JA,public_documentation,auto_handle_candidate,rule_assisted_needs_sample_review,account_access_profile,0.395,semantic_prototype_weak_label
2062621,2062620,610005,Thu Oct 19 18:34:18 +0000 2017,@XboxSupport what does system e102 000000c12 80070079 mean?,2062622,@610005 We've got steps to help with that here: https://t.co/8yUclREAkc Can you try &amp; let us know what happens?  ^CW,public_documentation,auto_handle_candidate,rule_assisted_needs_sample_review,other_or_needs_context,0.525,semantic_prototype_weak_label
2062621,2062623,610005,Thu Oct 19 23:08:07 +0000 2017,@XboxSupport I got it to work,2062625,"@610005 Thanks for the update, glad to hear it is working for you now! If any more Xbox questions pop up we'll be here to help ^EZ",general_or_unclear_reply,review_required,rule_assisted_needs_sample_review,account_access_profile,0.532,semantic_prototype_weak_label
2068765,2068763,611786,Sun Oct 08 16:40:12 +0000 2017,@XboxSupport What up @117014,2068762,"@611786 Hey there, you can register your device here: https://t.co/v9YfjCym1O and check for warranty and repair options. If you have  1 ^XS",repair_or_warranty_process,escalate,rule_assisted_needs_sample_review,other_or_needs_context,0.477,semantic_prototype_weak_label
2068765,2068763,611786,Sun Oct 08 16:40:12 +0000 2017,@XboxSupport What up @117014,2068764,@611786 any issues getting this done please reach out to our phone team here: https://t.co/lUV7XYl61S for further assistance.  2 ^XS,public_documentation,auto_handle_candidate,rule_assisted_needs_sample_review,other_or_needs_context,0.477,semantic_prototype_weak_label
2069091,2069091,146980,Thu Oct 19 00:59:12 +0000 2017,"Why did you change the dashboard when it was great the way it was. It's terrible now 
@115786 @XboxSupport",2069090,@146980 Hey there. To leave this feedback so the proper teams can address your concerns let's post here: [feedack] . The teams 1/2 ^IS,general_or_unclear_reply,review_required,rule_assisted_needs_sample_review,other_or_needs_context,0.371,semantic_prototype_weak_label
2070750,2070750,612397,Mon Oct 09 00:40:42 +0000 2017,"@XboxSupport I've been wrongly accused of cheating, is there anyway I can clear my name and provide my explanation?",2070749,"@612397 We don't have any influence on suspensions, I'm afraid; if you like, you can submit a case review: https://t.co/JoGQTtB3Sp  ^BL",enforcement_review,escalate,rule_assisted_needs_sample_review,safety_enforcement_security,0.455,semantic_prototype_weak_label
269647,269647,180318,Fri Oct 06 00:42:20 +0000 2017,@XboxSupport I can't seem to find the quests section under games with gold. Any idea what I'm doing wrong?,269648,@180318 Hey there. Just checking in with you to see if you were able to locate the quest tile in the Games with Gold section. Let us know! ^AK,general_or_unclear_reply,review_required,rule_assisted_needs_sample_review,subscription_game_pass_gold,0.424,semantic_prototype_weak_label
2074142,2074139,613430,Thu Oct 19 01:10:35 +0000 2017,"@213651 With new update it’s different, found out how though. Thanks",2074137,@613430 Just let us know if you have any other support questions that we can assist with. :)  ^JA,general_or_unclear_reply,review_required,rule_assisted_needs_sample_review,other_or_needs_context,0.247,semantic_prototype_weak_label
2074142,2074138,613430,Thu Oct 19 02:21:06 +0000 2017,@XboxSupport Will do!,2074140,@613430 Cheers! :)  ^JA,general_or_unclear_reply,review_required,rule_assisted_needs_sample_review,account_access_profile,0.425,semantic_prototype_weak_label
2080195,2080195,615206,Mon Oct 09 20:02:15 +0000 2017,"@XboxSupport Trying to buy Cuphead on Xbox One (currently have a 20.31 account balance and the game is 19.99), keep getting this error: https://t.co/ZgCsNy0RwN",2080194,@615206 Depending on your region tax may exceed the 20.31 price. Can you dm your GT and let us know if this persist on https://t.co/6DxzuMtRWi ? ^IS,public_documentation,auto_handle_candidate,rule_assisted_needs_sample_review,account_access_profile,0.479,semantic_prototype_weak_label
2080909,2080909,615361,Mon Oct 09 11:43:54 +0000 2017,All I’m going to do is eat loads of fucking food and go on the Xbox that’s my life,2080908,"@615361 Sounds like a good time! If you run into any issues using the console, you can always reach out to us here for official Xbox support :) ^QZ",general_or_unclear_reply,review_required,rule_assisted_needs_sample_review,connectivity_xbox_live,0.362,semantic_prototype_weak_label
2089224,2089224,480327,Sat Nov 04 00:37:25 +0000 2017,@XboxSupport is World at War 2 ever going to work? Keep getting Xbox live errors and the following: https://t.co/ejh94hhFGr,2089222,@480327 Hi there! Activision is performing server maintenance. More info here: https://t.co/hHwSDE0fiJ  ^JA,needs_more_context,escalate,rule_assisted_needs_sample_review,other_or_needs_context,0.471,semantic_prototype_weak_label
2108896,2108896,622207,Wed Nov 08 03:33:34 +0000 2017,@XboxSupport My kinect isn't being recognized by xbox one x.  Can this be troubleshot the same as xbox one s?,2108895,"@622207 Oh no! Sorry to hear about that. Yes, you can troubleshoot the same: https://t.co/sj2g1Cca5C ^AK",public_documentation,auto_handle_candidate,rule_assisted_needs_sample_review,how_to_product_information,0.388,semantic_prototype_weak_label
2108902,2108898,622208,Wed Nov 08 15:06:58 +0000 2017,"@XboxSupport I followed those steps, as well as moved the console to the other side of the house, with same result on the Scorpio controller. Like I mentioned, my original XB1 controller paired up and continues to work.",2108900,"@622208 Gotcha. Since you're still seeing this issue after the steps in the guide we sent, we recommend 1/2 ^TJ",public_troubleshooting,auto_handle_candidate,rule_assisted_needs_sample_review,account_access_profile,0.307,semantic_prototype_weak_label
2108902,2108902,622208,Wed Nov 08 03:53:30 +0000 2017,"@XboxSupport my Scorpio Edition shipped with a bad controller - won't hold a connection w/ the console. Changed batteries, re-paired, and checked firmware. No improvement. Tried my old XB1 controller and it works fine.  What are my options?",2108899,@622208 Hi there! Just to clarify are there any other wireless devices that may be interfering with your controller? 1/2 ^JA,needs_more_context,escalate,rule_assisted_needs_sample_review,console_accessory_display,0.361,semantic_prototype_weak_label
2108908,2108908,622212,Wed Nov 08 03:52:51 +0000 2017,@XboxSupport @ATVIAssist @115754 @115765 @115766 Who do I contact about a return/refund? Definitely didn’t get what I paid for.,2108907,"@622212 Hi there! To discuss your refund options, let's have you reach out to the chat team here: https://t.co/MoIM62G9KX  ^JA",specialist_handoff,escalate,rule_assisted_needs_sample_review,billing_codes_refunds,0.519,semantic_prototype_weak_label
2108979,2108979,622225,Wed Nov 08 03:26:49 +0000 2017,Hey @XboxSupport Why don't the GamePass codes that ship in consoles work? I have two get the same error with both.,2108978,@622225 Hi there! Mind sending us a direct message https://t.co/nPX1yNXCi5 with your Gamertag so we can further assist?  ^JA,private_account_investigation,escalate,rule_assisted_needs_sample_review,account_access_profile,0.498,semantic_prototype_weak_label
2109021,2109019,468517,Wed Nov 08 02:59:46 +0000 2017,"@XboxSupport Actually, it looks like it’s working now. Thanks!",2109018,"@468517 Glad to hear! If you have any other support questions, just let us know.  ^JA",general_or_unclear_reply,review_required,rule_assisted_needs_sample_review,account_access_profile,0.482,semantic_prototype_weak_label
2109021,2109021,468517,Wed Nov 08 00:28:47 +0000 2017,@XboxSupport can’t seem to disable Cortana on the Xbox One X connected to the Kinect like I can on the XB1 S. Am I missing something?,2109020,@468517 Mind sending us a screen shot of what you are seeing on the console when you try to disable these settings?  ^JA,visual_evidence_required,escalate,rule_assisted_needs_sample_review,other_or_needs_context,0.310,semantic_prototype_weak_label
2112847,2112847,623045,Thu Jul 13 01:51:28 +0000 2017,@116549 igot cod blackops3 and the additional file doesnt get installed every time it hits99%it starts from the begining or says eror,2112845,@623045 Hi there! Do you have a digital or disc copy of the game? ^JL,general_or_unclear_reply,review_required,rule_assisted_needs_sample_review,game_content_download,0.206,semantic_prototype_weak_label
2112847,2112846,623045,Thu Oct 19 05:05:21 +0000 2017,@XboxSupport Disc copy,2112848,"@623045 Hi, did you try resetting your console using these steps? https://t.co/Z4gqYJG4xh ^RM",public_documentation,auto_handle_candidate,rule_assisted_needs_sample_review,how_to_product_information,0.444,semantic_prototype_weak_label
2112847,2112849,623045,Thu Oct 19 22:12:42 +0000 2017,@XboxSupport My console is the xbox 360 not the xbox one,2112850,"@623045 Alright, let's clear the console's cache: https://t.co/lWYI9SC3VD &amp; download profile: https://t.co/7fm5BxqPzN ^JL",public_documentation,auto_handle_candidate,rule_assisted_needs_sample_review,account_access_profile,0.539,semantic_prototype_weak_label
2114266,2114265,623355,Wed Nov 08 14:14:53 +0000 2017,"@XboxSupport So, I have not heard from support, but a 3rd party site had a less than ideal solution, but it worked for me. Reset origin console from the settings menu, but keep games and apps. It works.",2114264,@623355 Hi there. Apologies for the delay! We're glad to hear you were able to get it working! Let us know if you have any other Xbox Support questions! ^BZ,general_or_unclear_reply,review_required,rule_assisted_needs_sample_review,account_access_profile,0.409,semantic_prototype_weak_label
2114290,2114290,623363,Wed Nov 08 04:23:17 +0000 2017,"Well, my #XBOXoneX Scorpio edition lasted almost 2 hours. Not impressed @XboxSupport it just shut off and that's that. Too bad it took my copy of #SouthParkTheFracturedButtWhole with it. I could return it to @116090 but then I'll loose my ""scorpio edition"" and the game. Boooooo https://t.co/RZU5JKh8Tr",2114289,"@623363 Sorry to hear that! So we can help look into this further with you, can you DM us your gamertag please? https://t.co/nPX1yNG0Tv ^QZ",private_account_investigation,escalate,rule_assisted_needs_sample_review,account_access_profile,0.386,semantic_prototype_weak_label
2124014,2124009,625651,Wed Nov 08 18:20:10 +0000 2017,"@XboxSupport Well that's an entirely unhelpful answer. It used to be everyone got one free name change. I can't afford to spend that much just for a username change, even though my current GT causes me discomfort everytime I see it now.",2124011,"@625651 if you choose a custom Gamertag when you create your account, that counts as your free change.  2 ^BZ",general_or_unclear_reply,review_required,rule_assisted_needs_sample_review,safety_enforcement_security,0.280,semantic_prototype_weak_label
2124014,2124009,625651,Wed Nov 08 18:20:10 +0000 2017,"@XboxSupport Well that's an entirely unhelpful answer. It used to be everyone got one free name change. I can't afford to spend that much just for a username change, even though my current GT causes me discomfort everytime I see it now.",2124012,"@625651 To clarify, every account does get a free name change. What the previous agent was explaining is that  1 ^BZ",needs_more_context,escalate,rule_assisted_needs_sample_review,safety_enforcement_security,0.280,semantic_prototype_weak_label
2124014,2124014,625651,Wed Nov 08 17:48:31 +0000 2017,@XboxSupport what happened to the 'one free name change'? I've never changed my GT but it's still asking me for £8?,2124010,@625651 Hi there. You'll only be set for a free GT change if the GT that you currently have was auto generated by the 1/2 ^TJ,general_or_unclear_reply,review_required,rule_assisted_needs_sample_review,account_access_profile,0.392,semantic_prototype_weak_label
2129517,2129517,626853,Wed Nov 08 15:58:42 +0000 2017,"@XboxSupport I'm getting constant friend requests, game invites, party invites, messages etc and I need this to stop. Its all random people I've never heard of and it won't stop.",2129515,"@626853 console to change who can communicate with you with messages and invites to ""Friends only""?  2 ^ZM",general_or_unclear_reply,review_required,rule_assisted_needs_sample_review,safety_enforcement_security,0.390,semantic_prototype_weak_label
2129517,2129517,626853,Wed Nov 08 15:58:42 +0000 2017,"@XboxSupport I'm getting constant friend requests, game invites, party invites, messages etc and I need this to stop. Its all random people I've never heard of and it won't stop.",2129520,"@626853 Hi there, have you been able to customize your online privacy settings on your Xbox One  1 ^ZM",public_troubleshooting,auto_handle_candidate,rule_assisted_needs_sample_review,safety_enforcement_security,0.390,semantic_prototype_weak_label
2138369,2138369,628951,Wed Nov 08 18:36:47 +0000 2017,@XboxSupport @628952 @345697 hi am trying to find the ‘insects’ demo on the UK Store? Is it missing ?,2138368,@628951 Hi there! Are you part of the Insider program by on the new console? Do you mind DM'ing us your Gamertag? ^JL,private_account_investigation,escalate,rule_assisted_needs_sample_review,other_or_needs_context,0.311,semantic_prototype_weak_label
2138399,2138399,628959,Wed Nov 08 21:42:02 +0000 2017,"@XboxSupport Assassins Creed prompted for an update - didn’t seem to be downloading so I cancelled with the intention of starting it again. Instead of cancelling, it deleted the game?!? What the hell? I need to download a 42GB game again because of this...",2138398,@628959 Steps over in our guide here https://t.co/hU7IFbIJib 2/2  ^TJ,public_documentation,auto_handle_candidate,rule_assisted_needs_sample_review,game_content_download,0.418,semantic_prototype_weak_label
2138399,2138399,628959,Wed Nov 08 21:42:02 +0000 2017,"@XboxSupport Assassins Creed prompted for an update - didn’t seem to be downloading so I cancelled with the intention of starting it again. Instead of cancelling, it deleted the game?!? What the hell? I need to download a 42GB game again because of this...",2138400,"@628959 Hi there. Are you currently noticing slow download issues on both your game &amp; update? If so, let's try out the 1/2 ^TJ",public_troubleshooting,auto_handle_candidate,rule_assisted_needs_sample_review,game_content_download,0.418,semantic_prototype_weak_label
2138428,2138428,628962,Wed Nov 08 18:52:04 +0000 2017,"@XboxSupport ayuda en español? I need help, my gold account doesn't work Whit my brother account",2138427,"@628962 Hi there! We're best able to assist if we continue in English; would that be possible? If so, can you DM us your gamertag and more details on exactly what you need help with? https://t.co/nPX1yNG0Tv ^QZ",private_account_investigation,escalate,rule_assisted_needs_sample_review,account_access_profile,0.573,semantic_prototype_weak_label
2138442,2138442,628967,Wed Nov 08 17:34:11 +0000 2017,"@116543 @XboxSupport just got the X backup up my settings to externaldrive, but i couldn’t find the xbox insider app, how can i join again",2138440,@628967 Hi there! If you search for the app in the store what do you see? ^JL,general_or_unclear_reply,review_required,rule_assisted_needs_sample_review,account_access_profile,0.521,semantic_prototype_weak_label
2138469,2138469,628976,Wed Nov 08 17:42:35 +0000 2017,@XboxSupport is the starwars ea access trial available Now? It says It is but won't let me play,2138468,@628976 Hi there! Can you DM us your Gamertag and a photo of where you see it available?  ^JL,visual_evidence_required,escalate,rule_assisted_needs_sample_review,account_access_profile,0.383,semantic_prototype_weak_label
2138474,2138474,628978,Wed Nov 08 17:05:38 +0000 2017,"@XboxSupport Hey! You’re Xbox iPhone app can’t send och reply messages anymore. I’m on a iPhone 8 plus. iOS 11.0.3. And yes, I tried it on another iPhone 8 plus and yes I deleted the app and installed it again. Would really appreciate if you could fix this.",2138473,@628978 a fix. Thank you for your patience while we work to resolve this. Hang in there!  2 ^BZ,general_or_unclear_reply,review_required,rule_assisted_needs_sample_review,account_access_profile,0.373,semantic_prototype_weak_label
2138474,2138474,628978,Wed Nov 08 17:05:38 +0000 2017,"@XboxSupport Hey! You’re Xbox iPhone app can’t send och reply messages anymore. I’m on a iPhone 8 plus. iOS 11.0.3. And yes, I tried it on another iPhone 8 plus and yes I deleted the app and installed it again. Would really appreciate if you could fix this.",2138475,@628978 Thanks for reaching out to us! The proper teams are aware of the issue &amp; working on  1 ^BZ,general_or_unclear_reply,review_required,rule_assisted_needs_sample_review,account_access_profile,0.373,semantic_prototype_weak_label
2138474,2138476,628978,Wed Nov 08 21:21:51 +0000 2017,@XboxSupport Thanks!,2138477,"@628978 You bet! Thanks again for your patience, and if you see any changes on your end in the meantime, definitely let us know!  ^QZ",general_or_unclear_reply,review_required,rule_assisted_needs_sample_review,account_access_profile,0.482,semantic_prototype_weak_label
2138474,2138478,628978,Fri Nov 10 19:43:03 +0000 2017,@XboxSupport Thanks! The update works! GG,2138479,@628978 Glad to hear! Have a great rest of your day.  ^RR,general_or_unclear_reply,review_required,rule_assisted_needs_sample_review,account_access_profile,0.457,semantic_prototype_weak_label
2138502,2138502,628984,Wed Nov 08 17:25:35 +0000 2017,@XboxSupport ...so there's something awfully wrong with your servers lacking bandwidth. You need max speed when it's a 50gb download!,2138501,@628984 DM us your Gamertag and clarify what the issue is that you're having so we can investigate?  2 ^BZ,private_account_investigation,escalate,rule_assisted_needs_sample_review,connectivity_xbox_live,0.403,semantic_prototype_weak_label
2138502,2138502,628984,Wed Nov 08 17:25:35 +0000 2017,@XboxSupport ...so there's something awfully wrong with your servers lacking bandwidth. You need max speed when it's a 50gb download!,2138503,@628984 Heyo! We'd like to Direct Message so we can collect some more information. Can you follow and  1 ^BZ,private_account_investigation,escalate,rule_assisted_needs_sample_review,connectivity_xbox_live,0.403,semantic_prototype_weak_label
2142640,2142640,629986,Wed Nov 08 20:00:52 +0000 2017,@XboxSupport I preordered sonic forces for Xbox one and got the free shadow costume and i can see it in recents in my queue but not in game,2142639,@629986 Thanks for letting us know! Can you DM us your gamertag and a picture of where you're seeing it missing from? https://t.co/nPX1yNXCi5 ^QZ,visual_evidence_required,escalate,rule_assisted_needs_sample_review,billing_codes_refunds,0.326,semantic_prototype_weak_label
2142644,2142644,629987,Wed Nov 08 19:17:08 +0000 2017,@XboxSupport my controller keeps disconnecting for no reason,2142643,@629987 Sorry to hear about that! We'd recommend following the steps in the guide here: https://t.co/4BSSUrhPgG  ^JA,public_documentation,auto_handle_candidate,rule_assisted_needs_sample_review,account_access_profile,0.450,semantic_prototype_weak_label
2142658,2142656,629991,Wed Nov 08 19:24:25 +0000 2017,"@392542 @115786 @XboxSupport I use my kinect all the time, it was a massive step-up from the 360 version",2142654,"@629991 Hello, thanks for reaching out to us. Some voice commands require the ""Cortana"" command. ^CO",general_or_unclear_reply,review_required,rule_assisted_needs_sample_review,other_or_needs_context,0.407,semantic_prototype_weak_label
2146157,2146157,630908,Wed Nov 08 16:35:16 +0000 2017,@XboxSupport @115890 My #CoDWWII keeps closing by itself at random times HELP!!,2146156,@630908 can you please send us your gamertag and detailed network stats via DM: https://t.co/nPX1yNXCi5 ?  2 ^ZM,private_account_investigation,escalate,rule_assisted_needs_sample_review,account_access_profile,0.415,semantic_prototype_weak_label
2146157,2146157,630908,Wed Nov 08 16:35:16 +0000 2017,@XboxSupport @115890 My #CoDWWII keeps closing by itself at random times HELP!!,2146158,"@630908 Hi there, please try the steps here: https://t.co/ouleFx48g2 if you're experiencing game crashing issues. Also,  1 ^ZM",public_documentation,auto_handle_candidate,rule_assisted_needs_sample_review,account_access_profile,0.415,semantic_prototype_weak_label
2146229,2146229,630925,Wed Nov 08 16:03:47 +0000 2017,@XboxSupport hey I got a question my net type on my Xbox says open but when I get on like Call of Duty World War II or cod ghost and it says moderate how do I fix that,2146227,@630925 Hi there. Try the steps here: https://t.co/0zBS4AjUXl for help with NAT troubles.   ^ZM,public_documentation,auto_handle_candidate,rule_assisted_needs_sample_review,connectivity_xbox_live,0.415,semantic_prototype_weak_label
2146229,2146228,630925,Wed Nov 08 20:10:51 +0000 2017,@XboxSupport Hey my net type is open on my Xbox but when I get on a game on the game as moderate and then when I checked the Xbox is still open,2146230,"@630925 Hi, did you receive our last tweet about this? Please try these steps: https://t.co/0zBS4AjUXl to see if they can help. ^ZM",public_documentation,auto_handle_candidate,rule_assisted_needs_sample_review,account_access_profile,0.437,semantic_prototype_weak_label
2148259,2148259,631421,Wed Nov 08 20:53:05 +0000 2017,@XboxSupport hey my one x is LOUD! fans really going for it when playing games. Its sat flat on an open shelf! Thought these were whisper quiet???,2148258,@631421 Hey there! Mind sending us a video of the sound that you are hearing? 1/2  ^JA,visual_evidence_required,escalate,rule_assisted_needs_sample_review,other_or_needs_context,0.331,semantic_prototype_weak_label
2148325,2148325,631439,Wed Nov 08 20:09:30 +0000 2017,@XboxSupport Are there any known issues with XBOX one S / X playing 4K blurays? I get stuttering and colour flashes on Despicable me 3 and Fate of the furious.,2148321,"@631439 Hi there! Mind clarifying for us the make/model of your TV? Also, have you tested reinstalling the blu-ray app? ^JA",needs_more_context,escalate,rule_assisted_needs_sample_review,other_or_needs_context,0.383,semantic_prototype_weak_label
2148325,2148322,631439,Wed Nov 15 19:27:18 +0000 2017,@XboxSupport This is what I get when I play Ultra HD films @117331 @115786 https://t.co/CJnNaTZktn,2148326,@631439 @117331 @115786 Definitely no good. Can you share the info on the TV and if this persist on all Blu-rays? Also what all UHD films have you tried already? Finally can you dm your GT and TV Make and model? ^IS,general_or_unclear_reply,review_required,rule_assisted_needs_sample_review,other_or_needs_context,0.406,semantic_prototype_weak_label
2148325,2148327,631439,Wed Nov 15 21:32:19 +0000 2017,@XboxSupport @117331 @115786 It's a Panasonic TX50CX680B and I've only noticed it on despicable me 3 and Fast 8,2148328,@631439 Let's have you reach out to the chat team https://t.co/lUV7XYl61S to see if can explore the back end of this. ^JS,specialist_handoff,escalate,rule_assisted_needs_sample_review,other_or_needs_context,0.376,semantic_prototype_weak_label
2148331,2148331,631440,Wed Nov 08 20:15:07 +0000 2017,@XboxSupport @116549 @152374 @174471 @10076 @16766 how to do i check on the status of this existing request https://t.co/l8iIaJgNO1,2148330,"@631440 Hello, thanks for reaching out to us. We recommend checking with our chat team for an update https://t.co/qSynA8s7TB ^CO",specialist_handoff,escalate,rule_assisted_needs_sample_review,other_or_needs_context,0.454,semantic_prototype_weak_label
2157893,2157893,165786,Wed Nov 08 19:34:05 +0000 2017,@XboxSupport 4K HDR content via Netflix and BluRay app on the Xbox One x looks horribly washed out.  Have tried multiple settings and restarts and it still persists.  Is this an app or hardware issue?  Thx.,2157890,@165786 Hi there! Mind sending us a direct message so we can gather more info and further assist? ^JA,private_account_investigation,escalate,rule_assisted_needs_sample_review,other_or_needs_context,0.325,semantic_prototype_weak_label
2157916,2157916,633875,Thu Nov 09 02:45:47 +0000 2017,@XboxSupport I️ have not been able to select anything in my party for the last few days. Is this a known issue?,2157915,@633875 system update: https://t.co/aaMK3PfO1C On step 7 select:  Reset and keep my games &amp; apps.  2 ^JL,public_documentation,auto_handle_candidate,rule_assisted_needs_sample_review,account_access_profile,0.442,semantic_prototype_weak_label
2157916,2157916,633875,Thu Nov 09 02:45:47 +0000 2017,@XboxSupport I️ have not been able to select anything in my party for the last few days. Is this a known issue?,2157917,"@633875 Hiya! Let's have you try a factory reset, to get it to redownload the latest  1 ^JL",public_troubleshooting,auto_handle_candidate,rule_assisted_needs_sample_review,account_access_profile,0.442,semantic_prototype_weak_label
2157929,2157928,633880,Thu Nov 09 02:05:30 +0000 2017,@XboxSupport Also I can’t seem to change the length of my gold subscription from my Xbox one that keeps signing me out. It has sign me out three more times since I tweeted before with no support from anyone @XboxSupport,2157927,@633880 Hi there. Can you DM us your Gamertag and a picture of your network stats: Settings&gt;Network&gt;Network Settings&gt;Detailed Network Statistics? ^JL,visual_evidence_required,escalate,rule_assisted_needs_sample_review,account_access_profile,0.570,semantic_prototype_weak_label
2157936,2157932,633881,Thu Nov 09 01:54:53 +0000 2017,@XboxSupport Support is insisting I only bought the windows version and never bought the Xbox One but that's complete crap. They just can't figure out how my licences vanished off my account.,2157930,@633881 Hi there! Can you DM us your Gamertag and a photo of that order from this link https://t.co/ynh71OJwNH ^JL,visual_evidence_required,escalate,rule_assisted_needs_sample_review,account_access_profile,0.529,semantic_prototype_weak_label
2157941,2157941,633883,Thu Nov 09 02:15:05 +0000 2017,@XboxSupport is there a separate game download for Xbox One X enhanced games? I have 2 copies of CoD WW2 installed.,2157939,"@633883 Hello, thanks for reaching out to us. Can you DM us your gamertag and if you're seeing the update? ^CO",private_account_investigation,escalate,rule_assisted_needs_sample_review,game_content_download,0.462,semantic_prototype_weak_label
2157991,2157991,633900,Thu Nov 09 01:44:46 +0000 2017,"@6580 @XboxSupport Not sure which Dept to contact, but the Xbox App on Windows 10 freezes when it loads after the initial green screen. The activity page is froze. Cannot use the app.",2157990,@633900 Hiya Have you tested resetting the app? Mind sending us a DM https://t.co/nPX1yNXCi5 so we can further assist? ^JA,private_account_investigation,escalate,rule_assisted_needs_sample_review,account_access_profile,0.512,semantic_prototype_weak_label
2158013,2158013,633909,Thu Nov 09 00:53:54 +0000 2017,Having problems with responding to messages on the Xbox App. @xboxsupport,2158012,"@633909 Hello, thanks for reaching out to us! This is an issue we're aware of and have the proper teams looking into. ^CO",general_or_unclear_reply,review_required,rule_assisted_needs_sample_review,other_or_needs_context,0.570,semantic_prototype_weak_label
2158019,2158018,312257,Wed Nov 08 21:55:52 +0000 2017,@XboxSupport Actually I just restarted my Xbox and waited about a hour and it’s working now. Thank you for ur fast reply though:),2158017,"@312257 Excellent, we're glad to hear that you were able to get that straightened out! Let us know if you have any other issues. ^CO",general_or_unclear_reply,review_required,rule_assisted_needs_sample_review,account_access_profile,0.478,semantic_prototype_weak_label
2172821,2172820,637184,Sun Oct 29 03:12:12 +0000 2017,@115786 @115787 @15913 @126972 Make that 4 times now...,2172819,"@637184 Hey there. Not exactly sure what you mean here, friend. Can you clarify? ^AK",needs_more_context,escalate,rule_assisted_needs_sample_review,safety_enforcement_security,0.129,semantic_prototype_weak_label
2172850,2172850,637189,Sun Oct 29 03:18:28 +0000 2017,"I have a problem with a game i bought in March, Ultimate Marvel vs Capcom 3, it was fine, but now, it says i cant access @XboxSupport",2172849,@637189 Hello! Would you mind following us and sending a DM with your gamertag and a picture of the message you see?  ^RR,visual_evidence_required,escalate,rule_assisted_needs_sample_review,account_access_profile,0.541,semantic_prototype_weak_label
2181306,2181306,633874,Thu Nov 09 17:34:41 +0000 2017,My Xbox one x was dead out the box  . Would not power on. @115786 @xboxsupport https://t.co/DyE5mMj5UU,2181305,"@633874 Okay, sounds like you have Amazon already replacing the console. We do apologize for any inconvenience this may have caused you. ^XS",general_or_unclear_reply,review_required,rule_assisted_needs_sample_review,account_access_profile,0.542,semantic_prototype_weak_label
2181477,2181477,639148,Thu Nov 09 15:14:56 +0000 2017,@334200 ive got a TX-40EX600B and seem to be having problems with the hdr on xbox one x @xboxsupport  any help would be great thank you,2181474,"@639148 Hi there! Let's check out our guide here for this HDR issue that you're seeing https://t.co/5YET6VY9ob
 ^TJ",public_documentation,auto_handle_candidate,rule_assisted_needs_sample_review,other_or_needs_context,0.396,semantic_prototype_weak_label
2181477,2181475,639148,Thu Nov 09 19:02:42 +0000 2017,@XboxSupport It’s always pixelated blocky when it’s got white lights on Black I believe :/,2181478,"@639148 Hey there, we would recommend reporting this issue to the developer EA. ^XS",general_or_unclear_reply,review_required,rule_assisted_needs_sample_review,other_or_needs_context,0.373,semantic_prototype_weak_label
2188804,2188804,220082,Thu Nov 09 19:42:34 +0000 2017,@115890 @XboxSupport @15913 how can I have an Xbox one X with a USB 3 SSD (!?) tell me a game has taken too long to start and the only thing I can do is pull the plug and hope it boots up next time!?,2188803,@220082 Hi there! Could you DM us your Gamertag and some details about this issue you're running into? ^JS,private_account_investigation,escalate,rule_assisted_needs_sample_review,other_or_needs_context,0.338,semantic_prototype_weak_label
2188894,2188892,640897,Thu Nov 09 19:20:04 +0000 2017,@XboxSupport I did,2188891,@640897 Which Xbox do you have? ^XS,general_or_unclear_reply,review_required,rule_assisted_needs_sample_review,account_access_profile,0.456,semantic_prototype_weak_label
2188894,2188894,640897,Thu Nov 09 18:25:15 +0000 2017,"@XboxSupport why tf does my Xbox say "" this is disk is made for region 2 and this console is designed for region 1"" even though I live and bought the console in the UK????!? ( also it plays games bought in the U.K. Just fine....)",2188893,"@640897 your Gamertag? Please include verbatims of any error you are seeing. Also, include the name of the game.  2 ^XS",private_account_investigation,escalate,rule_assisted_needs_sample_review,other_or_needs_context,0.386,semantic_prototype_weak_label
2188908,2188908,630912,Thu Nov 09 17:19:43 +0000 2017,@XboxSupport messaged yesterday about having lag spikes on xbox one. you asked about connection and what games i did reply to that with my network statistics and games it happens on. any help from there would be great.,2188907,@630912 Thanks for reaching back out! Can you DM us your gamertag and a picture of what you see under Settings&gt;Network&gt;Detailed Network Statistics on the console? ^QZ,visual_evidence_required,escalate,rule_assisted_needs_sample_review,connectivity_xbox_live,0.470,semantic_prototype_weak_label
2188916,2188916,603172,Thu Nov 09 17:13:38 +0000 2017,"@XboxSupport still not got any solution for the problem which means my Grand Theft Auto still won’t start up and crashes at the screen. Been like this for ages now, other games work correctly and is saved internally.",2188914,"@603172 Thanks for reaching back out! If you remove your profile: https://t.co/zJxn1F3PZB then power cycle: https://t.co/hTDp5iN0fZ &amp; sign in again, any change? ^QZ",public_documentation,auto_handle_candidate,rule_assisted_needs_sample_review,account_access_profile,0.418,semantic_prototype_weak_label
2188916,2188915,603172,Thu Nov 09 20:36:05 +0000 2017,@XboxSupport Nope😕,2188917,"@603172 Let's try reinstalling the game, power cycling afterward, and let us know if that helps. ^CO",public_troubleshooting,auto_handle_candidate,rule_assisted_needs_sample_review,account_access_profile,0.463,semantic_prototype_weak_label
2188916,2188918,603172,Fri Nov 10 08:19:01 +0000 2017,@XboxSupport @XboxSupport I’ve already tried reinstalling the game. Nothing changed!,2188919,@603172 Known to help with game crashing issues https://t.co/ouleFx48g2 2/2 ^TJ,public_documentation,auto_handle_candidate,rule_assisted_needs_sample_review,account_access_profile,0.538,semantic_prototype_weak_label
2188916,2188918,603172,Fri Nov 10 08:19:01 +0000 2017,@XboxSupport @XboxSupport I’ve already tried reinstalling the game. Nothing changed!,2188920,"@603172 Gotcha. To make sure our bases are covered, let's try out the steps in our guide here which has been 1/2 ^TJ",public_troubleshooting,auto_handle_candidate,rule_assisted_needs_sample_review,account_access_profile,0.538,semantic_prototype_weak_label
2188894,2188894,640897,Thu Nov 09 18:25:15 +0000 2017,"@XboxSupport why tf does my Xbox say "" this is disk is made for region 2 and this console is designed for region 1"" even though I live and bought the console in the UK????!? ( also it plays games bought in the U.K. Just fine....)",2188895,"@640897 Hey there, can you please DM us with a full description of the issue you are having along with  1 ^XS",private_account_investigation,escalate,rule_assisted_needs_sample_review,other_or_needs_context,0.386,semantic_prototype_weak_label
2196874,2196871,354471,Fri Nov 10 01:17:54 +0000 2017,@XboxSupport Ps I started on a trial of gold but then added 1 month paidim not sure if the 1 month over rides the shitty trial,2196869,@354471 Thanks for that! Have you had Xbox Live Gold the entire time? Tenure only counts if you have Xbox Live Gold.   ^RR,general_or_unclear_reply,review_required,rule_assisted_needs_sample_review,subscription_game_pass_gold,0.472,semantic_prototype_weak_label
2196874,2196874,354471,Fri Nov 10 00:50:07 +0000 2017,@XboxSupport how come the number under my profile is gone from my profile the one that shows you how many years you have been on Xbox Live? I had a long break and am back for the one x with a free trial?,2196872,@354471 Hello! Would you mind letting us know your gamertag and sending a picture of what you see on your end?  ^RR,visual_evidence_required,escalate,rule_assisted_needs_sample_review,account_access_profile,0.470,semantic_prototype_weak_label
2197029,2197029,642725,Thu Nov 09 23:22:38 +0000 2017,@XboxSupport why are Xbox One’s so bad at playing Blu-Rays?,2197028,"@642725 Hi, can you direct message us and explain what issue you are experiencing? ^RM",private_account_investigation,escalate,rule_assisted_needs_sample_review,other_or_needs_context,0.408,semantic_prototype_weak_label
2197057,2197054,642731,Thu Nov 09 23:54:56 +0000 2017,@XboxSupport I have had an Xbox one for 3 years without a hint of an issue and Xbox 360 that's why I chose the Xbox one X,2197053,@642731 Please be sure to give us a shout! We'll be more than happy to help :) 2/2  ^TJ,general_or_unclear_reply,review_required,rule_assisted_needs_sample_review,other_or_needs_context,0.514,semantic_prototype_weak_label
2197057,2197057,642731,Thu Nov 09 23:27:18 +0000 2017,@15913 @135958 @115890 @117331 @XboxSupport after buying an Xbox one X it turned into a brick failed to power on and its not an isolated case I received a replacement but I have no confidence and treating replacement with kid gloves even opting to play old Xbox 1 https://t.co/H8MQZiErnU,2197056,@642731 Hi there! Is everything up &amp; running on your end with this new console? Be sure to keep us posted!  ^TJ,general_or_unclear_reply,review_required,rule_assisted_needs_sample_review,account_access_profile,0.445,semantic_prototype_weak_label
2197057,2197054,642731,Thu Nov 09 23:54:56 +0000 2017,@XboxSupport I have had an Xbox one for 3 years without a hint of an issue and Xbox 360 that's why I chose the Xbox one X,2197055,"@642731 Glad to hear that things are up &amp; running on your end! If you ever have any Xbox Support questions down the road, 1/2  ^TJ",general_or_unclear_reply,review_required,rule_assisted_needs_sample_review,other_or_needs_context,0.514,semantic_prototype_weak_label
2142640,2202215,643986,Fri Nov 10 08:12:07 +0000 2017,"@XboxSupport well that was a waste of time, did what you said and still don't have the costume",2202217,@643986 trying to access and to verify if the release date matches what is being presented in the store  https://t.co/ZKDcxgvSAb  2 ^RM,public_documentation,auto_handle_candidate,rule_assisted_needs_sample_review,account_access_profile,0.349,semantic_prototype_weak_label
2142640,2202215,643986,Fri Nov 10 08:12:07 +0000 2017,"@XboxSupport well that was a waste of time, did what you said and still don't have the costume",2202218,@643986 We would recommend reaching out to the game's publisher to gather more information on the availability on the DLC you are  1 ^RM,needs_more_context,escalate,rule_assisted_needs_sample_review,account_access_profile,0.349,semantic_prototype_weak_label
2142640,2202219,643986,Thu Nov 09 22:21:49 +0000 2017,"@XboxSupport but says the costume is available June next year, other consoles have it now",2202216,"@643986 I see. When you can, let's try uninstalling Sonic Forces, power cycle the console https://t.co/QENEhDawC3 then 1/2 ^TJ",public_documentation,auto_handle_candidate,rule_assisted_needs_sample_review,how_to_product_information,0.341,semantic_prototype_weak_label
2142640,2142642,643986,Thu Nov 09 18:40:46 +0000 2017,@629986 @XboxSupport did you get the issue resolved max? They seem to be ignoring me atm,2202220,@643986 Hello! Are you having trouble accessing this content after beating the avatars first stage? ^CO,general_or_unclear_reply,review_required,rule_assisted_needs_sample_review,account_access_profile,0.558,semantic_prototype_weak_label
2202237,2202237,643989,Thu Nov 09 22:11:45 +0000 2017,@XboxSupport hi there my brother in law's #XboxOneXScorpioEdition keeps powering down without warning. What's wrong with it??,2202236,@643989 Hello! Would you mind having them reach out to us or contact chat support here: https://t.co/aWWrMN54Vu ^RR,specialist_handoff,escalate,rule_assisted_needs_sample_review,other_or_needs_context,0.470,semantic_prototype_weak_label
2202251,2202251,643993,Thu Nov 09 21:35:14 +0000 2017,"@XboxSupport Does the One X support 4k pass through?
ie Direct 4k receiver to one X, to 4k TV. 
If not, can it be patched, or is it hardware issue. Thank you.",2202250,"@643993 Hello, thanks for reaching out to us. The Xbox One X does not have a 4K capable HDMI in port. ^CO",general_or_unclear_reply,review_required,rule_assisted_needs_sample_review,other_or_needs_context,0.350,semantic_prototype_weak_label
2202254,2202253,643994,Thu Nov 09 22:43:28 +0000 2017,@XboxSupport Without paying the full price again.,2202252,"@643994 In this case, let's have you check in with our chat team for some further assistance https://t.co/aWWrMN54Vu ^JL",specialist_handoff,escalate,rule_assisted_needs_sample_review,billing_codes_refunds,0.468,semantic_prototype_weak_label
2202301,2202301,644002,Thu Nov 09 21:44:31 +0000 2017,@XboxSupport can you stop banning me from Xbox live for trash talking please? It makes me really sad,2202300,@644002 if you are eligible for a case review you can do that there as well.  2 ^XS,enforcement_review,escalate,rule_assisted_needs_sample_review,safety_enforcement_security,0.492,semantic_prototype_weak_label
2202301,2202301,644002,Thu Nov 09 21:44:31 +0000 2017,@XboxSupport can you stop banning me from Xbox live for trash talking please? It makes me really sad,2202302,@644002 If you believe that your suspension was incorrectly levied against you please head over here: https://t.co/DKYj5dv910  1 ^XS,enforcement_review,escalate,rule_assisted_needs_sample_review,safety_enforcement_security,0.492,semantic_prototype_weak_label
2202341,2202340,644011,Thu Nov 09 20:21:58 +0000 2017,"@XboxSupport Never mind, seemed to have fixed the issue",2202339,@644011 Hi there! Could you power cycle https://t.co/QENEhDawC3 your console and see if your issue subsides? ^JS,public_documentation,auto_handle_candidate,rule_assisted_needs_sample_review,account_access_profile,0.551,semantic_prototype_weak_label
2209820,2209819,645956,Fri Nov 10 02:52:18 +0000 2017,@XboxSupport Does the console allow u to chat and play with friends who have the Xbox one?,2209818,"@645956 Hi there! The Xbox One family should allow you to chat, party up, and play with other family console owners.  ^JL",general_or_unclear_reply,review_required,rule_assisted_needs_sample_review,connectivity_xbox_live,0.462,semantic_prototype_weak_label
2209820,2209828,630926,Fri Nov 10 02:49:57 +0000 2017,"@XboxSupport Looks great on my TV, but I know at least one person who says that the HDR is very oversaturated on their TV.  TV appears to be similar to mine so not sure what's going on. One issue is that it's hard to share videos and captures as they look terrible on my PC and other devices",2209838,@630926 Hi there! Is your console color space set to PC RGB? ^JL,general_or_unclear_reply,review_required,rule_assisted_needs_sample_review,console_accessory_display,0.379,semantic_prototype_weak_label
2209820,2209821,645963,Fri Nov 10 02:38:15 +0000 2017,@XboxSupport Any timetable for 1440p support?,2209879,"@645963 Heya! If that is something you would like to see, you can let your voice be heard here: https://t.co/xzPtJXQjgy 
 ^RR",public_documentation,auto_handle_candidate,rule_assisted_needs_sample_review,other_or_needs_context,0.495,semantic_prototype_weak_label
2209927,2209926,645974,Fri Nov 10 01:22:57 +0000 2017,@XboxSupport @XboxSupport and now my #ProjectScorpio is stuck here. Can't click yes or no. I'm going to bed. https://t.co/UpuXVgMM67,2209925,"@645974 Hello, thanks for reaching out to us. When you get the opportunity, can you DM us more information? We're here to help. ^CO",private_account_investigation,escalate,rule_assisted_needs_sample_review,account_access_profile,0.400,semantic_prototype_weak_label
2215167,2215167,647272,Fri Nov 10 03:27:08 +0000 2017,@XboxSupport Hey can you help me with something,2215165,"@647272 Hi there. Do you have an Xbox related issue for us? If so, please DM us your Gamertag and a description of the issue. ^JL",private_account_investigation,escalate,rule_assisted_needs_sample_review,account_access_profile,0.545,semantic_prototype_weak_label
2215181,2215181,647276,Fri Nov 10 03:29:02 +0000 2017,@XboxSupport my friends Xbox one (original) will just randomly turn off when he is playing a game. And it won’t turn back on. He is really mad about this. Can u guys help us fix it???,2215180,@647276 Hello! Would you mind having them reach out to us on Twitter or contact chat support here: https://t.co/aWWrMN54Vu ^RR,specialist_handoff,escalate,rule_assisted_needs_sample_review,account_access_profile,0.455,semantic_prototype_weak_label
2209820,2209825,647280,Fri Nov 10 03:18:13 +0000 2017,@XboxSupport my tv don't support hdr just 4k so will I still have a good picture,2215197,@647280 Hello! If you have your console connected to the HDMI cable then you should be all good for gaming.   ^RR,general_or_unclear_reply,review_required,rule_assisted_needs_sample_review,other_or_needs_context,0.346,semantic_prototype_weak_label
2209820,2209826,647281,Fri Nov 10 03:17:01 +0000 2017,@XboxSupport My xbox one x won't eject disc?,2215200,@647281 Heya! Let's try and manuelly eject that disc the steps will be almost the same as here https://t.co/recdM2i4lc ^JL,public_documentation,auto_handle_candidate,rule_assisted_needs_sample_review,other_or_needs_context,0.395,semantic_prototype_weak_label
2218999,2218999,648214,Thu Oct 19 06:17:42 +0000 2017,@XboxSupport I need help ASAP,2218996,"@648214 Hey, how can we assist you? ^RM",general_or_unclear_reply,review_required,rule_assisted_needs_sample_review,other_or_needs_context,0.540,semantic_prototype_weak_label
2228600,2228600,459614,Thu Oct 19 07:44:57 +0000 2017,"@XboxSupport someone decided to use the email used on my daughters Xbox account for porn subscriptions, I need to change the email address",2228598,"@459614 Hi, you can go here to your account settings and change your settings. https://t.co/NtZHBWUOmj ^RM",public_documentation,auto_handle_candidate,rule_assisted_needs_sample_review,account_access_profile,0.546,semantic_prototype_weak_label
2232613,2232613,574027,Thu Oct 19 11:15:21 +0000 2017,"@XboxSupport is that true that xb one x will support mouse,keyboard for games?",2232612,@574027 Hi there! Afraid we wouldn't be able to speculate about this on our end. This link here should contain 1/2 ^TJ,general_or_unclear_reply,review_required,rule_assisted_needs_sample_review,other_or_needs_context,0.347,semantic_prototype_weak_label
2157893,2157895,651424,Fri Nov 10 08:01:13 +0000 2017,"@165786 @XboxSupport Same here, the PS4 pro is fine but the Xbox One X goes all dull",2232746,"@651424 Hey, you can use both these guides https://t.co/rT9c86dyF8 &amp; https://t.co/AMt4o7sWJq for more support on 4K viewing. ^RM",public_documentation,auto_handle_candidate,rule_assisted_needs_sample_review,other_or_needs_context,0.449,semantic_prototype_weak_label
2232765,2232765,651430,Fri Nov 10 08:13:10 +0000 2017,"@XboxSupport Thanks for the $5 Gift, im bringing it back to see if I can get one for my region! 😊 https://t.co/eqTJbwt33O",2232764,@651430 Hi there! Let's have you reach out to the chat team https://t.co/lUV7XYl61S to look into this for you! ^JS,specialist_handoff,escalate,rule_assisted_needs_sample_review,other_or_needs_context,0.329,semantic_prototype_weak_label
2232777,2232777,651434,Fri Nov 10 07:10:27 +0000 2017,@XboxSupport @130179 Congrats on the xbox x release. Where are the 4K movies on the AU Xbox store? Only HD and SD. Very disappointed!,2232776,"@651434 Hi, 4K movies are currently not available in your region. Check here for more news for new Xbox content https://t.co/zmHDmfaRg9 ^RM",public_documentation,auto_handle_candidate,rule_assisted_needs_sample_review,game_content_download,0.386,semantic_prototype_weak_label
2232813,2232813,651443,Fri Nov 10 03:55:41 +0000 2017,@XboxSupport my Xbox one just turned on by itself.. any reasonable understanding like an update or something like that? Only one remote. We’re all in the dining room when I heard the sound of it turning on...,2232812,"@651443 Hi there. Can you DM us your Gamertag? Also, do you have it set to energy saving mode or instant on? https://t.co/EVotJCdv5A ^BZ",private_account_investigation,escalate,rule_assisted_needs_sample_review,other_or_needs_context,0.446,semantic_prototype_weak_label
2209820,2209822,651453,Fri Nov 10 04:22:05 +0000 2017,@XboxSupport I had to figure out how to tell my tv to turn on HDR. But once done it works great.,2232881,"@651453 Hey, for clarification, is there anything we can assist you with? ^RM",general_or_unclear_reply,review_required,rule_assisted_needs_sample_review,other_or_needs_context,0.387,semantic_prototype_weak_label
2244417,2244417,654253,Fri Nov 10 23:10:45 +0000 2017,@130182 @XboxSupport After purchasing my Xbox One X I put all my content on a external drive and moves it over. My #WWE2K18 DOC is missing and I am unable to download it from the store as it says it's already installed. May I get help fixing this issue?,2244416,"@654253 Hi! Let's have you follow us, DM us your Gamertag, and some more info about what you're seeing: https://t.co/nPX1yNXCi5
 ^BL",private_account_investigation,escalate,rule_assisted_needs_sample_review,account_access_profile,0.295,semantic_prototype_weak_label
2244420,2244419,528706,Fri Nov 10 21:28:44 +0000 2017,@XboxSupport I guess no Star Wars battlefront or Sims 4 trials for me this weekend 😟 https://t.co/FV0fntAMMD,2244418,@528706 Hi there! We're sorry to hear about that. Would you mind sending us a direct message https://t.co/nPX1yNG0Tv with your Gamertag and the SR number provided by the phone/chat team? ^JA,private_account_investigation,escalate,rule_assisted_needs_sample_review,game_content_download,0.333,semantic_prototype_weak_label
2244437,2244434,654257,Fri Nov 10 21:13:49 +0000 2017,"@XboxSupport Yep it's fine, I'm just wondering if it may be an issue with my xbox or if there's something I could do to stop it from happening again ☺",2244432,"@654257 Does this issue occur with all games? Are your games installed on the internal drive, or do you have an external drive?  ^JA",general_or_unclear_reply,review_required,rule_assisted_needs_sample_review,account_access_profile,0.538,semantic_prototype_weak_label
2244437,2244433,654257,Fri Nov 10 23:37:05 +0000 2017,@XboxSupport It doesn't happen very often. All my games are installed internally and occasionally will start to buzz really loudly and proceed to crash..,2244435,@654257 Gotcha. That is definitely odd. Would you be able to send us a video of the buzzing sound that you are experiencing? ^JA,visual_evidence_required,escalate,rule_assisted_needs_sample_review,other_or_needs_context,0.327,semantic_prototype_weak_label
2244437,2244437,654257,Fri Nov 10 20:19:23 +0000 2017,@XboxSupport Do you know why the game will just randomly start vibrating and then go to the dashboard? Been happening for ages now,2244436,"@654257 Hiya! Just to clarify, have you tried the steps outlined here: https://t.co/ouleFx48g2 for this issue?  ^JA",needs_more_context,escalate,rule_assisted_needs_sample_review,other_or_needs_context,0.378,semantic_prototype_weak_label
2244448,2244448,654259,Fri Nov 10 22:23:01 +0000 2017,"What's up with @115766 on #Zombies for the @XboxSupport keeps crashing saying ""Request Command Error"" on local play... #Twice #WTF #Round12 #Round14",2244446,"@654259 We'd be happy to help, but we could use more info. Could you follow &amp; DM @Xboxsupport with your Gamertag &amp; some details? ^EZ",private_account_investigation,escalate,rule_assisted_needs_sample_review,other_or_needs_context,0.402,semantic_prototype_weak_label
2244484,2244484,409263,Fri Nov 10 20:58:20 +0000 2017,@115786 I can’t watch any of my video apps not even YouTube or@Hulu and @116602 wassup🤔got message saying servers #XboxLive is Down,2244482,@409263 us a picture of your detailed network stats? You can access them by following these steps https://t.co/5ilR2ag68a  2 ^RM,visual_evidence_required,escalate,rule_assisted_needs_sample_review,account_access_profile,0.491,semantic_prototype_weak_label
2244484,2244483,409263,Sat Nov 11 22:26:56 +0000 2017,@XboxSupport  https://t.co/Yb8FqYh88o,2244485,@409263 Thanks for that! Can you also send us a picture of what you see under Settings&gt;System&gt;Network Settings&gt;Your Network&gt;Network Statistics ?  ^QZ,visual_evidence_required,escalate,rule_assisted_needs_sample_review,other_or_needs_context,0.413,semantic_prototype_weak_label
2244484,2244486,409263,Sun Nov 12 21:40:06 +0000 2017,@XboxSupport This is the code as of late https://t.co/Zd7DZTrTEv,2244488,@409263 Thanks for that info. Please try the steps here: https://t.co/BpmtC9tVGY for that error code to see if they can help out with this. ^ZM,public_documentation,auto_handle_candidate,rule_assisted_needs_sample_review,other_or_needs_context,0.437,semantic_prototype_weak_label
2244484,2244484,409263,Fri Nov 10 20:58:20 +0000 2017,@115786 I can’t watch any of my video apps not even YouTube or@Hulu and @116602 wassup🤔got message saying servers #XboxLive is Down,2244489,"@409263 Hey, can you show us the message you received saying the servers were down and could you send  1 ^RM",general_or_unclear_reply,review_required,rule_assisted_needs_sample_review,account_access_profile,0.491,semantic_prototype_weak_label
2209820,2209835,654268,Fri Nov 10 19:37:57 +0000 2017,@XboxSupport Do I need to have high internet speed to run this console. Or will it affect my internet the same as the original Xbox one,2244502,@654268 use the console. Here is some more information about the new console https://t.co/w3u291GUxT.  2 ^RM,needs_more_context,escalate,rule_assisted_needs_sample_review,connectivity_xbox_live,0.486,semantic_prototype_weak_label
2209820,2209835,654268,Fri Nov 10 19:37:57 +0000 2017,@XboxSupport Do I need to have high internet speed to run this console. Or will it affect my internet the same as the original Xbox one,2244503,"@654268 The slow internet may affect download speeds, but you will still be able to  1 ^RM",general_or_unclear_reply,review_required,rule_assisted_needs_sample_review,connectivity_xbox_live,0.486,semantic_prototype_weak_label
2209820,2244504,654268,Fri Nov 10 23:16:47 +0000 2017,@XboxSupport So would I be better staying with my current Xbox. Or should it affect them the same. Because my family is worried about their internet buffering more due to this being a stronger console,2244507,@654268 We would not be able to speculate. You may want to contact your ISP to see if they have more information regarding this inquiry. ^RM,needs_more_context,escalate,rule_assisted_needs_sample_review,other_or_needs_context,0.480,semantic_prototype_weak_label
2244532,2244532,654275,Fri Nov 10 20:06:51 +0000 2017,@115787 @XboxSupport how do  i combine my screenshot? got a png and jxr file when i upload a 4k hdr screenshot picture to onedrive.,2244531,@654275 Hiya! Mind sending us a direct message https://t.co/nPX1yNXCi5 so we can gather more info and further assist?  ^JA,private_account_investigation,escalate,rule_assisted_needs_sample_review,other_or_needs_context,0.289,semantic_prototype_weak_label
2244622,2244617,476257,Fri Nov 10 21:36:19 +0000 2017,@XboxSupport I haven't been playing any other games,2244616,@476257 are unable to recommend reaching out to Activision Support here: https://t.co/upnsPjasnE so they can look into this further for you.  2 ^RR,public_documentation,auto_handle_candidate,rule_assisted_needs_sample_review,account_access_profile,0.503,semantic_prototype_weak_label
2244622,2244620,476257,Fri Nov 10 21:08:44 +0000 2017,@XboxSupport @XboxSupport https://t.co/Edp0ohd70p,2244619,"@476257 Thanks for that! Your network looks good, are you seeing this occur with any other games on Xbox Live?   ^RR",general_or_unclear_reply,review_required,rule_assisted_needs_sample_review,account_access_profile,0.469,semantic_prototype_weak_label
2244622,2244622,476257,Fri Nov 10 19:23:33 +0000 2017,After all the updates the servers are still bad matter of fact they're even worse @115754 @ATVIAssist @115765 @XboxSupport @115786,2244621,"@476257 Heya! Would you mind sending a picture of your network stats: Settings&gt;Network&gt;Network Settings&gt;Detailed Network Statistics
 ^RR",visual_evidence_required,escalate,rule_assisted_needs_sample_review,other_or_needs_context,0.417,semantic_prototype_weak_label
2244622,2244617,476257,Fri Nov 10 21:36:19 +0000 2017,@XboxSupport I haven't been playing any other games,2244618,@476257 Would you be able to try another game on Xbox Live multiplayer just to see if this still occurs? If you  1 ^RR,public_troubleshooting,auto_handle_candidate,rule_assisted_needs_sample_review,account_access_profile,0.503,semantic_prototype_weak_label
2244679,2244674,654301,Fri Nov 10 19:32:00 +0000 2017,@654302 I had to return her today. I just couldn’t do anything. The @XboxSupport was NO help and I’m almost positive that the wifi chip/card/reader inside the console is faulty. Kept signing me in &amp; out of live. It was unplayable 😞 I couldn’t get another limited 1/2,2244672,"@654301 Hey, could you direct message us and explain in detail what issue you are experiencing?
 ^RM",private_account_investigation,escalate,rule_assisted_needs_sample_review,account_access_profile,0.504,semantic_prototype_weak_label
2244679,2244673,654301,Fri Nov 10 23:32:18 +0000 2017,@XboxSupport I just DM’d you guys,2244675,"@654301 need support from us, we will be happy to engage with you and work to resolve any issues you experience. Have a good day.  4 ^RM",general_or_unclear_reply,review_required,rule_assisted_needs_sample_review,other_or_needs_context,0.411,semantic_prototype_weak_label
2244679,2244673,654301,Fri Nov 10 23:32:18 +0000 2017,@XboxSupport I just DM’d you guys,2244676,@654301 able to assist in getting your device scheduled for a repair. Thank you for sharing your experience with us and in the future if you  3 ^RM,repair_or_warranty_process,escalate,rule_assisted_needs_sample_review,other_or_needs_context,0.411,semantic_prototype_weak_label
2244679,2244673,654301,Fri Nov 10 23:32:18 +0000 2017,@XboxSupport I just DM’d you guys,2244677,"@654301 would be happy to work with you with the troubleshooting steps that we know of. Also, if anything fails to be resolved, we would be  2 ^RM",public_troubleshooting,auto_handle_candidate,rule_assisted_needs_sample_review,other_or_needs_context,0.411,semantic_prototype_weak_label
2244679,2244673,654301,Fri Nov 10 23:32:18 +0000 2017,@XboxSupport I just DM’d you guys,2244678,"@654301 Hey, we are extremely sorry for your experience with the new console. If you are to purchase a new console and experience an issue, we  1 ^RM",general_or_unclear_reply,review_required,rule_assisted_needs_sample_review,other_or_needs_context,0.411,semantic_prototype_weak_label
2245752,2245752,540653,Thu Oct 19 12:19:07 +0000 2017,@XboxSupport Any word on a fix for the #StrangerThings blu-ray playback?,2245751,"@540653 Hi, it is a known issue that is being looked into. We appreciate your patience and stay tuned for updates. ^RM",general_or_unclear_reply,review_required,rule_assisted_needs_sample_review,other_or_needs_context,0.451,semantic_prototype_weak_label
2245764,2245762,214874,Thu Oct 19 07:42:39 +0000 2017,"this is kind of an eyesore, any reason why it hasn't updated @XboxSupport",2245761,@214874 Hi there. Not quite sure what you mean. Can you DM us your Gamertag and clarify what you're having trouble with? ^BZ,private_account_investigation,escalate,rule_assisted_needs_sample_review,other_or_needs_context,0.517,semantic_prototype_weak_label
2249592,2249592,655477,Fri Nov 10 18:41:35 +0000 2017,"@XboxSupport Just got an Xbox One X, but when I watch UHD Blurays in HDR, blacks appear grey. Connected through a Denon X7200WA for Dolby Atmos, to my LG E6 OLED TV. Latest firmware for everything. Hope you can advise me!",2249590,@655477 You're watching a Blu-Ray movie or do you also see this issue when you're playing a game? 2/2 ^TJ,general_or_unclear_reply,review_required,rule_assisted_needs_sample_review,other_or_needs_context,0.305,semantic_prototype_weak_label
2249592,2249592,655477,Fri Nov 10 18:41:35 +0000 2017,"@XboxSupport Just got an Xbox One X, but when I watch UHD Blurays in HDR, blacks appear grey. Connected through a Denon X7200WA for Dolby Atmos, to my LG E6 OLED TV. Latest firmware for everything. Hope you can advise me!",2249593,"@655477 Hi there! We'd be happy to help with this. To narrow this down, do you only notice this screen issue when 1/2 ^TJ",general_or_unclear_reply,review_required,rule_assisted_needs_sample_review,other_or_needs_context,0.305,semantic_prototype_weak_label
2249597,2249595,655478,Fri Nov 10 18:58:02 +0000 2017,@655479 @115890 @88521 @XboxSupport @115786 I was discussing this for an hour yesterday and asked for the transcript of the chat to be sent to me for use if needed as well.,2249594,"@655478 Hey, could you direct message us and explain in detail what issue you are experiencing?
 ^RM",private_account_investigation,escalate,rule_assisted_needs_sample_review,other_or_needs_context,0.459,semantic_prototype_weak_label
2249649,2249649,655493,Fri Nov 10 17:09:29 +0000 2017,"Just had a typically excellent @XboxSupport call. unable to fix my issue, the rep said im not going to get in a debate with you and hung up",2249648,@655493 Thanks for reaching out! So we can troubleshoot could you follow &amp; DM @Xboxsupport with your Gamertag &amp; some details? ^EZ,private_account_investigation,escalate,rule_assisted_needs_sample_review,other_or_needs_context,0.581,semantic_prototype_weak_label
2249661,2249660,655496,Fri Nov 10 16:21:52 +0000 2017,@XboxSupport Fixed it I had to pull out the cables,2249659,"@655496 Okay, we are happy to hear you were able to get the issue resolved. Enjoy your day. ^RM",general_or_unclear_reply,review_required,rule_assisted_needs_sample_review,account_access_profile,0.485,semantic_prototype_weak_label
2258358,2258358,411883,Fri Nov 10 23:41:36 +0000 2017,"@657672 why is the game not working on xbox, downloaded the founder pack and it says game is not available",2258357,@411883 Hello! Looks as if this is something the game developers are currently looking into: https://t.co/0QZSSJFNtH ^RR,public_documentation,auto_handle_candidate,rule_assisted_needs_sample_review,account_access_profile,0.485,semantic_prototype_weak_label
2258367,2258367,657675,Sat Nov 11 00:21:52 +0000 2017,@XboxSupport just bought an Xbox x... Are there separate downloads I have to get to get the enhanced versions of games?,2258364,@657675 Hello! Once you start the games u[p on your Xbox One X you should be prompted for the updates if they are Xbox One X Enhanced.   ^RR,general_or_unclear_reply,review_required,rule_assisted_needs_sample_review,how_to_product_information,0.492,semantic_prototype_weak_label
2258443,2258443,657690,Fri Nov 10 22:46:09 +0000 2017,@XboxSupport uhh I was playing and my Xbox one power brick made a pop noise and it won't work...please don't tell me I have to buy another..,2258442,@657690 Hello! Recommend trying the steps here: https://t.co/lGymrQ6s3v to get your console to power on.   ^RR,public_documentation,auto_handle_candidate,rule_assisted_needs_sample_review,other_or_needs_context,0.412,semantic_prototype_weak_label
2264000,2264000,441028,Sat Nov 11 02:47:18 +0000 2017,"@XboxSupport Why is my XBox suddenly running so slow? SlingTV, Games, main menu..",2263998,"@441028 Greetings! Let's have you try resetting your router/modem and power cycling: https://t.co/QENEhDawC3 to see if that helps. 
 ^RR",public_documentation,auto_handle_candidate,rule_assisted_needs_sample_review,connectivity_xbox_live,0.408,semantic_prototype_weak_label
2264000,2263999,441028,Sat Nov 11 05:47:41 +0000 2017,"@XboxSupport Yep, I did all of that.. same result.",2264001,@441028 You can refer to this guide for support with your console's slow performance https://t.co/V7zkU82Skh. ^RM,public_documentation,auto_handle_candidate,rule_assisted_needs_sample_review,account_access_profile,0.457,semantic_prototype_weak_label
2264089,2264089,519757,Sat Nov 11 03:37:49 +0000 2017,@XboxSupport Ive been trying to change the email on my account for like 3 years. can someone PLEASE from tech support just change my email. I don't have access to the one on file,2264088,@519757 out to the chat team here: https://t.co/lUV7XYl61S to look into some possible options with you.  2 ^BL,specialist_handoff,escalate,rule_assisted_needs_sample_review,account_access_profile,0.588,semantic_prototype_weak_label
2264089,2264089,519757,Sat Nov 11 03:37:49 +0000 2017,@XboxSupport Ive been trying to change the email on my account for like 3 years. can someone PLEASE from tech support just change my email. I don't have access to the one on file,2264090,@519757 Hi there! We are not able to change that here on Twitter support. You can reach  1 ^BL,general_or_unclear_reply,review_required,rule_assisted_needs_sample_review,account_access_profile,0.588,semantic_prototype_weak_label
2269245,2269245,660341,Thu Oct 19 17:05:28 +0000 2017,@XboxSupport  changed my password and everything but this keeps happening ? #XboxHelp https://t.co/D966DiyeMv,2269244,@660341 Hi there! Let's check out our guide here for this install issue that you're seeing https://t.co/00Je7xRjEf  ^TJ,public_documentation,auto_handle_candidate,rule_assisted_needs_sample_review,account_access_profile,0.655,semantic_prototype_weak_label
2269264,2269264,660345,Thu Oct 19 16:47:35 +0000 2017,"@XboxSupport Hi, I'm facing this problem with my Xbox One, message code: 0x80040506
The screen suddenly became black!
Help me please!",2269263,"@660345 Hi there! We'd be happy to help with this. Could you follow us back &amp; DM your GamerTag when you get a chance? 
 ^TJ",private_account_investigation,escalate,rule_assisted_needs_sample_review,account_access_profile,0.502,semantic_prototype_weak_label
2275025,2275025,276050,Sat Nov 11 04:12:27 +0000 2017,"@XboxSupport my Elite controller no longer works with my chat adapter. Works fine in another controller. I can hear party chat, but my mic doesn't register anything, can't see the chat bubble lighting up. Plugged directly into the controller the headset works.",2275022,@276050 Hello! Let's try going through the steps here: https://t.co/AgN1IOojds to see if that helps with your headset adaptor.  ^RR,public_documentation,auto_handle_candidate,rule_assisted_needs_sample_review,other_or_needs_context,0.349,semantic_prototype_weak_label
2275025,2275024,276050,Tue Nov 21 03:10:49 +0000 2017,"@XboxSupport Yes, tried that. Works on a second controller. It's just the Elite that doesn't work. Works every time on a normal controller. Firmware is up to date.",2275026,"@276050 Thanks for this info. To check, does this happen when you test other headsets with the controller &amp; adapter as well? ^EZ",general_or_unclear_reply,review_required,rule_assisted_needs_sample_review,other_or_needs_context,0.266,semantic_prototype_weak_label
2276409,2276409,662079,Sat Nov 11 11:43:35 +0000 2017,"@XboxSupport 2 different Xbox’s, 2 different games and continuous crashing.. what is going on???",2276408,"@662079 We'd be happy to help, but could use more info. Could you follow &amp; DM @Xboxsupport with your Gamertag &amp; some details? ^EZ",private_account_investigation,escalate,rule_assisted_needs_sample_review,other_or_needs_context,0.533,semantic_prototype_weak_label
2276666,2276666,662134,Sat Nov 11 12:21:59 +0000 2017,@XboxSupport Please can someone help me with my Xbox live connection for xbox360. Ive been through every suggestion available and nothing works.,2276664,"@662134 Hello, try using this guide to connect to Xbox Live https://t.co/2yQVhrhgLp. ^RM",public_documentation,auto_handle_candidate,rule_assisted_needs_sample_review,account_access_profile,0.507,semantic_prototype_weak_label
2276666,2276665,662134,Sat Nov 11 18:00:10 +0000 2017,"@XboxSupport Thank you,but ive literally done all of this.I have been through each step &amp; performed it meticulously.I have also checked my router settings etc. Ive an xbox one on the same network and it works fine.This seems to be specifically my xbox360. I cant even create a new live account",2276667,"@662134 Okay, did you try unplugging your internet source for five minutes and turning off your console and unplugging it for five minutes as well? ^RM",public_troubleshooting,auto_handle_candidate,rule_assisted_needs_sample_review,account_access_profile,0.524,semantic_prototype_weak_label
2276666,2276668,662134,Sat Nov 11 20:43:50 +0000 2017,@XboxSupport Ive double checked everything and it all seems to be working from my side.,2276670,"@662134 Okay, would you be able to direct message us your Gamertag? ^RM",private_account_investigation,escalate,rule_assisted_needs_sample_review,account_access_profile,0.530,semantic_prototype_weak_label
2277068,2277068,662214,Sat Nov 11 14:50:39 +0000 2017,"@XboxSupport XY
 Hi i need some help because the support chat is not available at the moment.",2277067,"@662214 We would be happy to help! Could you DM https://t.co/nPX1yNXCi5 us your Gamertag and a summary of your issue?
 ^JS",private_account_investigation,escalate,rule_assisted_needs_sample_review,other_or_needs_context,0.579,semantic_prototype_weak_label
2277447,2277447,662292,Sat Nov 11 15:56:32 +0000 2017,@XboxSupport I bought the Shadow over Hercopolis bundle for smite yesterday and I still have not received my items plz help,2277446,"@662292 We'd be happy to help, but we could use more info. Could you follow &amp; DM @Xboxsupport with your Gamertag &amp; some details? ^EZ",private_account_investigation,escalate,rule_assisted_needs_sample_review,billing_codes_refunds,0.366,semantic_prototype_weak_label
2277456,2277456,662294,Sat Nov 11 13:22:08 +0000 2017,"@XboxSupport Hi, i'm a Xbox Live Gold member until February 2018 but when i want download a GWG game or use a Gold deals of the week, it was say i have to buy a Gold membership. What i have to do ? Please",2277454,"@662294 Hi, can you direct message us your Gamertag? ^RM",private_account_investigation,escalate,rule_assisted_needs_sample_review,subscription_game_pass_gold,0.596,semantic_prototype_weak_label
2277460,2277460,662296,Sat Nov 11 15:33:16 +0000 2017,@XboxSupport I️m experiencing an issue where I️ can get sound when gaming but not when watching shows. Keep getting booted out of Netflix as well.,2277459,"@662296 We'd be happy to help, but we could use more info. Could you follow &amp; DM @Xboxsupport with your Gamertag &amp; some details? ^EZ",private_account_investigation,escalate,rule_assisted_needs_sample_review,connectivity_xbox_live,0.350,semantic_prototype_weak_label
2279978,2279975,409702,Sat Nov 11 17:48:21 +0000 2017,"@XboxSupport It's not listed in there or under ready to install, but when I find it on the marketplace it tells me the content is installed",2279972,@409702 will be able to customize their wardrobe by accessing the Avatar menu (accessible via the World Map) and selecting the Fitting Room.  2 ^RM,general_or_unclear_reply,review_required,rule_assisted_needs_sample_review,how_to_product_information,0.522,semantic_prototype_weak_label
2279978,2279978,409702,Sat Nov 11 11:17:56 +0000 2017,"@25812 @XboxSupport @530755 Hey, I got a Shadow costume DLC code from Amazon for Sonic Forces, redeemed it and it's not showing up in-game. Help?",2279977,"@409702 Hi there, if you go to My Games &amp; Apps&gt;Sonic Forces&gt;Manage Content, is the DLC installed at this time? ^ZM",general_or_unclear_reply,review_required,rule_assisted_needs_sample_review,billing_codes_refunds,0.359,semantic_prototype_weak_label
2279978,2279975,409702,Sat Nov 11 17:48:21 +0000 2017,"@XboxSupport It's not listed in there or under ready to install, but when I find it on the marketplace it tells me the content is installed",2279976,"@409702 In order to equip the costume in Sonic Forces, you must complete the Avatar’s first stage (the Chemical Plant Spaceport), after which you  1 ^RM",general_or_unclear_reply,review_required,rule_assisted_needs_sample_review,how_to_product_information,0.522,semantic_prototype_weak_label
2281313,2281313,663145,Sat Nov 11 18:30:51 +0000 2017,@XboxSupport #Xboxfr    #XboxOne l'adaptateur n'est trouvable nul part ! Je regarde sur Microsoft store et tjr en rupture... On fait comment svp ?!,2281312,"@663145 Hi there! We're English-speaking Support, but you can get support in your local language here: https://t.co/lUV7XYl61S ^BZ",public_documentation,auto_handle_candidate,rule_assisted_needs_sample_review,how_to_product_information,0.330,semantic_prototype_weak_label
2281325,2281325,663147,Sat Nov 11 18:41:28 +0000 2017,"@XboxSupport Hello team i live In Puerto Rico and we have problem with electricity. The PR gamers is loosing the free games with gold from september.Any help will be good..
thanks for the support",2281324,@663147 chat support team here: https://t.co/lUV7XYl61S to explore your options on this further.  2 ^ZM,public_documentation,auto_handle_candidate,rule_assisted_needs_sample_review,subscription_game_pass_gold,0.390,semantic_prototype_weak_label
2281325,2281325,663147,Sat Nov 11 18:41:28 +0000 2017,"@XboxSupport Hello team i live In Puerto Rico and we have problem with electricity. The PR gamers is loosing the free games with gold from september.Any help will be good..
thanks for the support",2281326,"@663147 Hi there, we're very sorry to hear about that. We recommend contacting our  1 ^ZM",general_or_unclear_reply,review_required,rule_assisted_needs_sample_review,subscription_game_pass_gold,0.390,semantic_prototype_weak_label
2281978,2281978,663295,Sat Nov 11 17:12:40 +0000 2017,"@XboxSupport so I got disconnected online.. again. Twice online, and once hung up on over the phone. This is ridiculously bad customer servicw.",2281977,@663295 Hello! Would you mind following us and sending a DM with your gamertag and what is going on exactly?  ^RR,private_account_investigation,escalate,rule_assisted_needs_sample_review,account_access_profile,0.544,semantic_prototype_weak_label
2282383,2282382,663389,Tue Nov 07 18:36:08 +0000 2017,@115786 Btw guys I think there's a slight problem...my XBOX IS over heating i think....feels like a mini fireplace,2282380,"@663389 Hey, sorry for the delay, but we are the support handle! Can you DM us with your gamertag &amp; details about this so we can start to help? ^CW",private_account_investigation,escalate,rule_assisted_needs_sample_review,account_access_profile,0.456,semantic_prototype_weak_label
2285749,2285749,664201,Sat Nov 11 06:11:23 +0000 2017,@XboxSupport fix halo reach servers plz,2285748,"@664201 We'd be happy to help, but we could use more info. Could you follow &amp; DM @Xboxsupport with your Gamertag &amp; some details? ^EZ",private_account_investigation,escalate,rule_assisted_needs_sample_review,other_or_needs_context,0.444,semantic_prototype_weak_label
2285970,2285969,664270,Sat Nov 11 07:48:51 +0000 2017,@XboxSupport Xbox won’t connect to Xbox live either.,2285968,@664270 Hi there! Could you DM https://t.co/nPX1yNXCi5 us your Gamertag so we can collect some more info? ^JS,private_account_investigation,escalate,rule_assisted_needs_sample_review,account_access_profile,0.557,semantic_prototype_weak_label
2285974,2285974,664272,Sat Nov 11 07:14:30 +0000 2017,@XboxSupport are halo 3 servers down? Just got the one x and wanting to play enhanced...,2285973,@664272 Hi there! Could you DM https://t.co/nPX1yNXCi5 us your Gamertag so we can collect some more info to help with this issue? ^JS,private_account_investigation,escalate,rule_assisted_needs_sample_review,other_or_needs_context,0.489,semantic_prototype_weak_label
2287656,2287656,664656,Sun Nov 12 02:33:29 +0000 2017,@XboxSupport I keep getting Packet Loss in the mid 20%. Any fixes or tips?,2287654,@664656 Hi there! You should be able to troubleshoot that issue with the steps on this guide https://t.co/pULGJT4zeS ^JL,public_documentation,auto_handle_candidate,rule_assisted_needs_sample_review,connectivity_xbox_live,0.392,semantic_prototype_weak_label
2287656,2287655,664656,Sun Nov 12 04:05:35 +0000 2017,"@XboxSupport Sadly nothing on that page helped, as it deals with ""Test Multiplayer Connection"" issues and such, not my issue.  :/",2287657,@664656 If that does not help recommend reaching out to your internet service provider.  ^RR,general_or_unclear_reply,review_required,rule_assisted_needs_sample_review,account_access_profile,0.537,semantic_prototype_weak_label
2287659,2287659,664657,Sun Nov 12 02:30:25 +0000 2017,"@XboxSupport So now that I have an xbox with HDR, how can I upgrade previously purchased movies to the 4k/HDR version?  Looks like once you own it, you lose the ""buy"" button. I own most of the movies I want to see in HDR already :(",2287658,@664657 for the movie and purchase it again. For assistance with Refunds let's have you check in with our chat teams here https://t.co/ZKmTv2mKPF  2 ^JL,specialist_handoff,escalate,rule_assisted_needs_sample_review,how_to_product_information,0.303,semantic_prototype_weak_label
2287659,2287659,664657,Sun Nov 12 02:30:25 +0000 2017,"@XboxSupport So now that I have an xbox with HDR, how can I upgrade previously purchased movies to the 4k/HDR version?  Looks like once you own it, you lose the ""buy"" button. I own most of the movies I want to see in HDR already :(",2287660,"@664657 Hi there! There would be no way to upgrade it from the console. But, you might be able to reverse the charge  1 ^JL",general_or_unclear_reply,review_required,rule_assisted_needs_sample_review,how_to_product_information,0.303,semantic_prototype_weak_label
2288350,2288350,664821,Sun Nov 12 03:03:23 +0000 2017,@XboxSupport y’all wanna tell me why your one year old controller stopped the L3 button from working??,2288349,@664821 Hi there! What happens exactly when you try to use the button?  ^BL,public_troubleshooting,auto_handle_candidate,rule_assisted_needs_sample_review,account_access_profile,0.351,semantic_prototype_weak_label
2288353,2288353,664822,Sun Nov 12 03:11:41 +0000 2017,@115765 @ATVIAssist @115786 @XboxSupport Why can’t I play a match on WWll? It’s just says looking for matches but i never join one.,2288351,"@664822 Heya! Would you mind sending a picture of your network stats: Settings&gt;Network&gt;Network Settings&gt;Detailed Network Statistics
 ^RR",visual_evidence_required,escalate,rule_assisted_needs_sample_review,account_access_profile,0.344,semantic_prototype_weak_label
2291979,2291978,665638,Sun Nov 26 05:27:47 +0000 2017,@665639 @AskPlayStation This is why you should've gotten an Xbox!!!!! @XboxSupport is way better (and quicker at responding) than @AskPlayStation!,2291977,"@665638 Thanks for the kind words! If you have any Xbox support questions you need help with, we'll be here :)  ^QZ",general_or_unclear_reply,review_required,rule_assisted_needs_sample_review,other_or_needs_context,0.507,semantic_prototype_weak_label
2291988,2291988,665640,Sun Nov 26 05:13:03 +0000 2017,"@XboxSupport I just installed new wifi because my previous wifi was not suitable. This new wifi id absolutely amazing and will connect to any device in the house, besides my xbox one. I have trief the solutions and nothing works. What do I do",2291987,"@665640 Hi there! To make sure, let's check out our guide here for this connection issue https://t.co/xHNRXjp8rI
 ^TJ",public_documentation,auto_handle_candidate,rule_assisted_needs_sample_review,connectivity_xbox_live,0.315,semantic_prototype_weak_label
2292249,2292249,398337,Sat Nov 11 20:42:27 +0000 2017,@XboxSupport Why am I getting packet loss on Xbox but not on pc.,2292247,@398337 We can help take a closer look into that! Can you DM us your gamertag and a picture of what you see under Settings&gt;Network&gt;Detailed Network Statistics ? ^QZ,visual_evidence_required,escalate,rule_assisted_needs_sample_review,other_or_needs_context,0.441,semantic_prototype_weak_label
2292658,2292658,279374,Sat Nov 11 20:21:41 +0000 2017,"@XboxSupport I don't think my Xbox One is supposed to turn on by itself, it just randomly did (I do have it set to instant-on but I didn't touch the console or controller",2292656,"@279374 Hi there! Just to check, are you plugged into a power strip, surge protector, or directly into a wall socket? 
 ^JS",general_or_unclear_reply,review_required,rule_assisted_needs_sample_review,account_access_profile,0.350,semantic_prototype_weak_label
2292658,2292657,279374,Sat Nov 11 22:16:47 +0000 2017,@XboxSupport It's plugged into a six plug wall outlet thing https://t.co/IHTxX9js5L,2292659,@279374 solves the issue? It's recommended to use a wall outlet and not a power strip for your console.  2 ^ZM,general_or_unclear_reply,review_required,rule_assisted_needs_sample_review,connectivity_xbox_live,0.352,semantic_prototype_weak_label
2292658,2292657,279374,Sat Nov 11 22:16:47 +0000 2017,@XboxSupport It's plugged into a six plug wall outlet thing https://t.co/IHTxX9js5L,2292660,@279374 Gotcha. Are you able to plug your Xbox One console directly into a wall outlet to see if that  1 ^ZM,general_or_unclear_reply,review_required,rule_assisted_needs_sample_review,connectivity_xbox_live,0.352,semantic_prototype_weak_label
2292897,2292894,665858,Sat Nov 11 20:44:31 +0000 2017,@665859 @ATVIAssist @115786 @XboxSupport @116698 @129141 @138583 @115766 Tried everything can't even find one,2292893,@665858 Hi there! Do you mind DM'ing us your Gamertag so we can gather a bit of info?  ^JL,private_account_investigation,escalate,rule_assisted_needs_sample_review,account_access_profile,0.451,semantic_prototype_weak_label
2292899,2292899,665860,Sat Nov 11 21:25:17 +0000 2017,"@XboxSupport I keep getting ""You'll need the internet for this"" 0x8000704CF error when trying to sign in for 2nd day in a row. Power-cycled both router and Xbox One console to no avail. Testing network connection on the console says all good. Any advice?",2292898,"@665860 Sorry to hear that! Can you DM us your gamertag and a picture of Can you send us a pic of Settings&gt;Network&gt;Detailed Network Statistics, please? https://t.co/nPX1yNG0Tv ^QZ",visual_evidence_required,escalate,rule_assisted_needs_sample_review,account_access_profile,0.579,semantic_prototype_weak_label
2293355,2293355,665978,Sat Nov 11 22:32:30 +0000 2017,@XboxSupport Does the Xbox One X not support wireless display/miracast? The application crashes every time I try (I used it a lot on the Xbox One). Any workarounds?,2293354,"@665978 We'd be happy to help, but we could use more info. Could you follow &amp; DM @Xboxsupport with your Gamertag &amp; some details? ^EZ",private_account_investigation,escalate,rule_assisted_needs_sample_review,other_or_needs_context,0.388,semantic_prototype_weak_label
2295095,2295095,666431,Sun Nov 12 00:05:41 +0000 2017,"@XboxSupport i played with my Xbox one X scoprio for an hour on @68350 , and suddently the console shut down. No reboot, even unpluggin then repluggin the poser cord, &amp; even after one night without using it. The controller light blinks but the console does nothing. Help !",2295094,"@666431 Hi there! Just to check, are you plugged into a power strip, surge protector, or directly into a wall socket?  ^JS",general_or_unclear_reply,review_required,rule_assisted_needs_sample_review,console_accessory_display,0.393,semantic_prototype_weak_label
2295287,2295287,666482,Sun Nov 12 00:02:46 +0000 2017,@XboxSupport Is there anything I can do about the coil whine on the xbox one console?,2295286,"@666482 When your console is in energy-saving mode: https://t.co/Cic0PpXZHa , or when it’s disconnected from the power supply unit, the fan doesn’t operate.  2 ^ZM",public_documentation,auto_handle_candidate,rule_assisted_needs_sample_review,other_or_needs_context,0.406,semantic_prototype_weak_label
2295287,2295287,666482,Sun Nov 12 00:02:46 +0000 2017,@XboxSupport Is there anything I can do about the coil whine on the xbox one console?,2295288,"@666482 Hi there, typically, the fan on your Xbox One console will make a ""whirring"" noise which may be the noise you're hearing.  1 ^ZM",general_or_unclear_reply,review_required,rule_assisted_needs_sample_review,other_or_needs_context,0.406,semantic_prototype_weak_label
2295952,2295952,568826,Sun Nov 12 19:55:28 +0000 2017,@XboxSupport Do you still handle 360 back-compat questions?,2295951,@568826 are having along with your Gamertag? Please include verbatims of any error you are seeing.  2 ^XS,private_account_investigation,escalate,rule_assisted_needs_sample_review,other_or_needs_context,0.561,semantic_prototype_weak_label
2295952,2295952,568826,Sun Nov 12 19:55:28 +0000 2017,@XboxSupport Do you still handle 360 back-compat questions?,2295953,"@568826 Hey there, can you please DM us with a full description of the issue you  1 ^XS",private_account_investigation,escalate,rule_assisted_needs_sample_review,other_or_needs_context,0.561,semantic_prototype_weak_label
2295978,2295978,666628,Sun Nov 12 19:34:03 +0000 2017,"@XboxSupport Hi there, I'm having two major problems.

1. The Xbox One is on but not showing on the TV. Everything is plugged in properly.

2. Discs have to be inserted 50x times before being read. Has been happening since day one. What are my options?",2295976,"@666628 Hello, thanks for reaching out to us. Can you DM us your gamertag and steps you've tried? ^CO",private_account_investigation,escalate,rule_assisted_needs_sample_review,console_accessory_display,0.425,semantic_prototype_weak_label
2298397,2298387,330682,Thu Oct 19 21:07:53 +0000 2017,@169190 @115786 @XboxSupport i just want the new in game dash menu and animated wallpapers again :'(,2298386,"@330682 Hi, could you direct message us what issue you are experiencing? ^RM",private_account_investigation,escalate,rule_assisted_needs_sample_review,how_to_product_information,0.370,semantic_prototype_weak_label
2299935,2299935,667537,Sun Nov 12 05:50:48 +0000 2017,Rise of the @64492 crashing has caused my @115786 One X to power off 3 times now. Anybody want to investigate? @89852 @XboxSupport @89853,2299934,"@667537 Sorry to hear that! To clarify, do you only see crashing in that game? Can you DM us your gamertag and more details? https://t.co/nPX1yNXCi5 ^QZ",private_account_investigation,escalate,rule_assisted_needs_sample_review,safety_enforcement_security,0.382,semantic_prototype_weak_label
2300737,2300737,667752,Sun Nov 12 10:28:11 +0000 2017,@XboxSupport what is up with all of the xbox one x updates its number 3 this week,2300735,@667752 Hi there! Are you currently enrolled in the Xbox One Preview Program? If so you'll be prone to multiple updates 1/2 ^TJ,general_or_unclear_reply,review_required,rule_assisted_needs_sample_review,other_or_needs_context,0.488,semantic_prototype_weak_label
2300737,2300736,667752,Sun Nov 12 21:34:39 +0000 2017,@XboxSupport Yes I’m enrolled in the Xbox one preview program,2300738,@667752 Be sure to check out the Insider forums for more info on those updates.  ^BL,needs_more_context,escalate,rule_assisted_needs_sample_review,other_or_needs_context,0.450,semantic_prototype_weak_label
2300992,2300992,361482,Sun Nov 12 11:42:26 +0000 2017,@XboxSupport y the hell hadn't call of duty modern warfare 3 been done for xbox one sort it out bring out games that no one plays make 0 sense,2300991,@361482 On https://t.co/1QSni2GOvR ! 2/2 ^TJ,public_documentation,auto_handle_candidate,rule_assisted_needs_sample_review,other_or_needs_context,0.429,semantic_prototype_weak_label
2300992,2300992,361482,Sun Nov 12 11:42:26 +0000 2017,@XboxSupport y the hell hadn't call of duty modern warfare 3 been done for xbox one sort it out bring out games that no one plays make 0 sense,2300993,"@361482 Hi there! For any announcements regarding backwards compatible titles, be sure to keep an eye 1/2 ^TJ",general_or_unclear_reply,review_required,rule_assisted_needs_sample_review,other_or_needs_context,0.429,semantic_prototype_weak_label
2301560,2301560,667951,Sun Nov 12 15:29:12 +0000 2017,"@174471 My son has the xbox one mic failure issue, we have tried everything without success, can you please advise urgently as to what the problem is!",2301559,@667951 are having along with your Gamertag? Please include verbatims of any error you are seeing.  2 ^XS,private_account_investigation,escalate,rule_assisted_needs_sample_review,other_or_needs_context,0.420,semantic_prototype_weak_label
2301560,2301560,667951,Sun Nov 12 15:29:12 +0000 2017,"@174471 My son has the xbox one mic failure issue, we have tried everything without success, can you please advise urgently as to what the problem is!",2301561,"@667951 Hey there, can you please DM us with a full description of the issue you  1 ^XS",private_account_investigation,escalate,rule_assisted_needs_sample_review,other_or_needs_context,0.420,semantic_prototype_weak_label
2302135,2302135,668089,Sun Nov 12 13:46:16 +0000 2017,@XboxSupport is there something going wrong with the store right now because I’m trying to buy COD WW2 and it say this. Please can you tell me what is wrong? https://t.co/KPzjKub3dF,2302134,"@668089 We can help take a closer look! Can you DM us your gamertag, please? https://t.co/nPX1yNXCi5  ^QZ",private_account_investigation,escalate,rule_assisted_needs_sample_review,other_or_needs_context,0.403,semantic_prototype_weak_label
2303247,2303247,668335,Sun Nov 12 16:16:09 +0000 2017,@XboxSupport help https://t.co/XMUTqW15hI,2303245,@668335 Thanks for reaching out! Can you DM us your gamertag so we can take a closer look into that with you?  ^QZ,private_account_investigation,escalate,rule_assisted_needs_sample_review,account_access_profile,0.528,semantic_prototype_weak_label
2303577,2303574,668419,Sun Nov 12 17:27:51 +0000 2017,"@XboxSupport It only says how i do it on a console
But i only have the xbox app on my pc",2303573,@668419 team here: https://t.co/lUV7XYl61S they may have some additional options for you to get this resolved.  2 ^XS,public_documentation,auto_handle_candidate,rule_assisted_needs_sample_review,how_to_product_information,0.529,semantic_prototype_weak_label
2303577,2303577,668419,Sun Nov 12 13:57:38 +0000 2017,"@XboxSupport 
I cant get to my Xbox account 
The error mesage: (0x409) 0x83750007
I cant connect to my xbox acc
i checked everything 
But still dosen't work
Btw i am on PC and German",2303576,"@668419 Hey there, let's try removing the profile then adding it back using the steps outlined here: https://t.co/dVcem36rc1 ^XS",public_documentation,auto_handle_candidate,rule_assisted_needs_sample_review,account_access_profile,0.735,semantic_prototype_weak_label
2303577,2303574,668419,Sun Nov 12 17:27:51 +0000 2017,"@XboxSupport It only says how i do it on a console
But i only have the xbox app on my pc",2303575,@668419 What you will want to do at this point is reach out to our chat  1 ^XS,specialist_handoff,escalate,rule_assisted_needs_sample_review,how_to_product_information,0.529,semantic_prototype_weak_label
2303791,2303791,668480,Sun Nov 12 17:50:21 +0000 2017,@XboxSupport My faulty elite controller has just turned off and won't turn back on. I demand something is done about this as not everyone is made of money. I'll send it back to you if needs be,2303790,"@668480 if they can help. Also, when did you purchase this controller? Please DM: https://t.co/nPX1yNXCi5 us.  2 ^ZM",public_documentation,auto_handle_candidate,rule_assisted_needs_sample_review,account_access_profile,0.418,semantic_prototype_weak_label
2303791,2303791,668480,Sun Nov 12 17:50:21 +0000 2017,@XboxSupport My faulty elite controller has just turned off and won't turn back on. I demand something is done about this as not everyone is made of money. I'll send it back to you if needs be,2303792,"@668480 Hi, sorry to hear about the frustrating experience. Please try the steps here: https://t.co/kjDqgtDjnc to see  1 ^ZM",public_documentation,auto_handle_candidate,rule_assisted_needs_sample_review,account_access_profile,0.418,semantic_prototype_weak_label
2304145,2304145,668554,Sun Nov 12 18:27:45 +0000 2017,Hey @13369 @125392 @17326 @XboxSupport red zone isn't working on the Xbox one again,2304144,"@668554 Hey there, the NFL is aware of and working to get this resolved. ^XS",general_or_unclear_reply,review_required,rule_assisted_needs_sample_review,account_access_profile,0.473,semantic_prototype_weak_label
2304155,2304155,668557,Sun Nov 12 18:19:18 +0000 2017,Yet again @17326 isn’t working @XboxSupport @13369,2304154,@668557 Thanks for letting us know! The proper teams are already on the case and working to get that fixed for you.  ^QZ,general_or_unclear_reply,review_required,rule_assisted_needs_sample_review,account_access_profile,0.425,semantic_prototype_weak_label
2304163,2304163,655486,Sun Nov 12 18:14:52 +0000 2017,@XboxSupport what is Native 4K isn't working is non hdr,2304162,@655486 Thanks for reaching out! Can you DM us your gamertag and more details on exactly what you need help with? https://t.co/nPX1yNXCi5  ^QZ,private_account_investigation,escalate,rule_assisted_needs_sample_review,other_or_needs_context,0.431,semantic_prototype_weak_label
2305011,2305011,668771,Sun Nov 12 19:00:58 +0000 2017,Love when my Redzone app doesn't work.. @143798 @XboxSupport,2305010,@668771 Hi there! This is an issue we're aware of and our teams are looking into it. ^CO,general_or_unclear_reply,review_required,rule_assisted_needs_sample_review,other_or_needs_context,0.453,semantic_prototype_weak_label
2305250,2305250,668840,Sun Nov 12 19:43:57 +0000 2017,@XboxSupport call in for help with my account get insulted speaks with a higher up and gets hung up on how dare you all,2305249,@668840 We're sorry to hear about that! Mind sending us a direct message https://t.co/nPX1yNXCi5 with your Gamertag?  ^JA,private_account_investigation,escalate,rule_assisted_needs_sample_review,other_or_needs_context,0.532,semantic_prototype_weak_label
2306797,2306797,669199,Mon Nov 13 00:07:14 +0000 2017,@XboxSupport is it a good idea to use a can of compressed air to clean my Xbox one?,2306796,"@669199 Hello, thanks for reaching out to us. We only recommend using a dry towel to wipe any dust off the top.  ^CO",general_or_unclear_reply,review_required,rule_assisted_needs_sample_review,account_access_profile,0.308,semantic_prototype_weak_label
2307059,2307057,669274,Sun Nov 12 22:05:45 +0000 2017,@XboxSupport Oh boy I have over 100 games. Is there a way to check and see what games have 4K available?,2307056,@669274 You can find a list of that content by checking out the site here: https://t.co/VntAqvxHCv ^BL,public_documentation,auto_handle_candidate,rule_assisted_needs_sample_review,how_to_product_information,0.411,semantic_prototype_weak_label
2307059,2307059,669274,Sun Nov 12 20:14:29 +0000 2017,@XboxSupport I have my xb1x I can't figure out how to download the 4K content. Only videos I found were how to transfer over from another Xbox.,2307058,@669274 Hi there! If you uninstall then reinstall the game the 4K content will download for the game if it currently available.  ^BL,general_or_unclear_reply,review_required,rule_assisted_needs_sample_review,how_to_product_information,0.394,semantic_prototype_weak_label
2307355,2307355,669350,Mon Nov 13 00:34:28 +0000 2017,@XboxSupport how can i reset my home xbox?,2307354,"@669350 Hi there! To discuss resetting your Home console limit, let's have you reach out to the chat team here: https://t.co/oZLrHGISXz ^JA",specialist_handoff,escalate,rule_assisted_needs_sample_review,account_access_profile,0.593,semantic_prototype_weak_label
2307468,2307468,669368,Thu Oct 19 21:04:00 +0000 2017,Hey @xboxsupport what gives with your #designlabscontroller support? I askd 4 replace of my custom and they sent me a generic black one?!? 😶,2307467,"@669368 Hi, we are unsure. You can reach out to our chat support team for more assistance with this issue. https://t.co/sMM0hn9ycL ^RM",specialist_handoff,escalate,rule_assisted_needs_sample_review,other_or_needs_context,0.402,semantic_prototype_weak_label
2307751,2307751,628970,Mon Nov 13 01:29:58 +0000 2017,"@XboxSupport knock knock, is this on? Can’t launch Halo 5 as it’s telling me I need to renew EA Accsss? What gives?",2307750,@628970 https://t.co/c0rhsKO0Ni the console. Then sign back in and let us know if that same error appears.  2 ^BL,public_documentation,auto_handle_candidate,rule_assisted_needs_sample_review,other_or_needs_context,0.416,semantic_prototype_weak_label
2307751,2307751,628970,Mon Nov 13 01:29:58 +0000 2017,"@XboxSupport knock knock, is this on? Can’t launch Halo 5 as it’s telling me I need to renew EA Accsss? What gives?",2307752,@628970 Hi there! Let's go ahead and remove: https://t.co/zJxn1EMf83 your profile from the console and then &gt;power cycle  1 ^BL,public_documentation,auto_handle_candidate,rule_assisted_needs_sample_review,other_or_needs_context,0.416,semantic_prototype_weak_label
2308064,2308064,332640,Mon Nov 13 00:59:16 +0000 2017,@XboxSupport I'm trying to add a friend and it's saying it couldn't save changes,2308063,"@332640 Hi there! Just to clarify, does this occur on the console? Have you tried adding a friend via https://t.co/6DxzuMLtkS ?  ^JA",needs_more_context,escalate,rule_assisted_needs_sample_review,account_access_profile,0.509,semantic_prototype_weak_label
2308898,2308898,665087,Mon Nov 13 01:13:20 +0000 2017,@XboxSupport all of my issues are explained in this article. https://t.co/PTUBNKFoYS,2308896,"@665087 Thanks for that info. For this, we'd recommend reaching out to the chat team to discuss your replacement options.  ^JA",specialist_handoff,escalate,rule_assisted_needs_sample_review,other_or_needs_context,0.595,semantic_prototype_weak_label
2308898,2308897,665087,Tue Nov 14 02:55:54 +0000 2017,"@XboxSupport So I chatted and have filed a service claim, the issue is that I do not want a refurbished Xbox one x. I paid $600 for a console and I expected it to work .I have been told now that I will send it back and likely get it fixed. If I wanted a broken 1 we I wouldn’t have paid $600.",2308899,@665087 We would be unable to speculate on the repair process on our end. You can try reach out to chat here: https://t.co/aWWrMN54Vu for more info.  ^RR,repair_or_warranty_process,escalate,rule_assisted_needs_sample_review,other_or_needs_context,0.476,semantic_prototype_weak_label
2309676,2309676,669891,Mon Nov 13 01:50:12 +0000 2017,"@XboxSupport Hi, I am getting charged for Xbox Live Gold automatically, but I have cancelled my membership. Can you help out with this?",2309674,"@669891 Hello, we're here to help! Can you send us your gamertag if you see a charge when you log in here: https://t.co/Vdnoh9l6jQ ^CO",private_account_investigation,escalate,rule_assisted_needs_sample_review,subscription_game_pass_gold,0.548,semantic_prototype_weak_label
2309676,2309677,669891,Mon Nov 13 03:51:52 +0000 2017,@XboxSupport charged for that I am not subscribed to.,2309678,@669891 to see your billing history there as well to see what the charges are.  2 ^XS,general_or_unclear_reply,review_required,rule_assisted_needs_sample_review,billing_codes_refunds,0.500,semantic_prototype_weak_label
2309676,2309677,669891,Mon Nov 13 03:51:52 +0000 2017,@XboxSupport charged for that I am not subscribed to.,2309679,"@669891 Hey there, you can manage your subscriptions here: https://t.co/hLdh6O4RFD you should also be able  1 ^XS",public_documentation,auto_handle_candidate,rule_assisted_needs_sample_review,billing_codes_refunds,0.500,semantic_prototype_weak_label
2310437,2310437,144071,Mon Nov 13 04:12:52 +0000 2017,@116543 any reason Xbox consoles don’t remember Wifi networks they’ve joined when switching networks or moving? Asking for a friend @90732,2310434,"@144071 Hello, thanks for reaching out to us. If you redeem that code, you will own it digitally, plus the DLC. No need for a disc. ^CO",general_or_unclear_reply,review_required,rule_assisted_needs_sample_review,connectivity_xbox_live,0.520,semantic_prototype_weak_label
2310542,2310542,160834,Thu Oct 19 20:13:21 +0000 2017,@XboxSupport just to let you know had a kid over this last weekend say he was going to report me and have all his friends do it as well,2310540,"@160834 Okay, we do not handle any enforcement actions. Every report is reviewed carefully by the Enforcement Team.  ^RM",enforcement_review,escalate,rule_assisted_needs_sample_review,safety_enforcement_security,0.469,semantic_prototype_weak_label
2311376,2311376,144962,Mon Nov 13 02:54:08 +0000 2017,@XboxSupport Does the Xbox have a setting that turns itself on when you change the input on the tv to its HDMI? Trying to figure out if it's that or my tv.,2311374,@144962 It does have an option for that. Settings&gt;Power &amp; startup&gt;Power mode &amp; startip&gt;TV &amp; A/V power options ^CO,public_troubleshooting,auto_handle_candidate,rule_assisted_needs_sample_review,how_to_product_information,0.305,semantic_prototype_weak_label
2311913,2311913,670472,Sun Nov 12 20:20:59 +0000 2017,"@XboxSupport My NFL RedZone isn't working on my xbox one, any word on a fix?",2311912,"@670472 Hello, thanks for reaching out to us. We're aware of the issue, and our teams are currently looking into this. ^CO",general_or_unclear_reply,review_required,rule_assisted_needs_sample_review,other_or_needs_context,0.432,semantic_prototype_weak_label
2312151,2312151,670533,Thu Oct 19 20:23:09 +0000 2017,@XboxSupport extremely disappointed with the lack of support on the #bettertogetherupdate for disc owners.  1month and counting,2312150,"@670533 Hello, thanks for reaching out to us. This update should have rolled out to all qualifying users, can you DM us your gamertag ^CO",private_account_investigation,escalate,rule_assisted_needs_sample_review,other_or_needs_context,0.580,semantic_prototype_weak_label
2312157,2312156,670535,Thu Oct 19 20:20:31 +0000 2017,@XboxSupport Like I'm completely frustrated. Leave things alone when there great. What are you IOS?,2312155,"@670535 Hello, thanks for reaching out to us. Can you DM us your gamertag and a description of the issue you're seeing? ^CO",private_account_investigation,escalate,rule_assisted_needs_sample_review,other_or_needs_context,0.431,semantic_prototype_weak_label
2312455,2312455,670618,Sun Nov 12 20:51:10 +0000 2017,@XboxSupport  hi my younger brother paid for a game pass and I was wondering if it was a way to get that refunded,2312454,"@670618 Hey there, for all refund requests and cancellations you will want to contact our chat team here: https://t.co/lUV7XYl61S ^XS",specialist_handoff,escalate,rule_assisted_needs_sample_review,billing_codes_refunds,0.470,semantic_prototype_weak_label
2313268,2313268,670817,Sun Nov 12 21:36:43 +0000 2017,Hey @115786 @XboxSupport should the rubber grips be falling off my $150 elite controller? Both side are apart! https://t.co/XZa5gjwb1y,2313267,@670817 Hi there! Let's check in with the chat team here: https://t.co/lUV7XYl61S to look into your options on this.  ^BL,specialist_handoff,escalate,rule_assisted_needs_sample_review,other_or_needs_context,0.249,semantic_prototype_weak_label
2314477,2314477,671132,Sun Nov 12 23:01:23 +0000 2017,@XboxSupport what does this mean https://t.co/pbPEgQMB5d,2314476,@671132 are having along with your Gamertag? Please include verbatims of any error you are seeing.  2 ^XS,private_account_investigation,escalate,rule_assisted_needs_sample_review,other_or_needs_context,0.507,semantic_prototype_weak_label
2314477,2314477,671132,Sun Nov 12 23:01:23 +0000 2017,@XboxSupport what does this mean https://t.co/pbPEgQMB5d,2314478,"@671132 Hey there, can you please DM us with a full description of the issue you  1 ^XS",private_account_investigation,escalate,rule_assisted_needs_sample_review,other_or_needs_context,0.507,semantic_prototype_weak_label
2316528,2316528,457155,Mon Nov 13 03:44:12 +0000 2017,@XboxSupport purchased an Xbox X but seems to be kicking me off the internet all the time.. constantly getting kicked from WW2 or 2k18 and I check the details for my internet and my upload is around 30 and download is over 175... my Xbox defective or something I can do to fix it,2316527,@457155 We're sorry to hear about that! We'd recommend the steps here: https://t.co/kmbwtcwpuh  ^JA,public_documentation,auto_handle_candidate,rule_assisted_needs_sample_review,connectivity_xbox_live,0.521,semantic_prototype_weak_label
2319195,2319195,149594,Thu Oct 19 21:17:06 +0000 2017,@XboxSupport is there a way to use old dashboard appearance because I got the new update and it’s horrible.,2319193,"@149594 Hello, thanks for reaching out to us. Once the update has been applied, it cannot be rolled back. ^CO",general_or_unclear_reply,review_required,rule_assisted_needs_sample_review,how_to_product_information,0.299,semantic_prototype_weak_label
2319195,2319194,149594,Thu Oct 19 23:37:43 +0000 2017,@XboxSupport What about you guys reverting to the old. It’s a suggestion. Multiple people I’ve seen hate the new update.,2319196,@149594 We don't have the ability to influence update changes. We're here if you see any issues though. ^CO,general_or_unclear_reply,review_required,rule_assisted_needs_sample_review,other_or_needs_context,0.518,semantic_prototype_weak_label
2319195,2319197,149594,Fri Oct 20 02:00:08 +0000 2017,@XboxSupport There’s an issue where messages don’t show up unless I physically go check. They work fine on the 360 port though.,2319198,"@149594 Thanks for that feedback! Can you DM us your gamertag, your NAT type, and your detailed network stats. ^CO",private_account_investigation,escalate,rule_assisted_needs_sample_review,other_or_needs_context,0.435,semantic_prototype_weak_label
2324382,2324382,673363,Tue Nov 21 05:17:14 +0000 2017,@XboxSupport Are there any plans for a better offline mode? Really frustrating playing the game and doing things to unlock achievements only to not have them sync up next time I go online.,2324380,"@673363 If you'd like to see other options for offline mode in the future, we're always looking for feedback on https://t.co/EDoaucAFLe !^EZ",public_documentation,auto_handle_candidate,rule_assisted_needs_sample_review,connectivity_xbox_live,0.484,semantic_prototype_weak_label
2324397,2324397,673367,Tue Nov 21 04:53:06 +0000 2017,@100952 @18518 @XboxSupport So what’s going on with the season pass etc codes not working?! Please fix,2324396,"@673367 We'd be happy to help, but we could use more info. Could you follow &amp; DM @Xboxsupport with your Gamertag &amp; some details? ^EZ",private_account_investigation,escalate,rule_assisted_needs_sample_review,account_access_profile,0.557,semantic_prototype_weak_label
2324420,2324420,673374,Tue Nov 21 04:07:07 +0000 2017,@XboxSupport how can I have a communications suspension one day then somehow the next day be suspended from online games all together?,2324419,"@673374 We'd be happy to look into this with you, but we could use more info. Could you follow &amp; DM @Xboxsupport your Gamertag? ^EZ",private_account_investigation,escalate,rule_assisted_needs_sample_review,safety_enforcement_security,0.465,semantic_prototype_weak_label
2328824,2328824,674341,Thu Oct 19 22:29:50 +0000 2017,@XboxSupport will I still get my Frightfully Fun Mystery Gift after my Game Pass expires on the 28th? I have gotten my 6 achievements.,2328823,@674341 Hi there! For more info on that promotion check  https://t.co/r2REyXwe3G ^JL,needs_more_context,escalate,rule_assisted_needs_sample_review,subscription_game_pass_gold,0.381,semantic_prototype_weak_label
456370,456370,223363,Thu Nov 30 23:35:11 +0000 2017,@XboxSupport Any issues with OneGuide in Canada? We haven't been able to use it all day?,456373,@223363 Heyo! We'd like to Direct Message so we can collect some more information. Can you follow and  1 ^BZ,private_account_investigation,escalate,rule_assisted_needs_sample_review,other_or_needs_context,0.448,semantic_prototype_weak_label
2330072,2330070,674627,Thu Oct 19 22:42:34 +0000 2017,@204039 I know.,2330068,"@674627 Hello, thanks for reaching out to us. Once your console has been updated, there's no way to roll it back. ^CO",general_or_unclear_reply,review_required,rule_assisted_needs_sample_review,other_or_needs_context,0.160,semantic_prototype_weak_label
2331609,2331609,663380,Thu Oct 19 22:21:37 +0000 2017,"Hi! There is a spelling error on this page: https://t.co/P4i7MfUiBh

'restrictions' is the word spelt incorrectly! :)

@XboxSupport https://t.co/wkoWKEQo7v",2331607,@663380 Thanks for that. We're going to take a look and get this addressed. Appreciate you reaching out for sure. ^IS,general_or_unclear_reply,review_required,rule_assisted_needs_sample_review,account_access_profile,0.281,semantic_prototype_weak_label
2333796,2333794,675399,Thu Oct 19 23:01:22 +0000 2017,"@XboxSupport It takes 3 actions just to get to your friends now, and a bonus step to see what game their playing. Should be classified as abstract art.",2333793,@675399 Definitely understand your frustration. You can actually pin your friends to home now. To get this feedback to the 1/2 ^IS,general_or_unclear_reply,review_required,rule_assisted_needs_sample_review,game_content_download,0.347,semantic_prototype_weak_label
2336890,2336890,189425,Fri Oct 20 01:41:54 +0000 2017,@XboxSupport Why can't I still send messages even though I'm not suspended? https://t.co/ou12YtqMoC,2336887,@189425 Heya! What do you see when you click on the hammer? Have you checked your email that is attached to the account?  ^JL,general_or_unclear_reply,review_required,rule_assisted_needs_sample_review,safety_enforcement_security,0.462,semantic_prototype_weak_label
2348321,2348321,678858,Mon Nov 13 04:19:04 +0000 2017,@XboxSupport Please help!!!,2348319,@678858 Hi there! Could you power cycle https://t.co/QENEhDawC3 your console and see if you can get in the game? ^JS,public_documentation,auto_handle_candidate,rule_assisted_needs_sample_review,account_access_profile,0.520,semantic_prototype_weak_label
2349947,2349947,679239,Mon Nov 13 13:02:58 +0000 2017,@XboxSupport i bought the xbox one x PROJECT SCORPIO  my controller is Not sycning with my xbox pls help me wit this i juss paid 500 for a broken system i still have my recpeit for proof of purchase pls help @115787,2349945,"@679239 @115787 We'd be happy to help, but we could use more info. Could you follow &amp; DM @Xboxsupport with your Gamertag &amp; some details?^EZ",private_account_investigation,escalate,rule_assisted_needs_sample_review,account_access_profile,0.431,semantic_prototype_weak_label
2349952,2349952,679241,Mon Nov 13 05:01:43 +0000 2017,@XboxSupport so years ago when I setup my account on my Xbox 360 I accidentally put Gnail instead of Gmail how can i fix this,2349950,"@679241 Hi there! Just to check, can you currently long into your account? ^JS",general_or_unclear_reply,review_required,rule_assisted_needs_sample_review,account_access_profile,0.528,semantic_prototype_weak_label
2349959,2349959,679244,Mon Nov 13 06:48:16 +0000 2017,"@119973 @XboxSupport  Trying to stream Netflix on an Xbox One and the audio keeps getting progressively more out of sync. Backing out of the video and starting it again usually fixes it, but a few minutes later it's off again. This is happening more and more often. Ideas?",2349958,"@679244 We'd be happy to help, but we could use more info. Could you follow &amp; DM @Xboxsupport with your Gamertag &amp; some details? ^EZ",private_account_investigation,escalate,rule_assisted_needs_sample_review,other_or_needs_context,0.315,semantic_prototype_weak_label
806711,806743,312540,Thu Oct 12 17:00:07 +0000 2017,@XboxSupport When will IW Dlc 4 be fixed?,2354086,"@312540 Hey, the publisher posted this regarding that issue https://t.co/yAC1uD9JMk. We recommend following up with them for updates. ^RM",public_documentation,auto_handle_candidate,rule_assisted_needs_sample_review,other_or_needs_context,0.362,semantic_prototype_weak_label
2355598,2355597,680523,Mon Nov 13 17:46:35 +0000 2017,"@XboxSupport @Tesco Hey guys Any reply to this? I bought the scorpio edition of the xbox one x from tesco but the outer box was damaged severly when It got delivered, Tesco said they cant do anything, wondering If I can just get an outbox by anychance to make my one x complete !",2355596,@680523 Apologies for missing your previous message! If you would like to get this fixed we recommend submitting a service request https://t.co/ZAgUyfl2P1  ^JS,public_documentation,auto_handle_candidate,rule_assisted_needs_sample_review,billing_codes_refunds,0.383,semantic_prototype_weak_label
2355979,2355976,421302,Sun Nov 26 05:57:14 +0000 2017,@304034 @115786 @XboxSupport I've tried asking them twice and unsuccessful both times. They can't answer why I paid $20.99 before taxes when you guys were showing it for $19.99 till Monday.,2355975,@421302 Hey there! Can you DM us your Gamertag and clarify what's going on so we can take a closer look? ^BZ,private_account_investigation,escalate,rule_assisted_needs_sample_review,billing_codes_refunds,0.501,semantic_prototype_weak_label
2365328,2365328,362582,Mon Nov 13 21:00:28 +0000 2017,"@XboxSupport My HDR used to work on my Xbox One S, but refuses to work on my Xbox One X ... any ideas?",2365327,"@362582 Error Message:
•Pic of Detailed Network Stats in Settings&gt;Network&gt;Network Settings&gt;Detailed Network Statistics:
•Brief summary of issue:  3 ^BL",public_troubleshooting,auto_handle_candidate,rule_assisted_needs_sample_review,other_or_needs_context,0.439,semantic_prototype_weak_label
2365328,2365328,362582,Mon Nov 13 21:00:28 +0000 2017,"@XboxSupport My HDR used to work on my Xbox One S, but refuses to work on my Xbox One X ... any ideas?",2365329,"@362582 further with you?
•Current Gamertag:
•Error Code/Message:
•What steps have you tried already (if any): 
•Title of Game(s):
•Screenshot/Video of  2 ^BL",visual_evidence_required,escalate,rule_assisted_needs_sample_review,other_or_needs_context,0.439,semantic_prototype_weak_label
2365328,2365328,362582,Mon Nov 13 21:00:28 +0000 2017,"@XboxSupport My HDR used to work on my Xbox One S, but refuses to work on my Xbox One X ... any ideas?",2365330,@362582 Hi there! Can you please DM us the following Info so we can look into this  1 ^BL,private_account_investigation,escalate,rule_assisted_needs_sample_review,other_or_needs_context,0.439,semantic_prototype_weak_label
2368436,2368436,516768,Mon Nov 13 23:14:07 +0000 2017,@XboxSupport how TF do I setup my Xbox one with the mobile app? It wants a code from an update screen that I don't have.,2368435,"@516768 We'd be happy to help, but we could use more info. Could you follow &amp; DM @Xboxsupport with your Gamertag &amp; some details? ^EZ",private_account_investigation,escalate,rule_assisted_needs_sample_review,how_to_product_information,0.482,semantic_prototype_weak_label
2370283,2370283,683973,Mon Nov 13 23:29:22 +0000 2017,@115766 @115765 @115996 @118854 @115786 @XboxSupport WHAT IS YOU DOING WITH THESE BOOTY ASS SERVERS HOW MANY EMPLOYEES DO YOU HAVE DEDICATED TO MAKING SURE THAT THIS GAME DOESNT SHIT THE BED LIKE IT IS DOING RN HOW FREAKING HARD IS IT,2370281,@683973 We'd be happy to look into this with you! Could you follow &amp; DM @Xboxsupport with your Gamertag &amp; some details? ^EZ,private_account_investigation,escalate,rule_assisted_needs_sample_review,safety_enforcement_security,0.460,semantic_prototype_weak_label
2370285,2370285,683974,Mon Nov 13 22:39:25 +0000 2017,"Ive gotten reported so many times for ""hacking"" on rainbow that my reputation needs work now lol @XboxSupport @187040",2370284,@683974 Hi there! We'd recommend following the steps in the guide here: https://t.co/NjrCBsMRkC ^JA,public_documentation,auto_handle_candidate,rule_assisted_needs_sample_review,safety_enforcement_security,0.481,semantic_prototype_weak_label
2371716,2371715,684300,Mon Nov 13 23:37:47 +0000 2017,@XboxSupport Please help Xbox,2371712,"@684300 Hi! Let's have you follow us, DM us your Gamertag, and some more info about what you're seeing: https://t.co/nPX1yNXCi5
 ^BL",private_account_investigation,escalate,rule_assisted_needs_sample_review,account_access_profile,0.568,semantic_prototype_weak_label
2372784,2372784,684551,Tue Nov 14 00:53:55 +0000 2017,@XboxSupport @117331 Howcome i cant network transfer my games? It says something about instillation stopped and wont transfer the games?,2372780,"@684551 Heya! Would you mind sending a picture of your network stats: Settings&gt;Network&gt;Network Settings&gt;Detailed Network Statistics
 ^RR",visual_evidence_required,escalate,rule_assisted_needs_sample_review,account_access_profile,0.482,semantic_prototype_weak_label
2372784,2372783,684551,Tue Nov 14 01:44:49 +0000 2017,@XboxSupport  https://t.co/0np7Fth5Nq,2372785,@684551 Thanks for that! Let's have you try resetting your router/modem and power cycling: https://t.co/QENEhDawC3 then see if that helps.  ^RR,public_documentation,auto_handle_candidate,rule_assisted_needs_sample_review,other_or_needs_context,0.448,semantic_prototype_weak_label
2372826,2372824,684559,Tue Nov 14 00:07:13 +0000 2017,@XboxSupport ping,2372822,"@684559 The game is unreleased as of right now. We know you are excited, sit tight its almost time. ^XS",general_or_unclear_reply,review_required,rule_assisted_needs_sample_review,other_or_needs_context,0.441,semantic_prototype_weak_label
2375655,2375655,685253,Tue Nov 14 01:26:55 +0000 2017,"@XboxSupport  tengo problemas para enviar mensaje de texto y de voz porfavor ayudenme a solucionar este problema  ...   ya les envie un correo.

muchas gracias...",2375654,"@685253 Hi there! We're happy to help with any Xbox Support questions that you may have, but we're an English Support Channel. If you'd like to continue support in your native language, you can follow the link here: https://t.co/lUV7XYCGTq ^JA",public_documentation,auto_handle_candidate,rule_assisted_needs_sample_review,console_accessory_display,0.263,semantic_prototype_weak_label
2380162,2380162,686315,Sun Nov 26 08:33:16 +0000 2017,Ummm @XboxSupport why does my Xbox one power brick keep cutting off and how do I fix it?,2380160,@686315 Sorry to hear! There's a guide here: https://t.co/TkHy1RwPAj that can help you troubleshoot that further; can you run through that &amp; let us know?  ^QZ,public_documentation,auto_handle_candidate,rule_assisted_needs_sample_review,other_or_needs_context,0.357,semantic_prototype_weak_label
2382118,2382118,686750,Tue Nov 14 05:41:28 +0000 2017,"@XboxSupport I pre-ordered star wars the deluxe edition, didn't get any of my bonuses. At all.",2382116,@686750 Hiya! Mind sending us a direct message https://t.co/nPX1yNXCi5 with your gamertag?  ^JA,private_account_investigation,escalate,rule_assisted_needs_sample_review,billing_codes_refunds,0.337,semantic_prototype_weak_label
2382118,2382117,686750,Tue Nov 14 06:02:12 +0000 2017,@XboxSupport Done,2382119,"@686750 Thanks for that! To clarify, what bonuses have you not gotten yet? ^JS",needs_more_context,escalate,rule_assisted_needs_sample_review,account_access_profile,0.487,semantic_prototype_weak_label
2387003,2387003,687868,Fri Oct 27 20:57:22 +0000 2017,Bored. If anyone wants to play some Xbox 1 then hit me up.,2387002,"@687868 Have you tried using the Looking for Group feature to find people to play with on Xbox Live? 
 ^RR",general_or_unclear_reply,review_required,rule_assisted_needs_sample_review,other_or_needs_context,0.417,semantic_prototype_weak_label
2410784,2410784,681385,Sun Nov 26 16:26:21 +0000 2017,@XboxSupport How many bans from Xbox Live does it take to get your account permabanned?,2410783,"@681385 We don't have any info on suspensions here, I'm afraid; you can find more info on that at https://t.co/Xw7VdedQBm ^BZ",enforcement_review,escalate,rule_assisted_needs_sample_review,safety_enforcement_security,0.677,semantic_prototype_weak_label
2413519,2413519,693803,Tue Nov 14 09:13:49 +0000 2017,@Xboxsupport I am having trouble with xbox live,2413518,@693803 Hi there! Could you DM https://t.co/nPX1yNXCi5 us your Gamertag and details about what you're specifically seeing? ^JS,private_account_investigation,escalate,rule_assisted_needs_sample_review,account_access_profile,0.588,semantic_prototype_weak_label
2415203,2415203,174038,Tue Nov 14 06:58:33 +0000 2017,"@XboxSupport I switched my Xbox off last Sunday evening and didn't touch it since, but just now it started up completely at random, without me doing anything. What gives?",2415201,"@174038 Hi there! Just to check, are you plugged into a power strip, surge protector, or directly into a wall socket?  ^JS",general_or_unclear_reply,review_required,rule_assisted_needs_sample_review,account_access_profile,0.475,semantic_prototype_weak_label
2415203,2415202,174038,Tue Nov 14 17:33:51 +0000 2017,@XboxSupport It's a power strip. (Although the Xbox is the only device connected to it.),2415204,"@174038 Gotcha. To make sure, do you happen to notice this issue when you try using a wall outlet instead of a power strip? ^TJ",public_troubleshooting,auto_handle_candidate,rule_assisted_needs_sample_review,connectivity_xbox_live,0.421,semantic_prototype_weak_label
2415203,2415205,174038,Tue Nov 14 18:03:44 +0000 2017,@XboxSupport I wouldn't know tbh. It's always been hooked up like this. The issue hasn't occurred before or since. Just this morning.,2415206,"@174038 Okay, try plugging it directly into the wall. Let us know if this issue continues. ^RM",public_troubleshooting,auto_handle_candidate,rule_assisted_needs_sample_review,other_or_needs_context,0.523,semantic_prototype_weak_label
2420218,2420218,197753,Sat Nov 25 21:11:57 +0000 2017,"@XboxSupport never mind, I have been doing it wrong. I fix my own problem.",2420217,"@197753 Hi there! Glad to hear it's all sorted out, have a great night!  ^BL",general_or_unclear_reply,review_required,rule_assisted_needs_sample_review,account_access_profile,0.520,semantic_prototype_weak_label
2420236,2420235,695245,Sat Nov 25 20:24:49 +0000 2017,"@XboxSupport @XboxSupport Still no response.. Power cycle, dis-and reconnecting power cable and removing and adding account all didn't work. GT: Ritze OmG",2420233,"@695245 Hello, would you be able to direct message us with your Gamertag so we can better assist you?
 ^RM",private_account_investigation,escalate,rule_assisted_needs_sample_review,account_access_profile,0.690,semantic_prototype_weak_label
2420261,2420259,695252,Sat Nov 25 21:34:10 +0000 2017,@XboxSupport,2420258,"@695252 We'd be happy to help, but we could use more info. Could you follow &amp; DM @Xboxsupport with your Gamertag &amp; some details? ^EZ",private_account_investigation,escalate,rule_assisted_needs_sample_review,account_access_profile,0.490,semantic_prototype_weak_label
2421388,2421384,695532,Tue Nov 14 18:14:01 +0000 2017,"@XboxSupport OK. Done. Hitting A will not pause 🚫, but bringing up the controls with B and pausing from there does work. Thx.",2421386,@695532 Let's try running this DVD on another player to see if this issue is that your DVD burn isn't compatible with players. ^CO,public_troubleshooting,auto_handle_candidate,rule_assisted_needs_sample_review,other_or_needs_context,0.311,semantic_prototype_weak_label
2421388,2421388,695532,Tue Nov 14 17:37:26 +0000 2017,"@XboxSupport Hi. Any reason why the Blue-Ray player won’t pause, FF or Rewind the DVD I’m playing?  I try but I get 🚫in the corner.  thx.",2421385,"@695532 Hi there! Do you notice this issue with all Blu-Ray discs or one in particular? Also, let's try deleting the 1/2 ^TJ",public_troubleshooting,auto_handle_candidate,rule_assisted_needs_sample_review,other_or_needs_context,0.271,semantic_prototype_weak_label
2429942,2429942,697585,Tue Nov 14 18:14:08 +0000 2017,@XboxSupport Hi XboxSupport! I'm having issues with my controller; I'm experiencing stick-drift. I believe my Xbox (and controller) are still under warranty.,2429941,"@697585 Okay, you can go here to schedule a repair for the device https://t.co/v9YfjCym1O
 ^RM",repair_or_warranty_process,escalate,rule_assisted_needs_sample_review,console_accessory_display,0.434,semantic_prototype_weak_label
2433359,2433359,698311,Tue Nov 14 16:50:51 +0000 2017,"@XboxSupport  my girlfriend and I play games together with other people, we both use stereo headsets in party, makes it difficult hearing eachother(same console in same room). Is there no option to hear her thru my headset anywhere? Thanks",2433358,"@698311 Hi there! If you go to settings&gt;Display &amp; Sound&gt;Volume, do you see the option to change your party char output settings? ^TJ",public_troubleshooting,auto_handle_candidate,rule_assisted_needs_sample_review,other_or_needs_context,0.254,semantic_prototype_weak_label
2436579,2436576,197418,Sun Oct 29 05:15:31 +0000 2017,@311271 @XboxSupport more than 96 hours i think for 2 games.,2436574,@197418 page for this mission. You can also reach out to the Xbox Rewards team here: https://t.co/Pvlo6GnGXR .  2 ^ZM,public_documentation,auto_handle_candidate,rule_assisted_needs_sample_review,account_access_profile,0.459,semantic_prototype_weak_label
2436579,2436576,197418,Sun Oct 29 05:15:31 +0000 2017,@311271 @XboxSupport more than 96 hours i think for 2 games.,2436578,"@197418 Hi there, you'll want to ensure you follow the steps here: https://t.co/iqJG4Rfpi8 including the info on the FAQ  1 ^ZM",public_documentation,auto_handle_candidate,rule_assisted_needs_sample_review,account_access_profile,0.459,semantic_prototype_weak_label
2438973,2438973,699558,Tue Nov 14 17:58:19 +0000 2017,@XboxSupport fix your damn servers!!!,2438972,"@699558 Hey there. What exactly are you seeing? Can you dm your GT and more specifics so we can take a look with you? Happy to help:  ^IS
 https://t.co/3ZhVDWKaYU",needs_more_context,escalate,rule_assisted_needs_sample_review,account_access_profile,0.475,semantic_prototype_weak_label
2440173,2440173,699859,Tue Nov 14 20:31:26 +0000 2017,@XboxSupport why oh why is my Xbox one X freezing up...😂,2440172,@699859 use this guide to resolve the issue you are experiencing. https://t.co/YX3UgNYfB6  2 ^RM,public_documentation,auto_handle_candidate,rule_assisted_needs_sample_review,other_or_needs_context,0.467,semantic_prototype_weak_label
2440173,2440173,699859,Tue Nov 14 20:31:26 +0000 2017,@XboxSupport why oh why is my Xbox one X freezing up...😂,2440174,"@699859 Hey, is your console freezing during gameplay or during startup? You can  1 ^RM",general_or_unclear_reply,review_required,rule_assisted_needs_sample_review,other_or_needs_context,0.467,semantic_prototype_weak_label
2442258,2442258,700362,Tue Nov 14 20:29:20 +0000 2017,@XboxSupport hi my Xbox is turning off suddenly while I'm playing call of duty what do I do,2442257,"@700362 Hello, thanks for reaching out to us. Are you plugged into a surge protector by any chance? ^CO",general_or_unclear_reply,review_required,rule_assisted_needs_sample_review,account_access_profile,0.430,semantic_prototype_weak_label
2443355,2443355,633909,Tue Nov 14 20:54:17 +0000 2017,@XboxSupport problem with gamer picture not changing after setting it,2443354,@633909 Hello! Can you DM us your gamertag and if you see the gamertag charge listed here: https://t.co/Vdnoh9l6jQ ^CO,private_account_investigation,escalate,rule_assisted_needs_sample_review,account_access_profile,0.430,semantic_prototype_weak_label
2444065,2444065,700802,Sun Nov 26 06:30:09 +0000 2017,"Tell me why my Xbox Live account is suspended, did I do something wrong I’m unaware of?@XboxSupport",2444064,"@700802 Hi there. We don't have any influence on suspensions, I'm afraid; if you like, you can submit a case review: https://t.co/JoGQTtB3Sp ^BZ",enforcement_review,escalate,rule_assisted_needs_sample_review,safety_enforcement_security,0.620,semantic_prototype_weak_label
2444598,2444598,700931,Tue Nov 14 22:41:07 +0000 2017,"My Xbox won’t read my external HDD anymore. I have followed the troubleshooting steps, and still no luck @XboxSupport",2444597,@700931 Oh no. Definitely no fun. Does this persist in all ports in the console by chance? If so can you dm your GT and the steps you went through exactly? ^IS,public_troubleshooting,auto_handle_candidate,rule_assisted_needs_sample_review,account_access_profile,0.378,semantic_prototype_weak_label
2446892,2446892,701444,Wed Nov 15 00:07:59 +0000 2017,All started after I updated my Xbox nothings broke on my remote just hit home button the. It starts,2446891,"@701444 Hi there. Are you referring the issue with Twitch you mentioned before? Are you seeing any errors, do you mind DM'ing us your Gamertag?  ^JL",private_account_investigation,escalate,rule_assisted_needs_sample_review,account_access_profile,0.512,semantic_prototype_weak_label
2447866,2447866,519267,Tue Nov 14 23:53:29 +0000 2017,@XboxSupport what's wrong with upload studio?  I can't edit clips anymore.,2447865,"@519267 Hello, thanks for reaching out to us. Can you DM us your gamertag and details of your issue? ^CO",private_account_investigation,escalate,rule_assisted_needs_sample_review,account_access_profile,0.393,semantic_prototype_weak_label
2449966,2449966,702166,Sun Oct 29 13:59:48 +0000 2017,@XboxSupport but the 2nd and 3rd times my external hard drive was wiped too. And the same has happened to my roommate multiple times too 2/2,2449965,"@702166 We'd be happy to help, but could use more info. Could you follow &amp; DM @Xboxsupport with your Gamertag &amp; some details? ^EZ",private_account_investigation,escalate,rule_assisted_needs_sample_review,account_access_profile,0.498,semantic_prototype_weak_label
2450702,2450702,702330,Sun Oct 29 15:37:03 +0000 2017,"@XboxSupport hey, getting message your profile doesn't have permission to access GTA Online on GTA 5. I have Gold... Any help ?",2450700,"@702330 We'd be happy to help, but we could use more info. Could you follow &amp; DM @Xboxsupport with your Gamertag &amp; some details? ^EZ",private_account_investigation,escalate,rule_assisted_needs_sample_review,account_access_profile,0.511,semantic_prototype_weak_label
2451527,2451527,667120,Sun Oct 29 16:28:19 +0000 2017,@XboxSupport someone asked to share my Xbox Live. What does that mean,2451525,@667120 It sounds like they are referring to sharing the features of Xbox Live Gold on an Xbox One console: https://t.co/OIPSL0yWEG  ^EZ,public_documentation,auto_handle_candidate,rule_assisted_needs_sample_review,other_or_needs_context,0.528,semantic_prototype_weak_label
2451527,2451526,667120,Sun Oct 29 19:31:48 +0000 2017,@XboxSupport Is it possible for them to get my personal details if I was to share,2451528,"@667120 If you would like to add security to your account on a Home console, you could set up a passkey: https://t.co/WAH1QShxOx 1 ^EZ",public_documentation,auto_handle_candidate,rule_assisted_needs_sample_review,account_access_profile,0.461,semantic_prototype_weak_label
2451930,2451930,702584,Sun Oct 29 11:27:45 +0000 2017,@115786 getting tired of the sign in problems!!!!!!!!,2451929,@702584 Xbox Live on your Xbox One console. Let us know if that helps.  2 ^ZM,general_or_unclear_reply,review_required,rule_assisted_needs_sample_review,account_access_profile,0.290,semantic_prototype_weak_label
2451930,2451930,702584,Sun Oct 29 11:27:45 +0000 2017,@115786 getting tired of the sign in problems!!!!!!!!,2451931,"@702584 Hi there, please try the steps here: https://t.co/v9lzbGif7a if you're having trouble connecting to  1 ^ZM",public_documentation,auto_handle_candidate,rule_assisted_needs_sample_review,account_access_profile,0.290,semantic_prototype_weak_label
2452760,2452760,702755,Wed Nov 15 01:30:56 +0000 2017,@XboxSupport hey im having connectivity issues across the xbox with some friends i also tried changing my gamerpic but it never uploads it?,2452759,"@702755 Hello, thanks for reaching out to us. Can you DM us your gamertag, detailed network stats, and NAT type? ^CO",private_account_investigation,escalate,rule_assisted_needs_sample_review,account_access_profile,0.486,semantic_prototype_weak_label
2452789,2452789,598906,Wed Nov 15 01:30:05 +0000 2017,@XboxSupport is there a reason why the league pass app keeps saying error every 5 minutes??,2452788,"@598906 Hello, thanks for reaching out to us. Can you DM us your gamertag and a photo of the error you're seeing? ^CO",visual_evidence_required,escalate,rule_assisted_needs_sample_review,account_access_profile,0.442,semantic_prototype_weak_label
2453477,2453477,702897,Sun Oct 29 13:58:50 +0000 2017,@XboxSupport can i buy Black on the web live store to play it on my XOne?,2453475,@702897 it on the Xbox Store would allow you to play it on your Xbox One console.  2 ^ZM,general_or_unclear_reply,review_required,rule_assisted_needs_sample_review,how_to_product_information,0.412,semantic_prototype_weak_label
2453477,2453477,702897,Sun Oct 29 13:58:50 +0000 2017,@XboxSupport can i buy Black on the web live store to play it on my XOne?,2453478,"@702897 Hi there, if the game, ""Black"" is available to be purchased in your region then yes, purchasing  1 ^ZM",general_or_unclear_reply,review_required,rule_assisted_needs_sample_review,how_to_product_information,0.412,semantic_prototype_weak_label
2455724,2455722,703476,Wed Nov 15 02:06:30 +0000 2017,@XboxSupport Pitiful that every time I turn this damn thing on there is something stupid like this. Never have a problem on PS4 and wouldn't even own this crap if it wasn't for friends owning this garbage,2455721,"@703476 Hello, we're here to help! Can you DM us your gamertag? Do you see your purchase completed here: https://t.co/rVVhHjUyS3 ^CO",private_account_investigation,escalate,rule_assisted_needs_sample_review,other_or_needs_context,0.445,semantic_prototype_weak_label
2456724,2456724,260881,Wed Nov 15 02:21:15 +0000 2017,@XboxSupport I thought this might be fixed but on my original Xbox One when set to output Atmos it works perfectly but other non-Atmos videos default to stereo or upmixed to fake “Surround”. The same is happening with my Xbox One X. Frustrating to keep changing back the settings.,2456722,"@260881 Hello, thanks for reaching out to us. We cannot speculate on why some video services do not support Atmos at this time. ^CO",visual_evidence_required,escalate,rule_assisted_needs_sample_review,other_or_needs_context,0.242,semantic_prototype_weak_label
2456724,2456723,260881,Wed Nov 15 17:36:08 +0000 2017,@XboxSupport Don’t know if you understood. In Netflix app Atmos videos work well but when watching other non atmos titles there’s not even 5.1 as stated but just reverts to stereo or upmixed surround. So after turning off Atmos in Xbox settings I get 5.1 sound coming through.Atmos blocks 5.1!,2456725,"@260881 Thanks for your patience! To clarify, are you only seeing that when playing non-Atmos content via the Netflix app, or do you see that happening with non-Atmos content in other apps as well? ^QZ",needs_more_context,escalate,rule_assisted_needs_sample_review,connectivity_xbox_live,0.217,semantic_prototype_weak_label
2456728,2456728,703719,Wed Nov 15 03:01:57 +0000 2017,"@XboxSupport bastante despecionado del servicio, tengo más de ocho meses con el error de no poder descargar juegos de xbox 360en One y despues de casi dos horas de contacto no pudieron solucionar el error y me pidieron que consiguiera una consola Xbox 360 para poder  descargar",2456726,@703719 check out https://t.co/CaRvKEH21b to find out what number to call to get support in your language.  2 ^JL,public_documentation,auto_handle_candidate,rule_assisted_needs_sample_review,other_or_needs_context,0.516,semantic_prototype_weak_label
2456728,2456727,703719,Wed Nov 15 23:08:41 +0000 2017,@XboxSupport I get this  message when i use Pc if i try using console it kicked me out immediately https://t.co/zCccY7s8UZ,2456729,@703719 Thanks for the picture. So you're saying you're not able to claim Games with Gold games unless it's from an Xbox 360? What page are you trying to access when you get the error in the photo? Are you able to properly load up this page: https://t.co/twzrENZeEu? ^AK,visual_evidence_required,escalate,rule_assisted_needs_sample_review,account_access_profile,0.582,semantic_prototype_weak_label
2456728,2456730,703719,Wed Nov 15 23:37:49 +0000 2017,@XboxSupport I dont have  Xbox 360 im using an Xbox One and yes im able to load up that page but the error begins at the moment of complete purchase not only with games with gold for 360 but also for Xbox 360 games backward compatibility which are not for free    (there is a credit card added,2456731,"@703719 Ah, gotcha. Have you tried making the purchase on multiple browsers as well? I went as if I was going to purchase and Xbox 360 game here and didn't run into any troubles. ^AK",general_or_unclear_reply,review_required,rule_assisted_needs_sample_review,account_access_profile,0.527,semantic_prototype_weak_label
2456728,2456728,703719,Wed Nov 15 03:01:57 +0000 2017,"@XboxSupport bastante despecionado del servicio, tengo más de ocho meses con el error de no poder descargar juegos de xbox 360en One y despues de casi dos horas de contacto no pudieron solucionar el error y me pidieron que consiguiera una consola Xbox 360 para poder  descargar",2456733,"@703719 We're an English speaking team here, are you able to continue in English? If not, you can  1 ^JL",general_or_unclear_reply,review_required,rule_assisted_needs_sample_review,other_or_needs_context,0.516,semantic_prototype_weak_label
2465170,2465170,705467,Sun Oct 29 16:51:38 +0000 2017,@XboxSupport i hae won a code for the walking dead a new fronter and its not in my downloads or ready to install but its been redemed halp,2465169,"@705467 Hi there! We'd be happy to help with this. Could you follow us back &amp; DM your GamerTag when you get a chance? 
 ^TJ",private_account_investigation,escalate,rule_assisted_needs_sample_review,game_content_download,0.329,semantic_prototype_weak_label
2465919,2465919,705648,Sun Oct 29 17:37:46 +0000 2017,@XboxSupport dm,2465918,"@705648 you purchased, you'll need to contact the retailer you purchased it at to explore your options.  2 ^ZM",general_or_unclear_reply,review_required,rule_assisted_needs_sample_review,account_access_profile,0.486,semantic_prototype_weak_label
2465919,2465919,705648,Sun Oct 29 17:37:46 +0000 2017,@XboxSupport dm,2465920,@705648 We're not able to provide a replacement code. If you no longer have access to the code  1 ^ZM,general_or_unclear_reply,review_required,rule_assisted_needs_sample_review,account_access_profile,0.486,semantic_prototype_weak_label
2467866,2467866,380009,Sun Oct 29 19:40:43 +0000 2017,@XboxSupport i need your help,2467864,"@380009 Hi there. Do you have an Xbox related issue for us? If so, please DM us your Gamertag and a description of the issue. ^JL",private_account_investigation,escalate,rule_assisted_needs_sample_review,account_access_profile,0.530,semantic_prototype_weak_label
2467866,2467865,397133,Sun Oct 29 21:16:57 +0000 2017,@XboxSupport @380009 I have an issue with uploading clips/screenshots to OneDrive. Had this problem very often and now i'm curious why bc i use my clips for IG..,2467867,@397133 Settings&gt;Detailed Network Statistics and the NAT currently displayed on the console?  2 ^JL,public_troubleshooting,auto_handle_candidate,rule_assisted_needs_sample_review,account_access_profile,0.278,semantic_prototype_weak_label
2467866,2467869,397133,Sun Oct 29 21:54:17 +0000 2017,@XboxSupport It's not a big problem but since i use my clips for Instagram it's a bit annoying to restart my xbox so i can upload to OneDrive :/,2467874,"@397133 Hmm, can you also send us those detailed network stats?  ^JL",general_or_unclear_reply,review_required,rule_assisted_needs_sample_review,how_to_product_information,0.371,semantic_prototype_weak_label
2467866,2467876,397133,Sun Oct 29 22:08:19 +0000 2017,@XboxSupport Those?,2467877,@397133 screen that shows your NAT on the right side 4 tabs down select that.  2 ^JL,general_or_unclear_reply,review_required,rule_assisted_needs_sample_review,other_or_needs_context,0.446,semantic_prototype_weak_label
2467866,2467879,397133,Sun Oct 29 22:28:46 +0000 2017,@XboxSupport There we go https://t.co/wmu4xYCE6c,2467880,@397133 Can you try a wired connection or move the equipment close enough to get it above 90%?  2 ^JL,public_troubleshooting,auto_handle_candidate,rule_assisted_needs_sample_review,other_or_needs_context,0.433,semantic_prototype_weak_label
2467866,2467882,397133,Sun Oct 29 22:35:31 +0000 2017,@XboxSupport Nvm just wanted to know if there's a quick solution. Its just weird to me that it works after restarting my xbox. But thanks for the help ;),2467884,@397133 to see if there is an issue with the network. We hope that helps a bit more.  2 ^JL,general_or_unclear_reply,review_required,rule_assisted_needs_sample_review,account_access_profile,0.429,semantic_prototype_weak_label
2467866,2467886,397133,Sun Oct 29 22:40:03 +0000 2017,@XboxSupport I will this. Thank you!,2467887,@397133 Cheers! We will be here if you need anything else. ^JL,general_or_unclear_reply,review_required,rule_assisted_needs_sample_review,other_or_needs_context,0.474,semantic_prototype_weak_label
2467866,2467882,397133,Sun Oct 29 22:35:31 +0000 2017,@XboxSupport Nvm just wanted to know if there's a quick solution. Its just weird to me that it works after restarting my xbox. But thanks for the help ;),2467885,"@397133 Alrighty, if you are having issues wired and wireless you may want to reach out to your ISP  1 ^JL",general_or_unclear_reply,review_required,rule_assisted_needs_sample_review,account_access_profile,0.429,semantic_prototype_weak_label
2467866,2467879,397133,Sun Oct 29 22:28:46 +0000 2017,@XboxSupport There we go https://t.co/wmu4xYCE6c,2467881,@397133 Thanks for that! Looks like the Wifi strength is below the suggested level for a stable connection.  1 ^JL,general_or_unclear_reply,review_required,rule_assisted_needs_sample_review,other_or_needs_context,0.433,semantic_prototype_weak_label
2467866,2467876,397133,Sun Oct 29 22:08:19 +0000 2017,@XboxSupport Those?,2467878,"@397133 Apologies for the confusion, we are looking for the detailed network stats. From the  1 ^JL",general_or_unclear_reply,review_required,rule_assisted_needs_sample_review,other_or_needs_context,0.446,semantic_prototype_weak_label
2467866,2467865,397133,Sun Oct 29 21:16:57 +0000 2017,@XboxSupport @380009 I have an issue with uploading clips/screenshots to OneDrive. Had this problem very often and now i'm curious why bc i use my clips for IG..,2467868,@397133 Heya! Would you mind sending a picture of your network stats: Settings&gt;Network&gt;Network  1 ^JL,visual_evidence_required,escalate,rule_assisted_needs_sample_review,account_access_profile,0.278,semantic_prototype_weak_label
2467893,2467893,706108,Sun Oct 29 19:58:51 +0000 2017,@115786 @XboxSupport my Xbox won’t load game or eject the disk and just freezes on the green Xbox page?,2467892,@706108 please try a manual eject: https://t.co/G1F09JJw8P . Let us know if that helps out. 3 ^ZM,public_documentation,auto_handle_candidate,rule_assisted_needs_sample_review,account_access_profile,0.506,semantic_prototype_weak_label
2467893,2467893,706108,Sun Oct 29 19:58:51 +0000 2017,@115786 @XboxSupport my Xbox won’t load game or eject the disk and just freezes on the green Xbox page?,2467894,"@706108 trouble with playing disc-based game, please try these steps: https://t.co/3cHWNKEExe . If the disc stuck,  2 ^ZM",public_documentation,auto_handle_candidate,rule_assisted_needs_sample_review,account_access_profile,0.506,semantic_prototype_weak_label
2467893,2467893,706108,Sun Oct 29 19:58:51 +0000 2017,@115786 @XboxSupport my Xbox won’t load game or eject the disk and just freezes on the green Xbox page?,2467895,"@706108 Hi there, if you're stuck on the green screen, please try these steps: https://t.co/dC1DijiaUy . For  1 ^ZM",public_documentation,auto_handle_candidate,rule_assisted_needs_sample_review,account_access_profile,0.506,semantic_prototype_weak_label
2467901,2467901,632198,Sun Oct 29 20:17:57 +0000 2017,@XboxSupport why won't my battlefield 4 install? I've been trying to play it for the past day. I keep hitting resume but it stops https://t.co/1t40P33fVF,2467900,"@632198 We'd be happy to help, but we could use more info. Could you follow &amp; DM @Xboxsupport with your Gamertag &amp; some details? ^EZ",private_account_investigation,escalate,rule_assisted_needs_sample_review,other_or_needs_context,0.252,semantic_prototype_weak_label
2481610,2481610,709070,Sun Oct 29 22:11:13 +0000 2017,"Have just had a message saying that the latest #XBoxOne update is causing the system to freeze when playing videos, any ideas? @XboxSupport",2481606,"@709070 We'd be happy to help, but we could use more info. Could you follow &amp; DM @Xboxsupport with your Gamertag &amp; some details? ^EZ",private_account_investigation,escalate,rule_assisted_needs_sample_review,other_or_needs_context,0.408,semantic_prototype_weak_label
2482266,2482266,197497,Sun Oct 29 22:40:29 +0000 2017,@XboxSupport Why doesn't my Kinect scan codes when I redeem a code anymore? Cortana use a code and the camera in the Kinect won't turn on.,2482264,"@197497 Feature return, be sure to let us know via the link here https://t.co/Ub2WjDyEcS 2/2 ^TJ",public_documentation,auto_handle_candidate,rule_assisted_needs_sample_review,billing_codes_refunds,0.378,semantic_prototype_weak_label
2482266,2482265,197497,Sun Oct 29 23:13:18 +0000 2017,@XboxSupport That's unfortunate. There are a lot of people who use Kinect and I'm one of them.,2482267,@197497 Be sure to provide feedback via the link we sent! 2/2  ^TJ,general_or_unclear_reply,review_required,rule_assisted_needs_sample_review,other_or_needs_context,0.385,semantic_prototype_weak_label
2482266,2482265,197497,Sun Oct 29 23:13:18 +0000 2017,@XboxSupport That's unfortunate. There are a lot of people who use Kinect and I'm one of them.,2482268,@197497 Totally understand the frustration regarding this! However we wouldn't be able to speculate on why this was removed. 1/2 ^TJ,general_or_unclear_reply,review_required,rule_assisted_needs_sample_review,other_or_needs_context,0.385,semantic_prototype_weak_label
2482266,2482266,197497,Sun Oct 29 22:40:29 +0000 2017,@XboxSupport Why doesn't my Kinect scan codes when I redeem a code anymore? Cortana use a code and the camera in the Kinect won't turn on.,2482269,@197497 Hi there. I'm afraid that the feature to scan QR codes has been removed. If you would like to see this 1/2 ^TJ,general_or_unclear_reply,review_required,rule_assisted_needs_sample_review,billing_codes_refunds,0.378,semantic_prototype_weak_label
2483335,2483335,709477,Sun Oct 29 23:16:30 +0000 2017,@XboxSupport for some reason my NAT type is strict. So how can I change it to open so I can play R6 with my friends,2483334,@709477 Hi there! This link here should have some steps to help get your NAT open https://t.co/0zBS4AjUXl  ^TJ,public_documentation,auto_handle_candidate,rule_assisted_needs_sample_review,other_or_needs_context,0.273,semantic_prototype_weak_label
2486277,2486277,710181,Wed Nov 15 08:18:22 +0000 2017,"Hi @XboxSupport, I'm in the UK and have discovered that my Xbox Account has been hacked, and someone has been playing my digital games. I would like to speak to a real person, please.",2486276,@710181 To the phone team to take a deeper look into this https://t.co/OVKS1fm8SB  2/2 ^TJ,public_documentation,auto_handle_candidate,rule_assisted_needs_sample_review,account_access_profile,0.585,semantic_prototype_weak_label
2486277,2486277,710181,Wed Nov 15 08:18:22 +0000 2017,"Hi @XboxSupport, I'm in the UK and have discovered that my Xbox Account has been hacked, and someone has been playing my digital games. I would like to speak to a real person, please.",2486278,"@710181 Oh no! For this, we recommend the steps in our guide here https://t.co/PjiL383pd4 Also, be sure to reach out 1/2 ^TJ",public_documentation,auto_handle_candidate,rule_assisted_needs_sample_review,account_access_profile,0.585,semantic_prototype_weak_label
2494405,2494405,711985,Wed Nov 15 16:52:36 +0000 2017,@XboxSupport i want reset my x box 360 buy used but i havent the  pass code,2494404,@711985 Some possible options https://t.co/lUV7XYl61S 2/2 ^TJ,public_documentation,auto_handle_candidate,rule_assisted_needs_sample_review,billing_codes_refunds,0.493,semantic_prototype_weak_label
2494405,2494405,711985,Wed Nov 15 16:52:36 +0000 2017,@XboxSupport i want reset my x box 360 buy used but i havent the  pass code,2494406,"@711985 Hi there! For something like this, we recommend reaching out to the live chat team to explore 1/2 ^TJ",specialist_handoff,escalate,rule_assisted_needs_sample_review,billing_codes_refunds,0.493,semantic_prototype_weak_label
2495098,2495098,712132,Mon Oct 30 00:14:04 +0000 2017,"@XboxSupport My notifications aren't showing up, I've reset, any other ideas?",2495096,"@712132 Hi there! Just to clarify, do you currently have your notifications set to On: https://t.co/qRfj2XWi8v  ^JA",needs_more_context,escalate,rule_assisted_needs_sample_review,account_access_profile,0.474,semantic_prototype_weak_label
2495098,2495097,712132,Mon Oct 30 00:41:52 +0000 2017,@XboxSupport yes,2495099,@712132 Gotcha. Let's have you try removing your profile from the console: https://t.co/zJxn1EMf83 1/2 ^JA,public_documentation,auto_handle_candidate,rule_assisted_needs_sample_review,account_access_profile,0.469,semantic_prototype_weak_label
2495631,2495631,712248,Mon Oct 30 00:30:32 +0000 2017,@XboxSupport Would like to know how to unlock a game in my son’s account,2495629,"@712248 Hi there! Just to clarify, are you currently trying to purchase a game for your Son's account?  ^JA",needs_more_context,escalate,rule_assisted_needs_sample_review,account_access_profile,0.531,semantic_prototype_weak_label
2495631,2495630,712248,Mon Oct 30 01:05:43 +0000 2017,"@XboxSupport Yes, is showing a msg that need a parent login to allow some restriction",2495632,"@712248 Gotcha. Just to clarify, have you added your Son's account to the Xbox family here: https://t.co/Cqx2NPxrBW 1/2 ^JA",needs_more_context,escalate,rule_assisted_needs_sample_review,account_access_profile,0.595,semantic_prototype_weak_label
2495631,2495634,712248,Mon Oct 30 02:11:12 +0000 2017,@XboxSupport Done! Tks,2495635,@712248 Awesome! If everything all set now? Let us know if we can assist further. ^JL,general_or_unclear_reply,review_required,rule_assisted_needs_sample_review,account_access_profile,0.463,semantic_prototype_weak_label
2498362,2498362,712883,Mon Oct 30 03:03:26 +0000 2017,@XboxSupport Any way to cancel a preorder and get a refund,2498361,@712883 Hi there! Let's check in with the chat team here: https://t.co/lUV7XYl61S to look into your options.  ^BL,specialist_handoff,escalate,rule_assisted_needs_sample_review,billing_codes_refunds,0.469,semantic_prototype_weak_label
2501217,2501217,583791,Wed Nov 15 18:16:01 +0000 2017,"@XboxSupport  why cant I apply for a review on my inforcement on mobile each time I accept the terms of service it sends me back to this menu (see image) 

Can I apply for a review thigh your dms https://t.co/P7mQCvJWHU",2501215,@583791 Hi there! Are you able to apply for a case review if you go on a PC? ^JS,enforcement_review,escalate,rule_assisted_needs_sample_review,other_or_needs_context,0.359,semantic_prototype_weak_label
2505369,2505369,714428,Wed Nov 15 19:10:23 +0000 2017,"@XboxSupport Trying to install Tales from the Borderlands and it says ""Make sure you're signed in to Xbox Live. Check your connection, then try installing again. (0x87e0000d)""",2505368,"@714428 Hi there! Let's check out our guide here for this download issue that you're seeing https://t.co/hU7IFbIJib
 ^TJ",public_documentation,auto_handle_candidate,rule_assisted_needs_sample_review,account_access_profile,0.396,semantic_prototype_weak_label
2505378,2505378,714431,Wed Nov 15 19:00:15 +0000 2017,It's been 2 weeks since you finessed me for my shadow of war expansion pack smh. @115786 @XboxSupport I'm an unsatisfied customer,2505377,"@714431 Hi there! We'd be happy to help with this. Could you follow us back &amp; DM your GamerTag when you get a chance? 
 ^TJ",private_account_investigation,escalate,rule_assisted_needs_sample_review,other_or_needs_context,0.428,semantic_prototype_weak_label
2505889,2505889,714533,Wed Nov 15 20:13:13 +0000 2017,@XboxSupport wieso? https://t.co/4lDMA9pUyJ,2505888,"@714533 Hi there! We're happy to help with any Xbox Support questions that you may have, but we're an English Support Channel. If you'd like to continue support in your native language, you can follow the link here: https://t.co/lUV7XYCGTq ^JA",public_documentation,auto_handle_candidate,rule_assisted_needs_sample_review,account_access_profile,0.383,semantic_prototype_weak_label
2507582,2507582,714926,Sun Dec 03 07:35:30 +0000 2017,"@XboxSupport I didn't get any ""prize"" for completing the November quest, so do i not get anything?",2507580,"@714926 Hi there! We were closed up overnight: https://t.co/XJOdrwH5K1 but we're back open now :)  

Are you referring to the Game Pass Goals ( https://t.co/ZDih5vg2Tv ), to clarify? Can you DM us your gamertag &amp; more details? https://t.co/nPX1yNG0Tv ^QZ",private_account_investigation,escalate,rule_assisted_needs_sample_review,billing_codes_refunds,0.380,semantic_prototype_weak_label
2507934,2507934,715003,Wed Nov 15 18:41:52 +0000 2017,@XboxSupport I'm trying to recover my old gamertag. I've given all of my information in the recovery form and got an email saying that my ISP has to assist me with my account recovery? HOW does that make any sense.,2507933,@715003 using the contact info here: https://t.co/AzyW87Q9j1 to take a closer look into this with you.  2 ^ZM,public_documentation,auto_handle_candidate,rule_assisted_needs_sample_review,account_access_profile,0.534,semantic_prototype_weak_label
2507934,2507934,715003,Wed Nov 15 18:41:52 +0000 2017,@XboxSupport I'm trying to recover my old gamertag. I've given all of my information in the recovery form and got an email saying that my ISP has to assist me with my account recovery? HOW does that make any sense.,2507935,"@715003 Hi there, if your account recovery was not successful, we recommend contacting chat or phone support  1 ^ZM",general_or_unclear_reply,review_required,rule_assisted_needs_sample_review,account_access_profile,0.534,semantic_prototype_weak_label
2508710,2508710,715210,Wed Nov 15 19:30:36 +0000 2017,@97428 @97429 @119514 @115786 @XboxSupport https://t.co/2ukUeH5NCi,2508708,"@715210 @97428 @97429 @119514 @115786 Hey there. I'm afraid that NBA 2K18 does not support uploading captures (screenshots and clips) to Xbox Live. You would need to reach out to 2K for further insight on this, as this would be the publisher's decision. ^AK",visual_evidence_required,escalate,rule_assisted_needs_sample_review,other_or_needs_context,0.415,semantic_prototype_weak_label
2508710,2508709,715210,Wed Nov 15 22:23:50 +0000 2017,@XboxSupport @97428 @97429 @119514 @115786 I asked them but they haven't responded. Thank you so much for a quick response! @119514 @130182,2508711,@715210 Got it. It may be worth it to submit a request here: https://t.co/AM2m1PGu9k . Definitely always happy to help.  ^IS,public_documentation,auto_handle_candidate,rule_assisted_needs_sample_review,other_or_needs_context,0.582,semantic_prototype_weak_label
2511119,2511118,715752,Sat Nov 25 23:02:47 +0000 2017,@116549 Please help !,2511117,"@715752 We'd be happy to help, but we could use more info. Could you follow &amp; DM @Xboxsupport with your Gamertag &amp; some details? ^EZ",private_account_investigation,escalate,rule_assisted_needs_sample_review,account_access_profile,0.186,semantic_prototype_weak_label
2519781,2519781,717753,Wed Nov 15 22:47:28 +0000 2017,@XboxSupport I've tested my connection and it's fine but yet I can't connect when I open any game,2519779,"@717753 Hello, thanks for reaching out to us. Can you DM us your gamertag and detailed network stats? ^CO",private_account_investigation,escalate,rule_assisted_needs_sample_review,account_access_profile,0.525,semantic_prototype_weak_label
2521470,2521470,718160,Wed Nov 15 23:14:09 +0000 2017,@XboxSupport ive tried everything i can think of. How can i fix my UPnP connection on my Xbox one?,2521469,@718160 To be sure have you checked out this page: https://t.co/DYI0xcbAhJ ? If so it may be something specific to your router and it would be worth it to reach out to the ISP for aid. ^IS,public_documentation,auto_handle_candidate,rule_assisted_needs_sample_review,account_access_profile,0.452,semantic_prototype_weak_label
2522873,2522873,718494,Thu Nov 16 00:04:08 +0000 2017,@XboxSupport is the Xbox servers down? Cause my system will connect to the WiFi but will not run anything but anything else connected to the WiFi in my house works just fine,2522871,@718494 We're not seeing anything here: https://t.co/99xfLMWcZW . Can you dm your GT and a pic of what your seeing when you try to connect and play specifically? ^IS,needs_more_context,escalate,rule_assisted_needs_sample_review,connectivity_xbox_live,0.569,semantic_prototype_weak_label
2522873,2522872,718494,Thu Nov 16 02:12:05 +0000 2017,@XboxSupport I figured out what happened! Thank you guys!,2522874,@718494 Glad you got it figured out. Hope you have a great one. ^IS,general_or_unclear_reply,review_required,rule_assisted_needs_sample_review,account_access_profile,0.492,semantic_prototype_weak_label
2523833,2523833,718717,Thu Nov 16 01:32:51 +0000 2017,Live now w/ @657672 https://t.co/mppXKhtiUo @688224 @97985 #SupportSmallStreamers,2523832,"@718717 We're not seeing anything like that here. Definitely odd. Can you dm your GT and if this persist when your logged into another profile?  ^IS
 https://t.co/3ZhVDWKaYU",public_documentation,auto_handle_candidate,rule_assisted_needs_sample_review,other_or_needs_context,0.306,semantic_prototype_weak_label
2525803,2525803,719209,Wed Nov 15 22:58:47 +0000 2017,&amp;quot;Ich ben&amp;#246;tige Hilfe bei Systemaktualisierungen auf meiner Xbox&amp;#160;One&amp;quot; https://t.co/WIcN11hlrB via @xboxsupport,2525802,"@719209 Hi. We're an English speaking team here, are you able to continue in English? If not, you can start a chat https://t.co/A27lh3ZPxy to get support in your language. If you can continue in English, please DM us some details about your issue. ^AK",private_account_investigation,escalate,rule_assisted_needs_sample_review,how_to_product_information,0.276,semantic_prototype_weak_label
2526699,2526699,719441,Thu Nov 16 03:10:12 +0000 2017,Can’t connect to the @98003 on @115786. @XboxSupport know what to do?,2526698,"@719441 Hi there! Just to clarify, are you currently connected to Xbox Live: https://t.co/4ZtgUx8PHO  ^JA",needs_more_context,escalate,rule_assisted_needs_sample_review,account_access_profile,0.537,semantic_prototype_weak_label
2527316,2527316,719615,Wed Nov 15 23:54:01 +0000 2017,"@XboxSupport Hello. My name is Ygor and i have a problem with my Xbox 360. My Xbox 360 was initially scheduled on Xbox Live with my sister's account. But I want to change it to my account. But when I started my console, a message appeared with the code 8015D003. And now?",2527315,@719615 Hello. This guide here https://t.co/9rU1NrXLt2 has some steps to help with that exact error code. ^AK,public_documentation,auto_handle_candidate,rule_assisted_needs_sample_review,account_access_profile,0.584,semantic_prototype_weak_label
2529004,2529004,479408,Thu Nov 16 03:46:33 +0000 2017,@XboxSupport Having issues my XB1X Project Scorpio controller. If I submit a work order will it be replaced with an identical special edition controller? Or a regular controller? #xbox #xboxonex #microsoft #xboxsupport #xb1 #projectscorpio,2529002,@479408 Hi there! What seems to be the trouble that you are experiencing with your controller? We'd be happy to help troubleshoot. ^JA,public_troubleshooting,auto_handle_candidate,rule_assisted_needs_sample_review,other_or_needs_context,0.389,semantic_prototype_weak_label
2535159,2535159,721282,Sun Nov 26 16:02:42 +0000 2017,"@XboxSupport why is there another person's address on my account, I can tell you for certain that I never entered this in https://t.co/1qu5PfqUZi",2535158,"@721282 Thanks for reaching out! For this, you'll need to work with the chat/phone team specifically: https://t.co/LFZ7ig1llk to look into your account more deeply and securely with you. ^QZ",public_documentation,auto_handle_candidate,rule_assisted_needs_sample_review,account_access_profile,0.554,semantic_prototype_weak_label
2535171,2535171,721285,Sun Nov 26 15:14:57 +0000 2017,@XboxSupport is there any sort of issues if I gift a game to someone in the UK if I am in America?,2535170,@721285 Hi there! It looks like gifts can only be purchased and redeemed by users in the same country/region https://t.co/qcRBzjBPbg ^JS,public_documentation,auto_handle_candidate,rule_assisted_needs_sample_review,billing_codes_refunds,0.361,semantic_prototype_weak_label
2551607,2551607,724855,Mon Oct 30 05:49:42 +0000 2017,@XboxSupport Xbox parties are messing up when will Xbox fix this problem.,2551606,"@724855 Hi there! We'd be happy to help with this. Could you follow us back &amp; DM your GamerTag when you get a chance? 
 ^TJ",private_account_investigation,escalate,rule_assisted_needs_sample_review,other_or_needs_context,0.523,semantic_prototype_weak_label
2561047,2561044,726886,Thu Nov 16 16:29:48 +0000 2017,@726887 @115754 @ATVIAssist @115765 @XboxSupport @115786 I bought it digitally,2561043,@726886 Hi there! Could you DM https://t.co/nPX1yNXCi5 us your gamertag so we can collect some more info on this? ^JS,private_account_investigation,escalate,rule_assisted_needs_sample_review,billing_codes_refunds,0.480,semantic_prototype_weak_label
2562585,2562585,727214,Sun Nov 26 11:57:41 +0000 2017,@XboxSupport is there game pass on Xbox one x?,2562584,@727214 Hey there! There absolutely is! You can check here: https://t.co/zkqFQDP3zi for more on that! ^BZ,public_documentation,auto_handle_candidate,rule_assisted_needs_sample_review,subscription_game_pass_gold,0.532,semantic_prototype_weak_label
2562947,2562947,727302,Thu Nov 16 05:07:36 +0000 2017,@XboxSupport your ESPN app keeps crashing all the time. What the hell???,2562946,@727302 Xbox One console &amp; router/modem and then reinstalling the app. Any change?  2 ^ZM,general_or_unclear_reply,review_required,rule_assisted_needs_sample_review,account_access_profile,0.413,semantic_prototype_weak_label
2562947,2562947,727302,Thu Nov 16 05:07:36 +0000 2017,@XboxSupport your ESPN app keeps crashing all the time. What the hell???,2562948,"@727302 Hi there, please try uninstalling the ESPN app, power cycling: https://t.co/QENEhDawC3 your  1 ^ZM",public_documentation,auto_handle_candidate,rule_assisted_needs_sample_review,account_access_profile,0.413,semantic_prototype_weak_label
2570598,2570597,729013,Mon Oct 30 14:54:04 +0000 2017,@XboxSupport fixed it,2570595,@729013 Hi there! Glad to hear that things are up &amp; running on your end. Take care &amp; have a great day :)  ^TJ,general_or_unclear_reply,review_required,rule_assisted_needs_sample_review,account_access_profile,0.551,semantic_prototype_weak_label
2573099,2573099,729720,Thu Nov 16 19:04:28 +0000 2017,"@XboxSupport Hi ordered fifa18 icon edition and not received any of the ronaldo loan packs, spoke to ure support and no help and can’t find email on your site to get in touch .! Please help .!!",2573098,@729720 are having along with your Gamertag? Please include verbatims of any error you are seeing.  2 ^XS,private_account_investigation,escalate,rule_assisted_needs_sample_review,billing_codes_refunds,0.370,semantic_prototype_weak_label
2573099,2573099,729720,Thu Nov 16 19:04:28 +0000 2017,"@XboxSupport Hi ordered fifa18 icon edition and not received any of the ronaldo loan packs, spoke to ure support and no help and can’t find email on your site to get in touch .! Please help .!!",2573100,"@729720 Hey there, can you please DM us with a full description of the issue you  1 ^XS",private_account_investigation,escalate,rule_assisted_needs_sample_review,billing_codes_refunds,0.370,semantic_prototype_weak_label
2575888,2575888,730405,Thu Nov 16 21:06:08 +0000 2017,@XboxSupport I think I found a bug that people can buy games for free.,2575886,@730405 Hi there! Do you mind DM'ing us your Gamertag so we can gather a bit of info?  ^JL,private_account_investigation,escalate,rule_assisted_needs_sample_review,billing_codes_refunds,0.487,semantic_prototype_weak_label
2577470,2577470,730796,Thu Nov 16 21:06:52 +0000 2017,@XboxSupport How do I suspend my (son's) xbox one live account?,2577469,@730796 Hi there! You could potentially change his settings to limit what can be accessed https://t.co/71eNbpwVbi  ^JS,public_documentation,auto_handle_candidate,rule_assisted_needs_sample_review,account_access_profile,0.484,semantic_prototype_weak_label
2577480,2577480,480930,Thu Nov 16 21:05:34 +0000 2017,"@XboxSupport hi, I’m getting this every time I try to buy Fifa points. Tried credit card, debit card and PayPal but nothing works. Thanks https://t.co/PKvT8aySzA",2577478,"@480930 Thanks for reaching out! The appropriate teams are aware and working to get this fixed! We thank you for your patience while they do!
 ^JS",general_or_unclear_reply,review_required,rule_assisted_needs_sample_review,billing_codes_refunds,0.366,semantic_prototype_weak_label
2577480,2577479,480930,Thu Nov 16 21:59:51 +0000 2017,"@XboxSupport Ok thanks, within the next 23 hours before promo packs expire?? 😁",2577481,@480930 It does seem this is resolving for most. Can you try again on the console and on https://t.co/6DxzuMLtkS by chance? Keep us in the loop.  ^IS,public_documentation,auto_handle_candidate,rule_assisted_needs_sample_review,other_or_needs_context,0.385,semantic_prototype_weak_label
2577480,2577482,480930,Fri Nov 17 09:27:17 +0000 2017,@XboxSupport Nope it’s still not working this morning,2577483,"@480930 Okay. In this case, let's have you reach out to the live chat team: https://t.co/lUV7XYl61S as they'll be able to dig into this a bit deeper with you! ^BZ",specialist_handoff,escalate,rule_assisted_needs_sample_review,account_access_profile,0.462,semantic_prototype_weak_label
2579773,2579773,211706,Thu Nov 16 21:27:26 +0000 2017,"@XboxSupport I'm having trouble buying games both on the console and on the web, trying to use Microsoft account balance and getting errors.",2579772,"@211706 Hello, this is an issue we are currently looking into, stay updated here: https://t.co/dG2dbIAHPz ^CO",public_documentation,auto_handle_candidate,rule_assisted_needs_sample_review,account_access_profile,0.600,semantic_prototype_weak_label
2582390,2582390,731857,Thu Nov 16 20:30:21 +0000 2017,Hi @117331 @XboxSupport how comes the US Film and tv store has 4k and hdr content/movies and yet the uk store is limited to just hd? It's a little disappointing considering I've got a brand spanking new xbox one x scorpio edition and I cant access the same stuff as US.,2582388,@731857 Hey there! We can't speculate on store updates here. We recommend checking https://t.co/1QSni2GOvR for updates. ^CO,public_documentation,auto_handle_candidate,rule_assisted_needs_sample_review,how_to_product_information,0.388,semantic_prototype_weak_label
2584897,2584885,162391,Fri Nov 17 00:06:26 +0000 2017,@XboxSupport any help please from Xbox one support not from random people,2584882,@162391 For this you can go through the offline update steps here: https://t.co/a7IQTZCDNU that will get you to the proper link to address that.  ^IS,public_documentation,auto_handle_candidate,rule_assisted_needs_sample_review,account_access_profile,0.580,semantic_prototype_weak_label
2584897,2584883,732479,Fri Nov 17 00:19:10 +0000 2017,@XboxSupport @162391 Why does the voices on Xbox sound so bad,2584886,@732479 a DM: https://t.co/nPX1yNXCi5 with your gamertag and a detailed summary of the issue you're experiencing?  2 ^ZM,private_account_investigation,escalate,rule_assisted_needs_sample_review,other_or_needs_context,0.446,semantic_prototype_weak_label
2584897,2584888,732479,Fri Nov 17 01:29:33 +0000 2017,@XboxSupport No right after I got the system update my friends and our mics sounded like megatron,2584889,@732479 Recommend trying the steps here: https://t.co/n5vCnmU7ff to see if that helps.  ^RR,public_documentation,auto_handle_candidate,rule_assisted_needs_sample_review,other_or_needs_context,0.391,semantic_prototype_weak_label
2584897,2584883,732479,Fri Nov 17 00:19:10 +0000 2017,@XboxSupport @162391 Why does the voices on Xbox sound so bad,2584887,"@732479 Hi there, we'd like to help but could use more info. Can you please send us  1 ^ZM",needs_more_context,escalate,rule_assisted_needs_sample_review,other_or_needs_context,0.446,semantic_prototype_weak_label
2584897,2584884,162391,Fri Nov 17 01:08:33 +0000 2017,@XboxSupport that was a waste of time I want the version update link not a silly offline thing,2584890,"@162391 That link will help you with your specific version of Xbox. This page has the download if you click on ""Restore Factory Defaults"".  ^IS",general_or_unclear_reply,review_required,rule_assisted_needs_sample_review,other_or_needs_context,0.490,semantic_prototype_weak_label
2584897,2584892,162391,Fri Nov 17 01:15:23 +0000 2017,@XboxSupport Waste my time asked as you don't have a clue what I ask,2584893,"@162391 Apologies, we are pretty lost in determining what your looking for. We thought you were referring to a link to the actual update file. What exactly are you looking for and what are you trying to do? Feel free to Dm for a deeper description. ^IS",public_troubleshooting,auto_handle_candidate,rule_assisted_needs_sample_review,other_or_needs_context,0.571,semantic_prototype_weak_label
2584942,2584938,732485,Thu Nov 16 23:57:54 +0000 2017,@XboxSupport Power strip,2584936,@732485 Recommend plugging the console directly into a wall outlet then see if this still occurs.   ^RR,general_or_unclear_reply,review_required,rule_assisted_needs_sample_review,other_or_needs_context,0.408,semantic_prototype_weak_label
2584942,2584940,732485,Thu Nov 16 23:55:53 +0000 2017,"@XboxSupport Nope, set to power save. No Kinect hooked up or controllers being near anyone",2584939,@732485 Do you have the console plugged into a wall outlet or a power strip?  ^RR,general_or_unclear_reply,review_required,rule_assisted_needs_sample_review,other_or_needs_context,0.380,semantic_prototype_weak_label
2584942,2584942,732485,Thu Nov 16 23:40:57 +0000 2017,@XboxSupport is it normal for Xbox One models to start up on their own?,2584941,"@732485 Hello! Do you have your console set to Instant-on mode? If so, if maybe updating something.   ^RR",general_or_unclear_reply,review_required,rule_assisted_needs_sample_review,other_or_needs_context,0.379,semantic_prototype_weak_label
2584947,2584947,702424,Thu Nov 16 23:50:45 +0000 2017,@115786 it’s not that I don’t want the Xbox one x I do but I am a hardcore ps4 fan and I don’t have the money to spend on a Xbox one x just not to like it @XboxSupport idk what to do what do u guys think I should go,2584946,@702424 Hello! If you are able to visit a nearby Microsoft Store you can check out the Xbox One X in person.   ^RR,general_or_unclear_reply,review_required,rule_assisted_needs_sample_review,game_content_download,0.362,semantic_prototype_weak_label
2585929,2585929,732738,Thu Nov 16 22:19:59 +0000 2017,@XboxSupport @160829 Help? https://t.co/oRiFxWlpVW,2585928,@732738 DM us your Gamertag and clarify what the issue is that you're having so we can investigate?  2 ^BZ,private_account_investigation,escalate,rule_assisted_needs_sample_review,account_access_profile,0.545,semantic_prototype_weak_label
2585929,2585929,732738,Thu Nov 16 22:19:59 +0000 2017,@XboxSupport @160829 Help? https://t.co/oRiFxWlpVW,2585930,@732738 Heyo! We'd like to Direct Message so we can collect some more information. Can you follow and  1 ^BZ,private_account_investigation,escalate,rule_assisted_needs_sample_review,account_access_profile,0.545,semantic_prototype_weak_label
2589919,2589918,733621,Mon Oct 30 18:41:08 +0000 2017,@XboxSupport,2589917,@733621 Hi! This link here should have some step by step instructions on how to submit a case review https://t.co/U1yn6tkAAG  ^TJ,enforcement_review,escalate,rule_assisted_needs_sample_review,account_access_profile,0.490,semantic_prototype_weak_label
2590924,2590924,733835,Mon Oct 30 19:22:46 +0000 2017,@XboxSupport Unable to redeem a code from Microsoft Store on Windows 10 and Xbox or from website using Edge or Chrome. What's up?,2590923,"@733835 We'd be happy to help, but we could use more info. Could you follow &amp; DM @Xboxsupport with your Gamertag &amp; some details? ^EZ",private_account_investigation,escalate,rule_assisted_needs_sample_review,account_access_profile,0.507,semantic_prototype_weak_label
2593567,2593567,734477,Sun Nov 26 11:12:34 +0000 2017,@XboxSupport cant say gg to someone after a game. Recent players updates an hour after I play. Poor show. Just wanted to say gg,2593566,@734477 https://t.co/nPX1yNXCi5 us your Gamertag and a pic of your Detailed Network Stats in Settings&gt;Network&gt;Network Settings&gt;Detailed Network Statistics:  2 ^JS,private_account_investigation,escalate,rule_assisted_needs_sample_review,other_or_needs_context,0.412,semantic_prototype_weak_label
2593567,2593567,734477,Sun Nov 26 11:12:34 +0000 2017,@XboxSupport cant say gg to someone after a game. Recent players updates an hour after I play. Poor show. Just wanted to say gg,2593568,"@734477 Hi there, to clarify, are you having an issue with the recent player section? Could you DM  1 ^JS",needs_more_context,escalate,rule_assisted_needs_sample_review,other_or_needs_context,0.412,semantic_prototype_weak_label
2594920,2594920,143154,Fri Nov 17 02:27:02 +0000 2017,@XboxSupport @115786 Can you bring Marvel vs Capcom 2 back to the arcade? It is in ridiculous demand. I'm a new 360 owner and I'd love the downloadable version over the non HD original XBox disc. https://t.co/wkWG8zmqXZ,2594919,"@143154 If you have any ideas or suggestions, we have a feedback page here: https://t.co/xzPtJXQjgy for just that.  ^JL",public_documentation,auto_handle_candidate,rule_assisted_needs_sample_review,game_content_download,0.355,semantic_prototype_weak_label
2595879,2595879,735023,Fri Nov 17 03:05:41 +0000 2017,@174471 Can please help me 😞,2595878,@735023 Hey. What exactly is going on? Could you follow and Dm your gamertag and a bit more information so we can look into it? ^IS,private_account_investigation,escalate,rule_assisted_needs_sample_review,account_access_profile,0.141,semantic_prototype_weak_label
2595902,2595902,643982,Fri Nov 17 03:19:45 +0000 2017,@XboxSupport I'm upset!! received an email from XboxSupport with ticket number for my case. It's been 6 days now that I've been asking a follow question and I've received ZERO replies!,2595900,@643982 Hey again! Recommend reaching out to phone support here: https://t.co/lOCEiuUPdH so they can follow up on that for you.  ^RR,public_documentation,auto_handle_candidate,rule_assisted_needs_sample_review,other_or_needs_context,0.496,semantic_prototype_weak_label
2595902,2595903,643982,Fri Nov 17 03:39:36 +0000 2017,@XboxSupport Why can't I give you the ticket number and you can help me out?,2595904,@643982 separate team. Reaching our to phone support would be the best route to get updates.  2 ^RR,general_or_unclear_reply,review_required,rule_assisted_needs_sample_review,account_access_profile,0.494,semantic_prototype_weak_label
2595902,2595906,643982,Fri Nov 17 03:57:12 +0000 2017,@XboxSupport Got it! Thanks,2595907,@643982 You're welcome! Have a great rest of your day.  ^RR,general_or_unclear_reply,review_required,rule_assisted_needs_sample_review,account_access_profile,0.452,semantic_prototype_weak_label
2595902,2595903,643982,Fri Nov 17 03:39:36 +0000 2017,@XboxSupport Why can't I give you the ticket number and you can help me out?,2595905,@643982 We would be unable to look into phone/chat inquiries on our end since we are a  1 ^RR,general_or_unclear_reply,review_required,rule_assisted_needs_sample_review,account_access_profile,0.494,semantic_prototype_weak_label
2606888,2606888,737481,Mon Oct 30 20:20:08 +0000 2017,@xboxsupport 2/2 When i can play. This is not fair. What we can do now ?,2606886,@737481 Hi there! When you log into the link here https://t.co/KjZpcammOv you should see the release date for 1/2  ^TJ,public_documentation,auto_handle_candidate,rule_assisted_needs_sample_review,other_or_needs_context,0.493,semantic_prototype_weak_label
2606888,2606887,737481,Mon Oct 30 21:11:31 +0000 2017,@XboxSupport Thanks,2606889,@737481 No problem! Give us a shout if you have any other Xbox Support questions down the road.  ^TJ,general_or_unclear_reply,review_required,rule_assisted_needs_sample_review,account_access_profile,0.502,semantic_prototype_weak_label
2608195,2608195,737766,Sat Nov 25 23:23:28 +0000 2017,@XboxSupport can you provide information on why I got com banned other than just what's on xboxenforcement because that doesn't tell me anything,2608194,"@737766 Heya! To view enforcement actions you can go here: https://t.co/JXq4oCmI9s and if eligible you can submit a case review.
 ^RR",enforcement_review,escalate,rule_assisted_needs_sample_review,safety_enforcement_security,0.734,semantic_prototype_weak_label
2608761,2608761,737902,Mon Oct 30 17:07:16 +0000 2017,@116543 Hi Mike- LordAudi here. I was wondering if Xbox can implement a music bot into the party chat. Similar to Discord. Would be cool!,2608759,"@737902 Want to know where you can suggest your ideas? Official Xbox Support here, send us a tweet and we can get you that info. 
 ^RR",general_or_unclear_reply,review_required,rule_assisted_needs_sample_review,other_or_needs_context,0.404,semantic_prototype_weak_label
2608761,2608760,737902,Mon Oct 30 22:14:17 +0000 2017,@XboxSupport LordAudi here. I was wondering if Xbox can implement a music bot into the party chat. Similar to Discord. Would be cool!,2608762,"@737902 That would be awesome! If this is something that you'd like to see in the future, be sure to 1/2 ^TJ",general_or_unclear_reply,review_required,rule_assisted_needs_sample_review,other_or_needs_context,0.380,semantic_prototype_weak_label
2617454,2617454,739750,Sun Nov 26 16:44:34 +0000 2017,@XboxSupport What settings do I need to change in order to upload a clip from my Xbox so @119514 can see this dunk of the year candidate,2617453,@739750 DM us your Gamertag and clarify what the issue is that you're having so we can investigate?  2 ^BZ,private_account_investigation,escalate,rule_assisted_needs_sample_review,how_to_product_information,0.471,semantic_prototype_weak_label
2617454,2617454,739750,Sun Nov 26 16:44:34 +0000 2017,@XboxSupport What settings do I need to change in order to upload a clip from my Xbox so @119514 can see this dunk of the year candidate,2617455,@739750 Heyo! We'd like to Direct Message so we can collect some more information. Can you follow and  1 ^BZ,private_account_investigation,escalate,rule_assisted_needs_sample_review,how_to_product_information,0.471,semantic_prototype_weak_label
2617479,2617479,739754,Sun Nov 26 17:17:47 +0000 2017,"@XboxSupport I’m getting a new Xbox, can I change my call of duty account from Xbox to Xbox",2617478,@739754 Hi there! Your COD account is locked to your Xbox Live account so all you will need to do is sign in.  ^BL,general_or_unclear_reply,review_required,rule_assisted_needs_sample_review,account_access_profile,0.500,semantic_prototype_weak_label
2621699,2621699,740745,Fri Nov 17 06:04:11 +0000 2017,Hi @XboxSupport I bought Xbox Live and redeemed the code on my phone 30 minutes ago - My Xbox subscription says that I have membership however I can’t enter Overwatch or join a party,2621698,@740745 networking equipment (modem/router) once that is back up and running let's turn the Xbox back on and try again.  2 ^XS,public_troubleshooting,auto_handle_candidate,rule_assisted_needs_sample_review,account_access_profile,0.487,semantic_prototype_weak_label
2624655,2624655,741427,Mon Oct 30 22:18:50 +0000 2017,6 ans que j'ai la Xbox. Jamais banni tjrs correct. Et là banni 1 semaine sans raison.Bravo et merci @129009 et @668334 @XboxSupport,2624654,"@741427 English? If not no problem, let us know your country/region so that we can direct you to the best option.  2 ^BL",public_troubleshooting,auto_handle_candidate,rule_assisted_needs_sample_review,safety_enforcement_security,0.271,semantic_prototype_weak_label
2624655,2624655,741427,Mon Oct 30 22:18:50 +0000 2017,6 ans que j'ai la Xbox. Jamais banni tjrs correct. Et là banni 1 semaine sans raison.Bravo et merci @129009 et @668334 @XboxSupport,2624656,"@741427 Hey there. We are an English speaking support channel here, to better assist you are you able to continue in  1 ^BL",general_or_unclear_reply,review_required,rule_assisted_needs_sample_review,safety_enforcement_security,0.271,semantic_prototype_weak_label
2624655,2624657,741427,Mon Oct 30 23:33:32 +0000 2017,"@XboxSupport Sent off friends group during a week. For no reason ... I am 43 years old, I send no message. I speak with only one friend. Incredible ...",2624659,"@741427 We don't have any influence on suspensions, I'm afraid; if you like, you can submit a case review: https://t.co/JoGQTtB3Sp ^BL",enforcement_review,escalate,rule_assisted_needs_sample_review,account_access_profile,0.412,semantic_prototype_weak_label
2624655,2624660,741427,Mon Oct 30 23:49:36 +0000 2017,"@XboxSupport Ok thank you very much for your answer. I will contact Xbox France tomorrow. Thanks, good night",2624661,"@741427 Not a problem, have a great night!  ^BL",general_or_unclear_reply,review_required,rule_assisted_needs_sample_review,other_or_needs_context,0.587,semantic_prototype_weak_label
2625108,2625106,741524,Mon Oct 30 18:19:23 +0000 2017,@204601 @115786 @117331 @194082 @115787 @115788 @345697 Your so lucky. Can't wait till next week,2625103,"@741524 Hey there! Official Xbox Support here! If you ever have any questions, be sure to Tweet us and we'd be glad to help! ^BZ",general_or_unclear_reply,review_required,rule_assisted_needs_sample_review,safety_enforcement_security,0.111,semantic_prototype_weak_label
2626114,2626114,343489,Mon Oct 30 18:58:30 +0000 2017,Can’t wait for @8965 to come out on console! #XboxOne #Sims4 #pre-ordered,2626113,"@343489 Hey there! Official Xbox Support here! If you ever have any questions, be sure to Tweet us and we'd be glad to help! ^BZ",general_or_unclear_reply,review_required,rule_assisted_needs_sample_review,other_or_needs_context,0.283,semantic_prototype_weak_label
2626119,2626119,741779,Mon Oct 30 23:28:59 +0000 2017,Xbox Live Status https://t.co/jEJshnM5n6 przez @xboxsupport,2626118,@741779 Hi there! Do you have a support question that we can help with tonight?  ^BL,general_or_unclear_reply,review_required,rule_assisted_needs_sample_review,other_or_needs_context,0.529,semantic_prototype_weak_label
2627075,2627075,742020,Tue Oct 31 00:06:43 +0000 2017,@XboxSupport south park froze during install and I can't delete it or restart it,2627074,@742020 Be sure to keep your games and apps installed when asked to do so.  2 ^BL,general_or_unclear_reply,review_required,rule_assisted_needs_sample_review,account_access_profile,0.486,semantic_prototype_weak_label
2627075,2627075,742020,Tue Oct 31 00:06:43 +0000 2017,@XboxSupport south park froze during install and I can't delete it or restart it,2627076,@742020 Hi there! Let's try a quick factory reset by following the steps here: https://t.co/aaMK3PfO1C  1 ^BL,public_documentation,auto_handle_candidate,rule_assisted_needs_sample_review,account_access_profile,0.486,semantic_prototype_weak_label
2627075,2627077,742020,Tue Oct 31 00:36:41 +0000 2017,"@XboxSupport I got it, I went to the game hub and it stated again. Weird. But it worked",2627078,"@742020 Glad to hear it, that's very odd. Have a great night!  ^BL",general_or_unclear_reply,review_required,rule_assisted_needs_sample_review,other_or_needs_context,0.480,semantic_prototype_weak_label
2628264,2628264,742310,Fri Nov 17 06:35:54 +0000 2017,"@XboxSupport I'm having trouble launching Netflix on the One today. The internet is working fine as are all other services, yet the app won't start. I keep getting the msg ""Netflix has encountered an error"".",2628262,@742310 DM us your Gamertag and clarify what the issue is that you're having so we can investigate?  2 ^BZ,private_account_investigation,escalate,rule_assisted_needs_sample_review,account_access_profile,0.383,semantic_prototype_weak_label
2628264,2628264,742310,Fri Nov 17 06:35:54 +0000 2017,"@XboxSupport I'm having trouble launching Netflix on the One today. The internet is working fine as are all other services, yet the app won't start. I keep getting the msg ""Netflix has encountered an error"".",2628265,@742310 Heyo! We'd like to Direct Message so we can collect some more information. Can you follow and  1 ^BZ,private_account_investigation,escalate,rule_assisted_needs_sample_review,account_access_profile,0.383,semantic_prototype_weak_label
2629345,2629343,605808,Fri Nov 17 09:55:39 +0000 2017,@XboxSupport So I can download the games for gold but not play online,2629341,@605808 are having along with your Gamertag? Please include verbatims of any error you are seeing.  2 ^XS,private_account_investigation,escalate,rule_assisted_needs_sample_review,account_access_profile,0.469,semantic_prototype_weak_label
2629345,2629343,605808,Fri Nov 17 09:55:39 +0000 2017,@XboxSupport So I can download the games for gold but not play online,2629344,"@605808 Hey there, can you please DM us with a full description of the issue you  1 ^XS",private_account_investigation,escalate,rule_assisted_needs_sample_review,account_access_profile,0.469,semantic_prototype_weak_label
2630756,2630756,742880,Fri Nov 17 11:23:43 +0000 2017,@XboxSupport I am having issues with connecting my Xbox one x to my internet both wireless and wired and have followed all the steps of trying to fix it. Is there an issue for Xbox one x,2630754,@742880 are having along with your Gamertag? Please include verbatims of any error you are seeing.  2 ^XS,private_account_investigation,escalate,rule_assisted_needs_sample_review,connectivity_xbox_live,0.438,semantic_prototype_weak_label
2630756,2630756,742880,Fri Nov 17 11:23:43 +0000 2017,@XboxSupport I am having issues with connecting my Xbox one x to my internet both wireless and wired and have followed all the steps of trying to fix it. Is there an issue for Xbox one x,2630757,"@742880 Hey there, can you please DM us with a full description of the issue you  1 ^XS",private_account_investigation,escalate,rule_assisted_needs_sample_review,connectivity_xbox_live,0.438,semantic_prototype_weak_label
2635456,2635456,743991,Fri Nov 17 15:49:40 +0000 2017,Love getting banned because my gamerpic @XboxSupport vegans https://t.co/5vPbUKGdJJ,2635455,@743991 if you are eligible for a case review you can do that there as well.  2 ^XS,enforcement_review,escalate,rule_assisted_needs_sample_review,safety_enforcement_security,0.426,semantic_prototype_weak_label
2635456,2635456,743991,Fri Nov 17 15:49:40 +0000 2017,Love getting banned because my gamerpic @XboxSupport vegans https://t.co/5vPbUKGdJJ,2635457,@743991 If you believe that your suspension was incorrectly levied against you please head over here: https://t.co/DKYj5dv910  1 ^XS,enforcement_review,escalate,rule_assisted_needs_sample_review,safety_enforcement_security,0.426,semantic_prototype_weak_label
2635470,2635469,743994,Fri Nov 17 15:59:02 +0000 2017,@115786 @117331 @XboxSupport  https://t.co/tAf792iRhw,2635468,"@743994 Hi there. If you'd like to contact Enforcement directly, we'd recommend submitting a Case Review: https://t.co/U1yn6tkAAG  ^EZ",enforcement_review,escalate,rule_assisted_needs_sample_review,account_access_profile,0.414,semantic_prototype_weak_label
2635473,2635472,743995,Fri Nov 17 15:39:24 +0000 2017,@743996 @XboxSupport Been happening to my xboc forever lolol,2635471,"@743995 We'd be happy to help, but we could use more info. Could you follow &amp; DM @Xboxsupport with your Gamertag &amp; some details? ^EZ",private_account_investigation,escalate,rule_assisted_needs_sample_review,account_access_profile,0.443,semantic_prototype_weak_label
2635481,2635481,743997,Fri Nov 17 14:38:33 +0000 2017,@XboxSupport my xbox profile picture is different on my app and on my profile on the xbox itself its been almost a week will it change to be the same or?,2635479,"@743997 Hey there! Can you DM us your Gamertag? Also, on what device is the correct profile picture showing? ^BZ",visual_evidence_required,escalate,rule_assisted_needs_sample_review,account_access_profile,0.418,semantic_prototype_weak_label
2635481,2635480,743997,Fri Nov 17 19:22:05 +0000 2017,"@XboxSupport commander l3x4, and im using the xbox app on my iphone 7 plus and its showing correctly only on my iphone",2635482,@743997 https://t.co/c0rhsKO0Ni the console. Then sign back in and let us know if the photo changes.  2 ^BL,visual_evidence_required,escalate,rule_assisted_needs_sample_review,how_to_product_information,0.377,semantic_prototype_weak_label
2635481,2635480,743997,Fri Nov 17 19:22:05 +0000 2017,"@XboxSupport commander l3x4, and im using the xbox app on my iphone 7 plus and its showing correctly only on my iphone",2635483,@743997 Let's go ahead and remove: https://t.co/zJxn1EMf83 your profile from the console and then &gt;power cycle  1 ^BL,public_documentation,auto_handle_candidate,rule_assisted_needs_sample_review,how_to_product_information,0.377,semantic_prototype_weak_label
2637528,2637528,744429,Fri Nov 17 20:08:07 +0000 2017,@XboxSupport hey guys I got a code today for a free warframe weapon and skin but the code is missing a digit :(,2637527,@744429 Hey there! Can you DM us your Gamertag and a picture of where you're seeing that code so we can take a closer look? ^BZ,visual_evidence_required,escalate,rule_assisted_needs_sample_review,billing_codes_refunds,0.339,semantic_prototype_weak_label
2637536,2637536,744432,Fri Nov 17 16:52:07 +0000 2017,@XboxSupport is it just me or we can't have lower case in xbox device name when we change it in system settings?,2637535,"@744432 Heya, correct, device names on your network will always be capital letters. This isn't only on your Xbox but also computers. ^XS",general_or_unclear_reply,review_required,rule_assisted_needs_sample_review,other_or_needs_context,0.424,semantic_prototype_weak_label
2641531,2641531,464595,Tue Oct 31 00:35:48 +0000 2017,@XboxSupport https://t.co/hxx4XHMdet,2641530,@464595 Hello! Would you mind following us and sending a DM when you are so we can gather more info?  ^RR,private_account_investigation,escalate,rule_assisted_needs_sample_review,other_or_needs_context,0.456,semantic_prototype_weak_label
2643209,2643209,745831,Tue Oct 31 02:11:57 +0000 2017,@XboxSupport @125838 I started an update for NHL 18 and it’s been stuck on 0% for the last 2 days and it won’t let me start the game. https://t.co/imk0hSi65L,2643206,@745831 Hello! Let's try the steps here: https://t.co/nXtsRGJqmP to see if that helps with your console.  ^RR,public_documentation,auto_handle_candidate,rule_assisted_needs_sample_review,account_access_profile,0.367,semantic_prototype_weak_label
2643209,2643208,745831,Tue Oct 31 03:01:34 +0000 2017,@XboxSupport And reinstall it again*,2643210,@745831 Let's try a fresh start and unplug the console for a full 5 minutes then check again.  ^BL,public_troubleshooting,auto_handle_candidate,rule_assisted_needs_sample_review,account_access_profile,0.583,semantic_prototype_weak_label
2643213,2643213,745832,Tue Oct 31 02:10:40 +0000 2017,@XboxSupport your recent update has ruined the #WatchESPN app. Won't stop freezing #FixIt,2643212,@745832 Hello! Would you mind following us and sending a DM when you are so we can gather more info?  ^RR,private_account_investigation,escalate,rule_assisted_needs_sample_review,account_access_profile,0.395,semantic_prototype_weak_label
2646662,2646662,746720,Fri Nov 17 21:04:18 +0000 2017,@XboxSupport I have bought the wrong version of a game off the store and was wondering if I could get a refund?,2646661,"@746720 Hi there! If you need help with this purchase, this is something that our chat team: https://t.co/lUV7XYl61S could help with. ^EZ",specialist_handoff,escalate,rule_assisted_needs_sample_review,billing_codes_refunds,0.434,semantic_prototype_weak_label
2646666,2646666,576094,Fri Nov 17 20:19:04 +0000 2017,@XboxSupport is my (Xbox One Day One Edition) &amp; (Xbox One S) suppose to be able to turn on by itself?,2646665,@576094 Hi there! Are the consoles plugged into a wall socket directly?  ^BL,general_or_unclear_reply,review_required,rule_assisted_needs_sample_review,account_access_profile,0.472,semantic_prototype_weak_label
2647636,2647636,746991,Sun Nov 26 19:22:34 +0000 2017,@XboxSupport can i have assissantance,2647635,@746991 Hi there! Let's have you reach out to our chat team https://t.co/lUV7XYl61S to explore your options. ^JS,specialist_handoff,escalate,rule_assisted_needs_sample_review,account_access_profile,0.502,semantic_prototype_weak_label
2654290,2654289,126867,Sun Nov 19 04:53:52 +0000 2017,@XboxSupport My monitor goes up to 144hz will my Scorpio support 144hz?,2654287,@126867 Hello! The Xbox One X supports 2160p @ 60Hz. You can find more info on tech specs here: https://t.co/KIHliOH7Y6 ^RR,needs_more_context,escalate,rule_assisted_needs_sample_review,other_or_needs_context,0.355,semantic_prototype_weak_label
2654312,2654312,748455,Sun Nov 19 04:19:37 +0000 2017,"@XboxSupport why does my Xbox randomly turn itself and it’s Kinect on?  The Kinect is set up to not listen when it’s, as far as I can tell",2654309,@748455 Hello! Do you have the console plugged into a wall outlet or a power strip?  ^RR,general_or_unclear_reply,review_required,rule_assisted_needs_sample_review,other_or_needs_context,0.330,semantic_prototype_weak_label
2654312,2654311,748455,Mon Nov 20 18:33:48 +0000 2017,@XboxSupport Why would this have an effect on the issue of it randomly turning on?,2654313,@748455 can cause this issue. We would recommend plugging it directly into the wall. https://t.co/nflNKVYTaW  2 ^XS,public_documentation,auto_handle_candidate,rule_assisted_needs_sample_review,other_or_needs_context,0.425,semantic_prototype_weak_label
2654312,2654311,748455,Mon Nov 20 18:33:48 +0000 2017,@XboxSupport Why would this have an effect on the issue of it randomly turning on?,2654314,"@748455 Hey there, the Xbox One has a built-in surge protector, plugging it into another one  1 ^XS",general_or_unclear_reply,review_required,rule_assisted_needs_sample_review,other_or_needs_context,0.425,semantic_prototype_weak_label
2654330,2654330,748460,Sun Nov 19 04:43:31 +0000 2017,@125519 @XboxSupport with Sony 55x900e should everything  have a green check on it? I've turned enhanced on through Sony external ports menu also. https://t.co/VTsfEFRiMD,2654328,@748460 console is detecting this the TV may not be fully compatible. Are you using a receiver by chance?  2 ^JL,general_or_unclear_reply,review_required,rule_assisted_needs_sample_review,other_or_needs_context,0.437,semantic_prototype_weak_label
2654330,2654329,748460,Sun Nov 19 08:40:23 +0000 2017,@XboxSupport Yes,2654331,"@748460 Gotcha. To make sure our bases are covered, let's check out our guide here for this 4K detection 1/2  ^TJ",general_or_unclear_reply,review_required,rule_assisted_needs_sample_review,account_access_profile,0.469,semantic_prototype_weak_label
2654330,2654330,748460,Sun Nov 19 04:43:31 +0000 2017,@125519 @XboxSupport with Sony 55x900e should everything  have a green check on it? I've turned enhanced on through Sony external ports menu also. https://t.co/VTsfEFRiMD,2654333,@748460 Hi there! We would not be able to speculate on the capabilities of specific TV's but if your  1 ^JL,general_or_unclear_reply,review_required,rule_assisted_needs_sample_review,other_or_needs_context,0.437,semantic_prototype_weak_label
2654357,2654353,413846,Sun Nov 19 03:55:30 +0000 2017,@XboxSupport https://t.co/K6VqT6kdYa,2654351,@413846 Thank you for that link. The promotion is only available to US and UK residents.  ^BL,general_or_unclear_reply,review_required,rule_assisted_needs_sample_review,account_access_profile,0.458,semantic_prototype_weak_label
2654357,2654352,413846,Sun Nov 19 05:49:11 +0000 2017,@XboxSupport Oh ok. Why though? I figured those terms would be updated now with game pass available to other countries,2654354,@413846 I'm afraid that's not something that we'd be able to speculate about on our end. If this is something that 1/2 ^TJ,general_or_unclear_reply,review_required,rule_assisted_needs_sample_review,other_or_needs_context,0.485,semantic_prototype_weak_label
2654357,2654357,413846,Sat Nov 18 23:36:55 +0000 2017,"@XboxSupport Hi guys, Are the game pass rewards and prize draw still only available to US and UK residents?",2654356,@413846 Greetings! Would you mind sending a picture/link to the contest you are referring to exactly?  ^RR,visual_evidence_required,escalate,rule_assisted_needs_sample_review,subscription_game_pass_gold,0.430,semantic_prototype_weak_label
2654421,2654421,748471,Sun Nov 19 03:47:23 +0000 2017,@XboxSupport Why is everything laggy. The party chat lags. Everyone sounds static. Nothing works. Its happening to all my friends.,2654419,@748471 Hi there! Do you mind DM'ing us your Gamertag so we can gather a bit of info?  ^JL,private_account_investigation,escalate,rule_assisted_needs_sample_review,connectivity_xbox_live,0.450,semantic_prototype_weak_label
2654436,2654436,748475,Sun Nov 19 03:37:41 +0000 2017,@XboxSupport I just purchased all the characters and their alternate costumes for 1 eternity crystal a piece in Marvel heroes omega what’s up with that?  Plus I got storage upgrades as well for the cost of 1 eternity crystal.,2654435,@748475 Hi there. For more info on the game and changes coming to it be sure to check their Twitter: https://t.co/LHGJXNsya0 ^JL,needs_more_context,escalate,rule_assisted_needs_sample_review,subscription_game_pass_gold,0.361,semantic_prototype_weak_label
2654290,2654293,748476,Sun Nov 19 03:40:58 +0000 2017,@XboxSupport Fix Atmos support on LG TVs. Everyone is affected!!,2654439,"@748476 The team is working on fixes to address these issues, and will release them in an upcoming update when they are ready.  2 ^BL",general_or_unclear_reply,review_required,rule_assisted_needs_sample_review,other_or_needs_context,0.381,semantic_prototype_weak_label
2654290,2654440,748476,Sun Nov 19 05:48:24 +0000 2017,@XboxSupport Thanks xbox!!! Apart from that everything is awesome,2654441,@748476 No problem! Give us a shout if you have any other Xbox Support questions down the road.  ^TJ,general_or_unclear_reply,review_required,rule_assisted_needs_sample_review,other_or_needs_context,0.502,semantic_prototype_weak_label
2654290,2654293,748476,Sun Nov 19 03:40:58 +0000 2017,@XboxSupport Fix Atmos support on LG TVs. Everyone is affected!!,2654442,@748476 The team is aware a small number of users are experiencing problems with Dolby Atmos on the Xbox One family of devices.  1 ^BL,general_or_unclear_reply,review_required,rule_assisted_needs_sample_review,other_or_needs_context,0.381,semantic_prototype_weak_label
2654290,2654292,308960,Sun Nov 19 02:54:30 +0000 2017,@XboxSupport Xbox should make 4k hdr tv’s that don’t need game mode turned on to enjoy great visuals and no input lag,2654479,@308960 Hi there! As we do not manufacture TV's currently that won't really be in our wheelhouse but we might be able to help troubleshoot a bit. ^JL,public_troubleshooting,auto_handle_candidate,rule_assisted_needs_sample_review,other_or_needs_context,0.433,semantic_prototype_weak_label
2654535,2654535,748505,Sun Nov 19 00:55:59 +0000 2017,@XboxSupport @116688 xbox one x won't show hdr. It's greyed out on a LG C7.. beta dashboard issue? .. delta preview member,2654534,"@748505 Hi! Let's have you follow us, DM us your Gamertag, and some more info about what you're seeing: https://t.co/nPX1yNXCi5
 ^BL",private_account_investigation,escalate,rule_assisted_needs_sample_review,other_or_needs_context,0.393,semantic_prototype_weak_label
2654543,2654539,288651,Sun Nov 19 00:54:30 +0000 2017,"@XboxSupport Yeah, uninstalling and reinstalling worked. Twitch's support site also suggested to delete saved data so I did that too.",2654538,@288651 Glad to hear! Have a great rest of your day.  ^RR,general_or_unclear_reply,review_required,rule_assisted_needs_sample_review,account_access_profile,0.352,semantic_prototype_weak_label
2654543,2654542,288651,Sat Nov 18 20:24:27 +0000 2017,@XboxSupport A stream will buffer and then the app will close. Not doing anything else but watching a stream on Twitch. 😡,2654540,@288651 Hi there! Let's check out our guide here for this app crashing issue that you're seeing https://t.co/LL05CoFQ3A ^TJ,public_documentation,auto_handle_candidate,rule_assisted_needs_sample_review,other_or_needs_context,0.370,semantic_prototype_weak_label
2654557,2654551,748509,Sun Nov 19 00:51:23 +0000 2017,@XboxSupport Yes,2654550,"@748509 Let's have you try reaching out to chat: https://t.co/aWWrMN54Vu support as they will be better equipped to assist you further.
 ^RR",public_documentation,auto_handle_candidate,rule_assisted_needs_sample_review,account_access_profile,0.469,semantic_prototype_weak_label
2654557,2654554,748509,Sat Nov 18 23:43:50 +0000 2017,@XboxSupport Don’t work...,2654553,@748509 Are you able to confirm your PC meets the System Requirments for the game: https://t.co/QdU0EXujBU ^RR,public_documentation,auto_handle_candidate,rule_assisted_needs_sample_review,account_access_profile,0.500,semantic_prototype_weak_label
2654557,2654556,748509,Sat Nov 18 21:04:22 +0000 2017,@XboxSupport Please help me.,2654555,"@748509 Hi there! Let's uninstall the game from your PC, then restart the PC, and reinstall the game. Let us know if that fixes it. ^JL",public_troubleshooting,auto_handle_candidate,rule_assisted_needs_sample_review,account_access_profile,0.542,semantic_prototype_weak_label
2654543,2654541,288651,Mon Nov 20 07:14:14 +0000 2017,"@XboxSupport So it turns out Twitch is still closing when streams buffer, so uninstalling and reinstalling didn't work...",2661179,"@288651 Hi there, sorry to hear that. Can you please send us a photo of your detailed network statistics as they show on your Xbox One console? ^ZM",visual_evidence_required,escalate,rule_assisted_needs_sample_review,other_or_needs_context,0.277,semantic_prototype_weak_label
2654543,2661181,288651,Tue Nov 21 10:40:50 +0000 2017,@XboxSupport Here's the photo while I am on the Twitch app. Also the screen's going black for Twitch as well... https://t.co/TmxeDJwduY,2661184,"@288651 Thanks for sharing this info. To narrow this down, would it be possible to test a wired (Ethernet) connection to the console temporarily: https://t.co/LYxJCYaGTV ?^EZ",public_documentation,auto_handle_candidate,rule_assisted_needs_sample_review,other_or_needs_context,0.279,semantic_prototype_weak_label
2654543,2661185,288651,Tue Nov 21 17:39:58 +0000 2017,"@XboxSupport It's not possible for me, our router is downstairs and my console is in my bedroom upstairs.",2661186,@288651 https://t.co/lUV7XYl61S as they'll be able to dig into this a bit deeper with you!  2 ^BZ,public_documentation,auto_handle_candidate,rule_assisted_needs_sample_review,connectivity_xbox_live,0.368,semantic_prototype_weak_label
2654543,2661185,288651,Tue Nov 21 17:39:58 +0000 2017,"@XboxSupport It's not possible for me, our router is downstairs and my console is in my bedroom upstairs.",2661187,"@288651 Okay. In this case, let's have you reach out to the live chat team:  1 ^BZ",specialist_handoff,escalate,rule_assisted_needs_sample_review,connectivity_xbox_live,0.368,semantic_prototype_weak_label
2654557,2654552,748509,Mon Nov 20 20:59:57 +0000 2017,@XboxSupport The problem is back after i did everything the chat said...,2661209,@748509 Hey again! If you are seeing this occur again recommend reaching back out to chat support to follow up with them.  ^RR,general_or_unclear_reply,review_required,rule_assisted_needs_sample_review,account_access_profile,0.528,semantic_prototype_weak_label
2670902,2670902,752137,Sun Nov 05 19:58:04 +0000 2017,@XboxSupport any news on missing preorder content for Cod WW2 yet?,2670900,"@752137 We'd be happy to help, but we could use more info. Could you follow &amp; DM @Xboxsupport with your Gamertag &amp; some details? ^EZ",private_account_investigation,escalate,rule_assisted_needs_sample_review,billing_codes_refunds,0.454,semantic_prototype_weak_label
2682302,2682301,754548,Sat Nov 25 23:39:11 +0000 2017,@754549 @XboxSupport Down for me.,2682300,@754548 Hello! Would you mind following us and sending a DM when you are so we can gather more info?  ^RR,private_account_investigation,escalate,rule_assisted_needs_sample_review,account_access_profile,0.492,semantic_prototype_weak_label
2685634,2685634,755285,Sun Nov 26 20:23:46 +0000 2017,@XboxSupport my Xbox Live Gold account is not working. It is on but the xbox doesn't recognize It.,2685633,"@755285 Hi! Let's have you follow us, DM us your Gamertag, and some more info about what you're seeing: https://t.co/nPX1yNXCi5 
 ^BL",private_account_investigation,escalate,rule_assisted_needs_sample_review,account_access_profile,0.638,semantic_prototype_weak_label
2685901,2685901,755337,Sat Nov 18 17:35:02 +0000 2017,"@115786 Must be user error on my part. Have 2 XBs in my house, kids share 1 &amp; I had the other. Then I Bought XB1X &amp; gave my kids XB each but cant share the library of games anymore. Do I have to buy all of these games again? How do I continue to share with my kids? Guidance?",2685897,"@755337 Hi there! In order for your kids to play the games that you've purchased, you'll need to set one of these consoles 1/2 ^TJ",general_or_unclear_reply,review_required,rule_assisted_needs_sample_review,subscription_game_pass_gold,0.342,semantic_prototype_weak_label
2692010,2692009,756734,Sun Nov 19 05:12:30 +0000 2017,@XboxSupport I do not have the ability to chat because I do not have a Microsoft account. I have sent a dm explaining my issue.,2692008,"@756734 I see. Instead, let's try reaching out directly to the phone team for some more insight into this https://t.co/lOCEiuUPdH  ^TJ",public_documentation,auto_handle_candidate,rule_assisted_needs_sample_review,account_access_profile,0.609,semantic_prototype_weak_label
2692019,2692019,314670,Sun Nov 19 06:11:10 +0000 2017,done everything possible to fix this i don’t understand why I can log into my second account and be fine but my main account game won’t work pls someone help me @10115 @217737 @115786 @XboxSupport https://t.co/nLLTBKhV3D,2692017,"@314670 Hey there, are you currently enrolled in the preview program? ^XS",general_or_unclear_reply,review_required,rule_assisted_needs_sample_review,account_access_profile,0.661,semantic_prototype_weak_label
2692033,2692032,756738,Sun Nov 19 05:46:37 +0000 2017,@XboxSupport Both codes are in my order history at https://t.co/iEwza7ra6H. If I try to redeem the DLC code again it says it's already redeemed (both on Xbox and at https://t.co/wHNWPv3Sjx). Neither EA support nor Amazon support were helpful. Any ideas?,2692030,"@756738 We'd be happy to look into this with you, but we could use more info. Could you follow &amp; DM @Xboxsupport your Gamertag? ^EZ",private_account_investigation,escalate,rule_assisted_needs_sample_review,billing_codes_refunds,0.455,semantic_prototype_weak_label
2654290,2654294,757047,Sun Nov 19 10:17:14 +0000 2017,"@XboxSupport My xbox one x is hooked up to my Samsung QLED TV which most certainly does support HDR10, however my xbox one x doesn't seem to think that TV supports HDR10 and therefore won't enable for games like the Insects demo.",2693423,"@757047 Hi there! Let's check out our guide here for this 4K issue that you're seeing https://t.co/5YET6VY9ob
 ^TJ",public_documentation,auto_handle_candidate,rule_assisted_needs_sample_review,other_or_needs_context,0.307,semantic_prototype_weak_label
2693442,2693442,757052,Sun Nov 19 10:02:47 +0000 2017,@XboxSupport hey how do I return a game I bought thru the online marketplace I can't stop playing a game I bought and am fucking shit at it,2693440,"@757052 Hi there! If you'd like to explore your available options for this recent purchase, that would be something that our chat team: https://t.co/lUV7XYCGTq would be best equipped to help with.^EZ",specialist_handoff,escalate,rule_assisted_needs_sample_review,billing_codes_refunds,0.460,semantic_prototype_weak_label
2693442,2693441,757052,Sun Nov 19 22:36:35 +0000 2017,@XboxSupport thx for the follow that's all I really wanted srry,2693443,@757052 Just let us know if you have any other support questions that we can assist with. We're happy to help!  ^JA,general_or_unclear_reply,review_required,rule_assisted_needs_sample_review,other_or_needs_context,0.465,semantic_prototype_weak_label
2693468,2693468,757060,Sun Nov 19 08:22:13 +0000 2017,"@XboxSupport my Xbox store is showing me skewed prices, how can I fix this https://t.co/bM5VpLnwRl",2693467,"@757060 Hi, what price should you be seeing? Could you direct message us and share more information with us? ^RM",private_account_investigation,escalate,rule_assisted_needs_sample_review,account_access_profile,0.384,semantic_prototype_weak_label
2693471,2693471,127151,Sun Nov 19 07:22:39 +0000 2017,"@116543 @115787 My Elite controller is worse for wear, and I am so glad @XboxSupport could help set me up with a replacement! You guys are the best!",2693470,@127151 Hi there! Glad that you were able to reach out to the chat team about this. Give us a shout 1/2  ^TJ,specialist_handoff,escalate,rule_assisted_needs_sample_review,account_access_profile,0.395,semantic_prototype_weak_label
2654290,2654295,757765,Sun Nov 19 15:40:59 +0000 2017,@XboxSupport connerie je regrette Etre passé sur la one 80 % de mes jeu 360 ne fonctionne pas sur la one et de plus pour jouer ah titre exemple ah skyrim et du racheter le jeu donc grosse connerie être passer sur one donc pas question acheter la s,2696630,"@757765 We'd be happy to help, though we are an English speaking support team. Could you follow &amp; DM @Xboxsupport with your Gamertag &amp; some details?^EZ",private_account_investigation,escalate,rule_assisted_needs_sample_review,console_accessory_display,0.168,semantic_prototype_weak_label
2696650,2696650,277437,Sun Nov 19 14:38:33 +0000 2017,"@XboxSupport is the Xbox suppose to do this when it's off? It's not asleep, it's off. https://t.co/PwD8WZZByy",2696649,@277437 are having along with your Gamertag? Please include verbatims of any error you are seeing.  2 ^XS,private_account_investigation,escalate,rule_assisted_needs_sample_review,other_or_needs_context,0.425,semantic_prototype_weak_label
2696650,2696650,277437,Sun Nov 19 14:38:33 +0000 2017,"@XboxSupport is the Xbox suppose to do this when it's off? It's not asleep, it's off. https://t.co/PwD8WZZByy",2696651,"@277437 Hey there, can you please DM us with a full description of the issue you  1 ^XS",private_account_investigation,escalate,rule_assisted_needs_sample_review,other_or_needs_context,0.425,semantic_prototype_weak_label
2698181,2698178,758113,Sun Nov 19 19:44:29 +0000 2017,@XboxSupport I figured it out. I had to delete my tv settings and do the manual set up,2698180,"@758113 Excellent, glad to hear this issue got straightened out. Let us know if you have any other issues. ^CO",general_or_unclear_reply,review_required,rule_assisted_needs_sample_review,how_to_product_information,0.288,semantic_prototype_weak_label
2698181,2698181,758113,Sun Nov 19 15:49:47 +0000 2017,@XboxSupport I just got my #XboxOneX and want it to turn on my tv like my Xbox one used to but I can't even choose tv in the power device options settings. It only let's me choose cable box which I don't even have,2698179,"@758113 Hi there! To make sure we're on the same page, you're seeing this after you go to Settings&gt;Power &amp; Startup 1/2 ^TJ",public_troubleshooting,auto_handle_candidate,rule_assisted_needs_sample_review,how_to_product_information,0.366,semantic_prototype_weak_label
2700010,2700010,758523,Sun Nov 19 17:23:31 +0000 2017,@115786 @XboxSupport What happened to the party chat quality? It sounds like I’m talking through Skype or something😅,2700009,"@758523 We'd be happy to help, but could use more info. Could you follow &amp; DM @Xboxsupport with your Gamertag &amp; some details? ^EZ",private_account_investigation,escalate,rule_assisted_needs_sample_review,connectivity_xbox_live,0.389,semantic_prototype_weak_label
2700031,2700026,758527,Sun Nov 19 20:09:01 +0000 2017,@XboxSupport That worked thanks but what if I couldn't log on why isn't there somewhere to do it on the Xbox itself?,2700028,"@758527 We can't speculate on why, but this was removed in a past update. You can suggest change here: https://t.co/9LKBsyjBkF ^CO",public_documentation,auto_handle_candidate,rule_assisted_needs_sample_review,account_access_profile,0.645,semantic_prototype_weak_label
2700031,2700029,758527,Sun Nov 19 16:05:55 +0000 2017,"@224846 thanks for the help but I don't see anywhere to turn auto renewal off, @XboxSupport  can you help please.",2700027,@758527 Hi there! If you log into https://t.co/hLdh6O4RFD &amp; select Services &amp; Subscriptions do you see the option to 1/2 ^TJ,public_documentation,auto_handle_candidate,rule_assisted_needs_sample_review,subscription_game_pass_gold,0.439,semantic_prototype_weak_label
2702309,2702309,759047,Sun Nov 19 19:36:01 +0000 2017,@XboxSupport son unable to access  Xbox live as it says my parent account invalid. My account seems to work fine. Followed instructions to reconnect to my parent account and for error code 801540FE. Any ideas?,2702308,"@759047 Hello, thanks for reaching out to us. Can you DM us your gamertag and your sons gamertag? Also,  a photo of the error? ^CO",visual_evidence_required,escalate,rule_assisted_needs_sample_review,account_access_profile,0.659,semantic_prototype_weak_label
2703707,2703707,759394,Sun Nov 19 20:27:13 +0000 2017,Excuse the hoovering in the background my Xbox on x plays games on disc fine went to watch dvd of transformers last knight this happens still hear the noise from the movie just no  pic @115786 @116549 @11053 tried several  dvds that I’ve watched previous same thing https://t.co/zVErHRmL67,2703705,@759394 networking equipment (modem/router) once that is back up and running let's turn the Xbox back on and try again.  2 ^XS,public_troubleshooting,auto_handle_candidate,rule_assisted_needs_sample_review,console_accessory_display,0.322,semantic_prototype_weak_label
2703707,2703706,759394,Sun Nov 19 22:11:22 +0000 2017,@XboxSupport I’ve done all that realised that if the dvd is not 4K you actually have to change a setting back to 1080p,2703708,"@759394 So, just to clarify. Once you change that setting, you were able to view the movie with no issues? ^CO",needs_more_context,escalate,rule_assisted_needs_sample_review,how_to_product_information,0.304,semantic_prototype_weak_label
2703707,2703709,759394,Mon Nov 20 01:47:36 +0000 2017,@XboxSupport Yes once I changed the setting back to 1080p it played the dvd but I think for it being the most powerful console out it should know the difference and auto change like it figured out my tv was 4K by its self,2703710,@759394 Are you using burned or ripped DVDs by any chance? ^CO,general_or_unclear_reply,review_required,rule_assisted_needs_sample_review,how_to_product_information,0.281,semantic_prototype_weak_label
2703707,2703707,759394,Sun Nov 19 20:27:13 +0000 2017,Excuse the hoovering in the background my Xbox on x plays games on disc fine went to watch dvd of transformers last knight this happens still hear the noise from the movie just no  pic @115786 @116549 @11053 tried several  dvds that I’ve watched previous same thing https://t.co/zVErHRmL67,2703712,"@759394 Heya, let's start by power cycling your Xbox as outlined here: https://t.co/isBz4u1SxB while the Xbox is off, power cycle your  1 ^XS",public_documentation,auto_handle_candidate,rule_assisted_needs_sample_review,console_accessory_display,0.322,semantic_prototype_weak_label
2703763,2703762,759404,Sun Nov 19 18:59:44 +0000 2017,@XboxSupport Mis correos son.  __email__ y __email__. gracias buenas tardes.,2703761,"@759404 Hey, could you direct message us and explain in detail what issue you are experiencing?
 ^RM",private_account_investigation,escalate,rule_assisted_needs_sample_review,other_or_needs_context,0.402,semantic_prototype_weak_label
2705234,2705234,759782,Sun Nov 19 21:14:05 +0000 2017,"@XboxSupport I get LFG notifications, but when I search for Overwatch LFG, it can’t load the posts. Why? It was working fine yesterday, and everything else is fine today?",2705233,@759782 Hi there! This is an issue we're currently aware of and looking into. Let us know if you see any change on your end. ^CO,general_or_unclear_reply,review_required,rule_assisted_needs_sample_review,account_access_profile,0.278,semantic_prototype_weak_label
2705271,2705271,759789,Sun Nov 19 20:16:09 +0000 2017,@202771 @XboxSupport  help i switched to xbox one x and i cant play gta online any more #sadlife https://t.co/39Ua7cBezE,2705270,@759789 Hey there! Let's have you follow the steps in the guide here: https://t.co/YPxqU9vkHd  ^JA,public_documentation,auto_handle_candidate,rule_assisted_needs_sample_review,account_access_profile,0.526,semantic_prototype_weak_label
2706405,2706405,678893,Sun Nov 19 21:46:07 +0000 2017,@XboxSupport Hiya!  How does adding a mobile phone as a payment method work on Xb1?  Does it mean my game pass subscription will be added to my phone bill?,2706404,"@678893 Hello, thanks for reaching out to us. Can you DM us your gamertag and show us where you're seeing this option? ^CO",private_account_investigation,escalate,rule_assisted_needs_sample_review,billing_codes_refunds,0.471,semantic_prototype_weak_label
2707818,2707818,281434,Sun Nov 19 23:05:45 +0000 2017,Well this is depressing. Ive already superglued it once. By far my favorite controller ever. I swear by it. #atleastmybumpersdidntfalloff #definitelyoutsideofwarranty #butitsapremiumcontroller #xbox #elite @115787 @XboxSupport @116543 https://t.co/huaAzBpqNk,2707816,"@281434 outside of warranty coverage, this link should help get that process started: https://t.co/hYJjOpMzbO  2 ^CO",repair_or_warranty_process,escalate,rule_assisted_needs_sample_review,other_or_needs_context,0.343,semantic_prototype_weak_label
2707818,2707817,281434,Mon Nov 20 00:20:19 +0000 2017,@XboxSupport That link didnt help me at all,2707819,"@281434 It's for an elite controller repair, are you seeing an error when you click the link? ^CO",repair_or_warranty_process,escalate,rule_assisted_needs_sample_review,account_access_profile,0.513,semantic_prototype_weak_label
2707818,2707818,281434,Sun Nov 19 23:05:45 +0000 2017,Well this is depressing. Ive already superglued it once. By far my favorite controller ever. I swear by it. #atleastmybumpersdidntfalloff #definitelyoutsideofwarranty #butitsapremiumcontroller #xbox #elite @115787 @XboxSupport @116543 https://t.co/huaAzBpqNk,2707822,@281434 Hi there! We understand your frustration. If you're still interested in a repair  1 ^CO,repair_or_warranty_process,escalate,rule_assisted_needs_sample_review,other_or_needs_context,0.343,semantic_prototype_weak_label
2707840,2707840,196456,Sun Nov 19 22:52:48 +0000 2017,@XboxSupport you know the game size of Recore xbox one x enhanced!? Ive received update of it 11GB but now its not shown to me theres an update to the game!??,2707839,"@196456 We'd be happy to help, but we could use more info. Could you follow &amp; DM @Xboxsupport with your Gamertag &amp; some details? ^EZ",private_account_investigation,escalate,rule_assisted_needs_sample_review,game_content_download,0.374,semantic_prototype_weak_label
2707863,2707863,760443,Sun Nov 19 22:17:24 +0000 2017,@XboxSupport @115786 #Xbox #gamer I would have thought that HDCP 2.2 would have been implemented for the ONE X. It still strips the 4k from my cable box like the ONE s did. Pretty big #fail for a $500 machine. Works when not using the X as a passthrough. https://t.co/4zMH1T3mSN,2707861,"@760443 Hi there. To make sure our bases are covered, let's check out our guide here for this 4K issue 1/2  ^TJ",general_or_unclear_reply,review_required,rule_assisted_needs_sample_review,other_or_needs_context,0.377,semantic_prototype_weak_label
2710697,2710694,445583,Sun Nov 26 20:00:58 +0000 2017,"@141542 @XboxSupport I have same issue, did you get it resolved?",2710692,"@445583 Hi there! To narrow this down, do you notice any issues when looking at profiles on your Xbox One console? ^TJ",general_or_unclear_reply,review_required,rule_assisted_needs_sample_review,account_access_profile,0.570,semantic_prototype_weak_label
2710697,2710693,445583,Sun Nov 26 22:53:25 +0000 2017,"@XboxSupport It’s just the app, I googled for 30 mins and then after deleting and reinstalling, it works again (iOS)",2710695,"@445583 Thanks for that update! If you have any other support questions, just let us know.  ^JA",general_or_unclear_reply,review_required,rule_assisted_needs_sample_review,account_access_profile,0.360,semantic_prototype_weak_label
2711509,2711509,760443,Mon Nov 20 00:33:51 +0000 2017,"@XboxSupport #Xbox Can you verify that the input port is in fact NOT HDCP 2.2 compliant on the X? Instead of sending me to a page that doesn't help? Simple problem, easy answer. #Microsoft #gamer @135668 @135669",2711508,@760443 The HDMI input does not support 4k pass-through. You can suggest change through this link: https://t.co/AXx3fxK20v ^CO,public_documentation,auto_handle_candidate,rule_assisted_needs_sample_review,other_or_needs_context,0.481,semantic_prototype_weak_label
2711518,2711518,761302,Mon Nov 20 00:21:33 +0000 2017,"@118797 I'm watching twitch on Xbox one X and every 30-40 minutes it will stop playing, try to reload it and my box freezes and exits the app. Do you have a issues with this or is this a @XboxSupport issues?",2711517,@761302 Hi there! We're here to help. Can you DM us your gamertag and a photo of your detailed network setting? ^CO,visual_evidence_required,escalate,rule_assisted_needs_sample_review,other_or_needs_context,0.385,semantic_prototype_weak_label
2712757,2712757,381015,Tue Nov 14 17:24:48 +0000 2017,How would I get rid of MIC hiss on Xbox One? Anyone?,2712756,"@381015 How is this working for you now? We'd be happy to help if needed, just send us a DM with your Gamertag &amp; details to start. ^CW",private_account_investigation,escalate,rule_assisted_needs_sample_review,other_or_needs_context,0.331,semantic_prototype_weak_label
2714765,2714765,762086,Mon Nov 20 02:19:27 +0000 2017,@482443 @125833 @161794 @XboxSupport HOW!,2714763,"@762086 Hello, we're here to help. What seems to be the issue? ^CO",general_or_unclear_reply,review_required,rule_assisted_needs_sample_review,account_access_profile,0.443,semantic_prototype_weak_label
2714765,2714764,762086,Mon Nov 20 04:26:07 +0000 2017,"@XboxSupport These lovely folks are running DDOS attacks on people, tonight I was the primary target, the stream all reported them for cheating.",2714766,@762086 using these steps: https://t.co/Mayxdku7m5 . The info here: https://t.co/0Q9A5E6gMb may be able to help you out.  2 ^ZM,public_documentation,auto_handle_candidate,rule_assisted_needs_sample_review,safety_enforcement_security,0.477,semantic_prototype_weak_label
2714765,2714764,762086,Mon Nov 20 04:26:07 +0000 2017,"@XboxSupport These lovely folks are running DDOS attacks on people, tonight I was the primary target, the stream all reported them for cheating.",2714767,"@762086 Ah, gotcha. We're sorry to hear about that. Please ensure you report them via your console  1 ^ZM",general_or_unclear_reply,review_required,rule_assisted_needs_sample_review,safety_enforcement_security,0.477,semantic_prototype_weak_label
2716562,2716562,762535,Mon Nov 20 02:57:31 +0000 2017,@XboxSupport what happened to the mic quality in parties??? It's high pitched and awful! Everyone sounds like they have cheap mics now!,2716561,@762535 Hi there! Mind sending us a direct message https://t.co/nPX1yNXCi5 with your Gamertag so we can further assist?  ^JA,private_account_investigation,escalate,rule_assisted_needs_sample_review,other_or_needs_context,0.276,semantic_prototype_weak_label
2722398,2722398,763761,Wed Nov 08 20:15:12 +0000 2017,Man I fkn hate @XboxSupport right now. Suspend my account because people report me when I beat them?? That’s ridiculous.,2722397,"@763761 Hi there! We don't handle any suspensions here at Support - if you feel you were suspended in error, you can find more info at https://t.co/KvFovSf0X5 &amp; also submit a case review from there, to have the Enforcement team take another look and make a final decision. ^QZ",enforcement_review,escalate,rule_assisted_needs_sample_review,safety_enforcement_security,0.594,semantic_prototype_weak_label
2732116,2732116,765848,Sun Nov 26 23:00:34 +0000 2017,@XboxSupport can you i get a refund from a game i got through xbox gift pass?,2732115,"@765848 Thanks for reaching out! The purchaser would need to refund that, within 14 days of purchase. More info here: https://t.co/qcRBzjBPbg  ^QZ",needs_more_context,escalate,rule_assisted_needs_sample_review,billing_codes_refunds,0.531,semantic_prototype_weak_label
2734661,2734661,766439,Mon Nov 20 17:59:26 +0000 2017,"@XboxSupport Can someone tell me how a 12 year old can get me suspended from Xbox, when hes messaging me to get cancer. Your team is messed up. How in the hell does that work, seriously I want that revoked from my account. I'm actually disgusted",2734660,"@766439 Hi, we understand the frustration. We're separate from the Enforcement Team &amp; unable to speculate on your enforcement action. You can view more info about any active enforcement action: https://t.co/aHF4ZgtbnQ or file a case review if eligible: https://t.co/XnETWSeCtf ^ZM",enforcement_review,escalate,rule_assisted_needs_sample_review,safety_enforcement_security,0.573,semantic_prototype_weak_label
2734675,2734673,766442,Mon Nov 20 18:10:39 +0000 2017,@XboxSupport Probably the problem is due that i try ti cange gamertag from BelovedPuddle7 to Tiec1985 and now my Xbox not recognize my profile,2734668,"@766442 Hello, you can use this guide to help you recover your account. https://t.co/LH9owTvbkq ^RM",public_documentation,auto_handle_candidate,rule_assisted_needs_sample_review,account_access_profile,0.614,semantic_prototype_weak_label
2734675,2734671,766442,Tue Nov 21 17:19:17 +0000 2017,@XboxSupport so if the mail applyed to Merlot85 is not correct (__email__ but the real is @106989.it) can I ask you to halp me if i give you evidence thet it is my account.. is very important because I've buy in xbox live  a lot of games,2734674,"@766442 Hey, you can use this page to help access the account you are having trouble accessing. https://t.co/LH9owTvbkq ^RM",public_documentation,auto_handle_candidate,rule_assisted_needs_sample_review,account_access_profile,0.540,semantic_prototype_weak_label
2734699,2734699,766449,Mon Nov 20 14:43:12 +0000 2017,I cant even upload captures or send messages its been a week @XboxSupport,2734698,@766449 are having along with your Gamertag? Please include verbatims of any error you are seeing.  2 ^XS,private_account_investigation,escalate,rule_assisted_needs_sample_review,account_access_profile,0.555,semantic_prototype_weak_label
2734699,2734699,766449,Mon Nov 20 14:43:12 +0000 2017,I cant even upload captures or send messages its been a week @XboxSupport,2734700,"@766449 Hey there, can you please DM us with a full description of the issue you  1 ^XS",private_account_investigation,escalate,rule_assisted_needs_sample_review,account_access_profile,0.555,semantic_prototype_weak_label
2738392,2738392,767271,Mon Nov 20 05:10:13 +0000 2017,@115786 @XboxSupport please unban me im sorry i repent,2738391,"@767271 Hi, we can not speculate on enforcement actions, but you can go here to follow the steps to submit a case review https://t.co/LQYh6TbBcD.
 ^RM",enforcement_review,escalate,rule_assisted_needs_sample_review,account_access_profile,0.509,semantic_prototype_weak_label
2716562,2740171,767692,Mon Nov 20 08:59:57 +0000 2017,@762535 @XboxSupport Fix your shit Microsoft,2740170,"@767692 We'd be happy to help, but we could use more info. Could you follow &amp; DM @Xboxsupport with your Gamertag &amp; some details? ^EZ",private_account_investigation,escalate,rule_assisted_needs_sample_review,account_access_profile,0.549,semantic_prototype_weak_label
2740183,2740183,767696,Mon Nov 20 03:49:43 +0000 2017,@XboxSupport so I came home from work and found that my Xbox one sprung a leak and took my cable box with it...Is this a known issue? https://t.co/PXNXGAMFMl,2740182,"@767696 That's certainly strange! In this case, you'll want to reach the chat or phone teams specifically: https://t.co/LFZ7ig1llk to look into service/replacement. ^QZ",public_documentation,auto_handle_candidate,rule_assisted_needs_sample_review,other_or_needs_context,0.342,semantic_prototype_weak_label
2742090,2742087,768111,Mon Nov 20 13:13:07 +0000 2017,@768112 @MicrosoftHelps @XboxSupport @152814  https://t.co/wOTAstr022,2742085,"@768111 We'd be happy to help, but we could use more info. Could you follow &amp; DM @Xboxsupport with your Gamertag &amp; some details? ^EZ",private_account_investigation,escalate,rule_assisted_needs_sample_review,account_access_profile,0.518,semantic_prototype_weak_label
2654290,2693425,768470,Mon Nov 20 09:25:50 +0000 2017,@757047 @XboxSupport Did you ever get this figured out? I’m having the same problem...,2743705,"@768470 Hi there, that's odd. Have you tried the steps here: https://t.co/WXalx7PfHe to see if they can help with this HDR display issue you're experiencing? ^ZM",public_documentation,auto_handle_candidate,rule_assisted_needs_sample_review,account_access_profile,0.555,semantic_prototype_weak_label
2743733,2743733,768477,Mon Nov 20 08:18:19 +0000 2017,"@XboxSupport hi is there a way too disable the feature that pops up on my screen when I’m inactive and tells me what other friends are playing, really not a fan?",2743731,"@768477 Hi there, on your console, please visit: Settings&gt;preferences&gt;Idle options, are you able to toggle that option off? ^ZM",public_troubleshooting,auto_handle_candidate,rule_assisted_needs_sample_review,connectivity_xbox_live,0.314,semantic_prototype_weak_label
2745399,2745399,318291,Mon Nov 20 19:02:51 +0000 2017,"@XboxSupport How much space of the Forza Horizon 3, Motorsport 7 &amp; Star Wars Battlefront 2 take up the hard drive?",2745398,@318291 that game in the Store - you should see it listed in the game description :)  2 ^QZ,general_or_unclear_reply,review_required,rule_assisted_needs_sample_review,game_content_download,0.281,semantic_prototype_weak_label
2745399,2745399,318291,Mon Nov 20 19:02:51 +0000 2017,"@XboxSupport How much space of the Forza Horizon 3, Motorsport 7 &amp; Star Wars Battlefront 2 take up the hard drive?",2745400,@318291 Hi there! You can find more information on the size of a given game by searching for  1 ^QZ,needs_more_context,escalate,rule_assisted_needs_sample_review,game_content_download,0.281,semantic_prototype_weak_label
2745405,2745405,768873,Mon Nov 20 18:58:06 +0000 2017,"@XboxSupport For some reason my download speed on Xbox is 20 mb/s,  whereas when I do a Speedtest on my phone, it says it’s pulling 75mb/s, any ideas on what is going on??",2745403,@768873 Happy to look into that with you. Can you DM us a picture of your network stats: Settings&gt;Network&gt;Network Settings&gt;Detailed Network Statistics &amp; NAT? ^JL,visual_evidence_required,escalate,rule_assisted_needs_sample_review,connectivity_xbox_live,0.294,semantic_prototype_weak_label
2745405,2745404,768873,Mon Nov 20 21:59:19 +0000 2017,@XboxSupport Will do when I’m on next,2745406,@768873 Sounds like a plan. Please keep us updated. ^ZM,general_or_unclear_reply,review_required,rule_assisted_needs_sample_review,other_or_needs_context,0.400,semantic_prototype_weak_label
2654290,2749897,757047,Mon Nov 20 21:44:39 +0000 2017,@769903 @XboxSupport It worked thanks!,2749896,@757047 Glad to hear! We'll be here if you have any other Xbox support questions :)  ^QZ,general_or_unclear_reply,review_required,rule_assisted_needs_sample_review,account_access_profile,0.584,semantic_prototype_weak_label
2749911,2749911,769904,Mon Nov 20 21:41:33 +0000 2017,@XboxSupport Hey can I get some help? I’m trying to search for someone’s gamer tag but it says it’s not there,2749910,@769904 are having along with the Gamertags? Please include verbatims of any error you are seeing.  2 ^XS,general_or_unclear_reply,review_required,rule_assisted_needs_sample_review,account_access_profile,0.506,semantic_prototype_weak_label
2749911,2749911,769904,Mon Nov 20 21:41:33 +0000 2017,@XboxSupport Hey can I get some help? I’m trying to search for someone’s gamer tag but it says it’s not there,2749912,"@769904 Hey there, can you please DM us with a full description of the issue you  1 ^XS",private_account_investigation,escalate,rule_assisted_needs_sample_review,account_access_profile,0.506,semantic_prototype_weak_label
2749928,2749926,476890,Mon Nov 20 21:40:03 +0000 2017,@XboxSupport So do my friends wtf,2749925,"@476890 We'd be happy to help, but we could use more info. Could you follow &amp; DM @Xboxsupport with your Gamertag &amp; some details? ^EZ",private_account_investigation,escalate,rule_assisted_needs_sample_review,account_access_profile,0.463,semantic_prototype_weak_label
2749940,2749940,769911,Mon Nov 20 21:34:26 +0000 2017,@XboxSupport is xbox down,2749939,"@769911 Hey, are you currently experiencing an issue? ^RM",general_or_unclear_reply,review_required,rule_assisted_needs_sample_review,account_access_profile,0.535,semantic_prototype_weak_label
2710697,2710697,141542,Mon Nov 20 22:42:58 +0000 2017,@XboxSupport getting a message that I can’t do certain actions in the Xbox mobile app due to a suspension... I have no idea what this is about. If I follow the link to the enforcement page it says I have a perfect record!,2710698,"@141542 Hi there, please DM: https://t.co/nPX1yNG0Tv us your gamertag and what you see on this page: https://t.co/Xw7VddWfcM when signed into your account. ^ZM",private_account_investigation,escalate,rule_assisted_needs_sample_review,safety_enforcement_security,0.558,semantic_prototype_weak_label
2751915,2751915,770421,Sun Nov 26 21:28:12 +0000 2017,"@XboxSupport while playing a games with gold game it keeps booting me out to ask if I own it, it makes me lose my progression.",2751913,@770421 Hi there! We recommend making sure that you've obtained the game on your account and not using it through game share. ^CO,general_or_unclear_reply,review_required,rule_assisted_needs_sample_review,account_access_profile,0.488,semantic_prototype_weak_label
2751915,2751914,770421,Sun Nov 26 23:57:40 +0000 2017,@XboxSupport It was a games with gold so I downloaded through the store :/,2751916,@770421 Sorry for the confusion! Let's try refreshing your profile by removing it and adding again. https://t.co/ANtB3VzqWa ^CO,public_documentation,auto_handle_candidate,rule_assisted_needs_sample_review,subscription_game_pass_gold,0.487,semantic_prototype_weak_label
2751921,2751921,770422,Sun Nov 26 23:21:05 +0000 2017,@XboxSupport so basically I can only change my home xbx 5 times a year I accidentally turned on instant sign in it made it no longer my home xbox so now I cant change it already talked to 3 xbox officials please fix this,2751920,@770422 Twitter. Recommend reaching out to the chat team https://t.co/lUV7XYl61S to explore your options.  2 ^JS,specialist_handoff,escalate,rule_assisted_needs_sample_review,account_access_profile,0.600,semantic_prototype_weak_label
2751921,2751921,770422,Sun Nov 26 23:21:05 +0000 2017,@XboxSupport so basically I can only change my home xbx 5 times a year I accidentally turned on instant sign in it made it no longer my home xbox so now I cant change it already talked to 3 xbox officials please fix this,2751922,@770422 Hi there! We wouldn't be able to affect home console change amounts here on  1 ^JS,general_or_unclear_reply,review_required,rule_assisted_needs_sample_review,account_access_profile,0.600,semantic_prototype_weak_label
2754929,2754929,771102,Mon Nov 20 20:56:05 +0000 2017,@XboxSupport bought wwe2k18 season pass last month. Now I can't download the new content it's trying to make me buy it again!!,2754928,@771102 Hi there! Do you mind DM'ing us your Gamertag so we can gather a bit of info?  ^JL,private_account_investigation,escalate,rule_assisted_needs_sample_review,subscription_game_pass_gold,0.407,semantic_prototype_weak_label
2757878,2757877,291103,Tue Nov 21 02:21:06 +0000 2017,@XboxSupport @115786 *offline,2757876,@291103 Hello! Would you mind following us and sending a DM when you are so we can gather more info?  ^RR,private_account_investigation,escalate,rule_assisted_needs_sample_review,account_access_profile,0.509,semantic_prototype_weak_label
2757884,2757884,771791,Tue Nov 21 02:16:35 +0000 2017,Localizar o endere&amp;#231;o de email da conta Microsoft https://t.co/cLdP9DdeaR via @xboxsupport,2757882,"@771791 We're happy to help, but we're an English Support Channel. If you'd like to continue support in English let us know.
 ^RR",general_or_unclear_reply,review_required,rule_assisted_needs_sample_review,account_access_profile,0.262,semantic_prototype_weak_label
2760077,2760077,772284,Tue Nov 21 02:01:13 +0000 2017,@XboxSupport yo my Star Wars battlefront 2 has yet to install since I bought it when it released. It just says update and never does. Fix this shit please,2760076,@772284 Hi there. We can help troubleshoot that for sure. Can you DM us your Gamertag so we can start gathering info? ^JL,private_account_investigation,escalate,rule_assisted_needs_sample_review,game_content_download,0.305,semantic_prototype_weak_label
2771307,2771307,754897,Tue Oct 31 18:11:27 +0000 2017,@XboxSupport is there a number I can contact you guys at because banning my MAC address isn't right. I'd like to talk to someone about it.,2771306,@754897 I'm afraid there would be no way to contact the enforcement team directly. You'll need to wait until the suspension 1/2 ^TJ,enforcement_review,escalate,rule_assisted_needs_sample_review,safety_enforcement_security,0.499,semantic_prototype_weak_label
2785444,2785444,777705,Tue Nov 21 10:24:42 +0000 2017,@XboxSupport  my xbox one x’s HDMI video output has stopped working. Have tested the cable on another device and works and have tested xbox on different screen sith different cable and still nothing. Please help,2785443,"@777705 Hey, we are sorry to heat this has happened. You can go here to schedule a repair on your device.  https://t.co/v9YfjCym1O ^RM",repair_or_warranty_process,escalate,rule_assisted_needs_sample_review,other_or_needs_context,0.317,semantic_prototype_weak_label
2790300,2790299,233177,Tue Nov 21 16:22:26 +0000 2017,@XboxSupport @XboxSupport Any ideas? I can’t install a whole bunch of stuff I just spent a lot of money on.,2790298,"@233177 Hi, you can try using this guide to resolve that issue you are experiencing. https://t.co/nLBS8YYQ7a ^RM",public_documentation,auto_handle_candidate,rule_assisted_needs_sample_review,account_access_profile,0.555,semantic_prototype_weak_label
2791799,2791799,779182,Tue Nov 21 16:07:24 +0000 2017,"@XboxSupport Hello -  I was never prompted for the UHD player update on the X, can one assume it was installed automatically, because I have auto update flag set to yet?",2791796,@779182 Hey there! Are you referring to 4k Enhancement updates? ^BZ,general_or_unclear_reply,review_required,rule_assisted_needs_sample_review,other_or_needs_context,0.374,semantic_prototype_weak_label
2791799,2791797,779182,Tue Nov 21 20:43:17 +0000 2017,@XboxSupport Nope.referring to the firmware update to the UHD blu-ray player to fix the colors...e.g. Blacks looked grey.,2791800,"@779182 Ah, gotcha. If you have automatic updates toggled on, then yes, the update may have applied in the background without you knowing. You can also check available updates under My Games &amp; Apps&gt;Updates to see if any other update is available. ^ZM",general_or_unclear_reply,review_required,rule_assisted_needs_sample_review,other_or_needs_context,0.316,semantic_prototype_weak_label
2791799,2791798,779183,Tue Nov 21 20:47:06 +0000 2017,@XboxSupport @779182 Check my Txt please!,2791801,@779183 steps you have taken. This guide may list some steps you have not tried yet. https://t.co/Og2kTw8nrU  2 ^RM,public_documentation,auto_handle_candidate,rule_assisted_needs_sample_review,account_access_profile,0.515,semantic_prototype_weak_label
2791799,2791798,779183,Tue Nov 21 20:47:06 +0000 2017,@XboxSupport @779182 Check my Txt please!,2791802,"@779183 Hello, doing fine. Sorry to hear about the issue you are experiencing. Thank you for providing the  1 ^RM",general_or_unclear_reply,review_required,rule_assisted_needs_sample_review,account_access_profile,0.515,semantic_prototype_weak_label
2791811,2791811,395439,Tue Nov 21 17:10:30 +0000 2017,"@XboxSupport Issue activating Xbox One for Dev Mode. I visited the https://t.co/cNAS9NnRe2, but when I sign in it refreshes to the sign in screen with me already signed in. I click again and does same thing. Tried multiple browsers, refreshed browsers, hard reset pc and xbox.",2791810,"@395439 Hello, try using this guide to help you access Dev Mode. https://t.co/6zOD1BeGXX ^RM",public_documentation,auto_handle_candidate,rule_assisted_needs_sample_review,account_access_profile,0.543,semantic_prototype_weak_label
2792938,2792938,410527,Tue Nov 21 21:01:40 +0000 2017,"@XboxSupport hello, do I need 2 external hard drives for media and games or I can use 1 external hard drive for media and games?",2792936,@410527 Hi there! You can use one external drive for both your games and your media. There is more info about managing your external storage on the console here: https://t.co/Cx1O5Y1uqr ^JA,needs_more_context,escalate,rule_assisted_needs_sample_review,game_content_download,0.349,semantic_prototype_weak_label
2794142,2794142,779754,Tue Nov 21 19:46:32 +0000 2017,@XboxSupport my #xbox1 has #startuperror #factoryreset #viciouscycle,2794140,@779754 DM us your Gamertag and clarify what the issue is that you're having so we can investigate?  2 ^BZ,private_account_investigation,escalate,rule_assisted_needs_sample_review,account_access_profile,0.511,semantic_prototype_weak_label
2794142,2794142,779754,Tue Nov 21 19:46:32 +0000 2017,@XboxSupport my #xbox1 has #startuperror #factoryreset #viciouscycle,2794143,@779754 Heyo! We'd like to Direct Message so we can collect some more information. Can you follow and  1 ^BZ,private_account_investigation,escalate,rule_assisted_needs_sample_review,account_access_profile,0.511,semantic_prototype_weak_label
2796364,2796364,780274,Mon Nov 27 00:45:30 +0000 2017,@XboxSupport Can you guys help me out with something?,2796363,"@780274 We would be happy to help! Could you DM https://t.co/nPX1yNXCi5 us your Gamertag and a summary of your issue?
 ^JS",private_account_investigation,escalate,rule_assisted_needs_sample_review,other_or_needs_context,0.587,semantic_prototype_weak_label
2796653,2796653,780337,Tue Nov 21 18:31:48 +0000 2017,"@XboxSupport I’m trying to Update my Xbox one System, “There was a Problem updating.” Pops up almost immediately, after pressed “Update”",2796652,"@780337 Hey, try restarting your console with these steps https://t.co/Z4gqYJG4xh to see if that message stop appearing. 
 ^RM",public_documentation,auto_handle_candidate,rule_assisted_needs_sample_review,account_access_profile,0.456,semantic_prototype_weak_label
2796659,2796658,780338,Tue Nov 21 20:03:35 +0000 2017,"@XboxSupport The hacker has changed my password, deleted my phone number and my email address. He changed the email address to ""__email__"". Before he deleted all my data he paid two transactions by my paypal address to microsoft over 99.99.- Euro for NHL 18 Madden... HELP PLEASE!!",2796656,"@780338 If your account was compromised, we would recommend to go through the steps in: https://t.co/PjiL38l04C to regain access. ^EZ",public_documentation,auto_handle_candidate,rule_assisted_needs_sample_review,account_access_profile,0.585,semantic_prototype_weak_label
2796690,2796690,780344,Tue Nov 21 20:36:47 +0000 2017,"me: gets servers back
xbox: still cant play inpvp
me: https://t.co/lHhJMrcm2r",2796688,@780344 Are you trying to use a keyboard and mouse with the console version of the game? ^JL,public_troubleshooting,auto_handle_candidate,rule_assisted_needs_sample_review,account_access_profile,0.426,semantic_prototype_weak_label
2796690,2796689,780344,Tue Nov 21 22:31:07 +0000 2017,@XboxSupport Nope! I'm trying to use a keyboard with the cross platform version of the game. I can do everything else perfectly fine it's just chatting that is my issue.,2796691,@780344 Are you on a Windows 10 PC?  ^JL,general_or_unclear_reply,review_required,rule_assisted_needs_sample_review,other_or_needs_context,0.355,semantic_prototype_weak_label
2796690,2796692,780344,Wed Nov 22 00:37:08 +0000 2017,@XboxSupport Nope. I'm on Xbox but not the Xbox One Edition. I'm using a keyboard and mouse that plugs into my Xbox via usb.,2796693,@780344 time to time. We would recommend using an official controller if it continues to cause problems.  2 ^JL,general_or_unclear_reply,review_required,rule_assisted_needs_sample_review,how_to_product_information,0.343,semantic_prototype_weak_label
2796690,2796695,780344,Wed Nov 22 01:22:05 +0000 2017,@XboxSupport Ok thanks,2796696,@780344 Sure thing. Do let us know if we can help troubleshoot anything else. ^JL,public_troubleshooting,auto_handle_candidate,rule_assisted_needs_sample_review,account_access_profile,0.504,semantic_prototype_weak_label
2796690,2796692,780344,Wed Nov 22 00:37:08 +0000 2017,@XboxSupport Nope. I'm on Xbox but not the Xbox One Edition. I'm using a keyboard and mouse that plugs into my Xbox via usb.,2796694,"@780344 Ah, unfortunately, that is not currently a first party supported feature and thus may have issues from  1 ^JL",general_or_unclear_reply,review_required,rule_assisted_needs_sample_review,how_to_product_information,0.343,semantic_prototype_weak_label
2798233,2798233,766438,Tue Nov 21 21:17:14 +0000 2017,"@116698 @115765 @XboxSupport @ATVIAssist keep getting this repeatedly, can’t play multiplayer you guys really need to patch the game for Xbox, not just PlayStation. Make the game is complete before you guys incorporate cod points, but I’m sure that will Work flawlessly. https://t.co/QsnObHt7Ds",2798232,"@766438 Hi there, thanks for reaching out to us. Can you DM us your gamertag and details of the error you're seeing? ^CO",private_account_investigation,escalate,rule_assisted_needs_sample_review,other_or_needs_context,0.445,semantic_prototype_weak_label
2799583,2799583,286398,Tue Nov 21 21:54:54 +0000 2017,@XboxSupport I keep getting errors when I try to purchase a game through the store on my Xbox 1 and on he microsoft store website. Any help?,2799582,"@286398 Hi there, we'd like to help but could use more info. Can you please send us a DM: https://t.co/nPX1yNG0Tv with your gamertag and a detailed summary of the issue you're experiencing? ^ZM",private_account_investigation,escalate,rule_assisted_needs_sample_review,account_access_profile,0.495,semantic_prototype_weak_label
2799587,2799587,781075,Tue Nov 21 21:22:06 +0000 2017,"@XboxSupport 
I bought Forza Horizon 3 today and when I open the game it says that my profile is invalid, what can I do?
help me please",2799586,@781075 Hi there! Mind sending us a direct message https://t.co/nPX1yNXCi5 with your Gamertag so we can further assist?  ^JA,private_account_investigation,escalate,rule_assisted_needs_sample_review,account_access_profile,0.517,semantic_prototype_weak_label
2801044,2801044,781423,Wed Nov 22 00:08:00 +0000 2017,"Hey @XboxSupport , bought quite a lot of stuff off the store recently and I'm not having any pending points showing for Xbox rewards. Any idea why?",2801042,@781423 Hey there. This may take some time to update but to inquire about this specifically let's post to the rewards team here: https://t.co/9CNfFlod4b . So they can address directly. ^IS,public_documentation,auto_handle_candidate,rule_assisted_needs_sample_review,billing_codes_refunds,0.441,semantic_prototype_weak_label
2801044,2801043,781423,Wed Nov 22 00:26:36 +0000 2017,@XboxSupport I've dropped a post in their support section x,2801045,@781423 Perfect. That's how you want to address all rewards inquiries or trouble. Let us know if you have any other questions in the future.  ^IS,general_or_unclear_reply,review_required,rule_assisted_needs_sample_review,other_or_needs_context,0.599,semantic_prototype_weak_label
2801068,2801060,311352,Tue Nov 21 23:15:35 +0000 2017,@204039 I had no idea. @XboxSupport can you confirm this?,2801058,@311352 Hi there. Did you by chance cancel the update when it first started?  ^JL,general_or_unclear_reply,review_required,rule_assisted_needs_sample_review,other_or_needs_context,0.583,semantic_prototype_weak_label
2801068,2801059,311352,Wed Nov 22 00:20:15 +0000 2017,@XboxSupport Yes because it was stuck at 0% for several minutes. However I did that before and didn't have issues.,2801061,@311352 Did you see anything pop up when you clicked cancel? ^JL,general_or_unclear_reply,review_required,rule_assisted_needs_sample_review,other_or_needs_context,0.469,semantic_prototype_weak_label
2801068,2801062,311352,Wed Nov 22 01:03:24 +0000 2017,@XboxSupport No.,2801063,@311352 remove the game as not having that title update would make it unplayable on the console.  2 ^JL,general_or_unclear_reply,review_required,rule_assisted_needs_sample_review,other_or_needs_context,0.479,semantic_prototype_weak_label
2801068,2801065,311352,Wed Nov 22 01:45:14 +0000 2017,@XboxSupport That makes no sense but whatever.,2801066,@311352 Definitely understand the confusion. If you'd like to see this addressed let's leave your feedback here: https://t.co/Ub2WjDyEcS . ^IS,public_documentation,auto_handle_candidate,rule_assisted_needs_sample_review,other_or_needs_context,0.509,semantic_prototype_weak_label
2801068,2801062,311352,Wed Nov 22 01:03:24 +0000 2017,@XboxSupport No.,2801064,"@311352 It did not ask you for confirmation at all? Unfortunately, canceling a title update may indeed  1 ^JL",general_or_unclear_reply,review_required,rule_assisted_needs_sample_review,other_or_needs_context,0.479,semantic_prototype_weak_label
2801934,2801934,781611,Tue Nov 21 23:54:16 +0000 2017,@XboxSupport hi I need you’re help with my online account please. I’m having a few issues,2801933,"@781611 We'd be happy to help, but we could use more info. Could you follow &amp; DM @Xboxsupport with your Gamertag &amp; some details? ^EZ",private_account_investigation,escalate,rule_assisted_needs_sample_review,account_access_profile,0.670,semantic_prototype_weak_label
2802877,2802877,781864,Tue Nov 21 23:44:19 +0000 2017,"@8965 @XboxSupport Hello, can i use my computer mouse to play #TheSims4 on XboxOne ?",2802876,"@781864 Hi there! This is not an available feature. If this is something that you would like to see in the future, then we'd recommend leaving feedback here: https://t.co/Ub2WjDQf4q  ^JA",public_documentation,auto_handle_candidate,rule_assisted_needs_sample_review,other_or_needs_context,0.399,semantic_prototype_weak_label
2806524,2806523,782750,Wed Nov 22 02:37:12 +0000 2017,@XboxSupport @MicrosoftHelps @115786,2806522,@782750 Hi there. We would recommend checking out this FAQ https://t.co/idafURUdBv in this scenario.  ^JL,public_documentation,auto_handle_candidate,rule_assisted_needs_sample_review,account_access_profile,0.560,semantic_prototype_weak_label
2806535,2806535,782754,Wed Nov 22 02:10:45 +0000 2017,"@XboxSupport I just went to replay a game I bought digitally and beat last year. It's no longer in my ""ready to install"" queue, and the store gives me the option to buy, but not to play. I no longer have the purchase confirmation receipt. Is there anything I can do?",2806533,@782754 Hi there! Can you DM us your Gamertag and a photo of that order from this link https://t.co/ynh71OJwNH ^JL,visual_evidence_required,escalate,rule_assisted_needs_sample_review,billing_codes_refunds,0.446,semantic_prototype_weak_label
2806535,2806534,782754,Wed Nov 22 05:02:33 +0000 2017,@XboxSupport Must've just been a momentary hiccup. I reset the console and it showed up as it should. Thanks for your time.,2806536,@782754 Happy to hear that. Let us know if we can assist with any other troubleshooting. ^JL,public_troubleshooting,auto_handle_candidate,rule_assisted_needs_sample_review,account_access_profile,0.488,semantic_prototype_weak_label
2807365,2807365,121101,Wed Nov 22 02:25:40 +0000 2017,@XboxSupport  why is it that games with gold doesn't allow me get the free games for Xbox 360 I'd love to see where it mentions that?,2807362,@121101 Hey there. It's possible your using a child account which would cause this as called out here: https://t.co/9Ro0ZE6Mkl .  ^IS,public_documentation,auto_handle_candidate,rule_assisted_needs_sample_review,subscription_game_pass_gold,0.539,semantic_prototype_weak_label
2809080,2809079,783427,Wed Nov 22 02:25:34 +0000 2017,@XboxSupport Please help,2809078,@783427 Hi there! Can you DM us your gamertag and your detailed network settings? ^CO,private_account_investigation,escalate,rule_assisted_needs_sample_review,account_access_profile,0.554,semantic_prototype_weak_label
2812699,2812695,784281,Sun Nov 26 23:13:22 +0000 2017,@351354 @XboxSupport This method always works for me. Make sure you cancel your installation before you clear your persistent storage.,2812694,@784281 Hi there! Can you DM us a photo of what your NAT type screen says currently? ^CO,visual_evidence_required,escalate,rule_assisted_needs_sample_review,account_access_profile,0.507,semantic_prototype_weak_label
2813679,2813679,672904,Sun Nov 26 23:54:23 +0000 2017,My Xbox deadass gave up on me,2813677,"@672904 Hi there! Can you clarify what you mean by ""bought"" a new power brick? Where did purchase it? ^CO",needs_more_context,escalate,rule_assisted_needs_sample_review,account_access_profile,0.561,semantic_prototype_weak_label
2813679,2813678,672904,Mon Nov 27 02:02:46 +0000 2017,@XboxSupport I bought a power brick  (its slang for the power adapter sorry about that) and i assumed it would work and it did but now it lasts a few min and just dies like a power reset and it'll kill the brick unless all power is out,2813680,@672904 Was this an official power brick or a third party? ^CO,general_or_unclear_reply,review_required,rule_assisted_needs_sample_review,account_access_profile,0.269,semantic_prototype_weak_label
2813679,2813681,672904,Mon Nov 27 04:03:59 +0000 2017,@XboxSupport Official,2813682,@672904 You will want to plug your console into a wall outlet and never into a surge protector. Let us know if this helps. ^CO,general_or_unclear_reply,review_required,rule_assisted_needs_sample_review,other_or_needs_context,0.489,semantic_prototype_weak_label
2813679,2813683,672904,Mon Nov 27 05:42:18 +0000 2017,@XboxSupport I did that already but it still shuts off after like 1 min,2813684,@672904 Thank you for trying that! Since you're still seeing this issue after the steps/guides we sent 1/2 ^TJ,public_troubleshooting,auto_handle_candidate,rule_assisted_needs_sample_review,account_access_profile,0.474,semantic_prototype_weak_label
2814703,2814703,784724,Mon Nov 27 01:20:14 +0000 2017,Bro omg @115786 @XboxSupport you guys fucking suck dick fix your shit,2814702,"@784724 Hi! Let's have you follow us, DM us your Gamertag, and some more info about what you're seeing: https://t.co/nPX1yNXCi5 
 ^BL",private_account_investigation,escalate,rule_assisted_needs_sample_review,account_access_profile,0.443,semantic_prototype_weak_label
2814712,2814712,784727,Mon Nov 27 01:07:42 +0000 2017,"@XboxSupport  tengo problemas con el código para descargar Gears og war 3, me pueden ayudar?",2814711,"@784727 English? If not no problem, let us know your country/region so that we can direct you to the best option.  2 ^BL",public_troubleshooting,auto_handle_candidate,rule_assisted_needs_sample_review,game_content_download,0.286,semantic_prototype_weak_label
2814712,2814712,784727,Mon Nov 27 01:07:42 +0000 2017,"@XboxSupport  tengo problemas con el código para descargar Gears og war 3, me pueden ayudar?",2814713,"@784727 Hey there. We are an English speaking support channel here, to better assist you are you able to continue in  1 ^BL",general_or_unclear_reply,review_required,rule_assisted_needs_sample_review,game_content_download,0.286,semantic_prototype_weak_label
2814718,2814718,784729,Mon Nov 27 00:58:30 +0000 2017,"@XboxSupport My friend and i keep trying to play Dark souls 2, Sotfs, and cant seem to log into the servers at all, is there a specific reason? Im pretty upset because this happens about half the time we want to play",2814717,"@784729 Hi! Let's have you follow us, DM us your Gamertag, and some more info about what you're seeing: https://t.co/nPX1yNXCi5 
 ^BL",private_account_investigation,escalate,rule_assisted_needs_sample_review,connectivity_xbox_live,0.418,semantic_prototype_weak_label
2816538,2816538,785160,Mon Nov 27 02:00:47 +0000 2017,"@XboxSupport Do you guys consider Mouse and Keyboard to be a bannable offense?
Cause if you don't i think it should be.",2816537,@785160 Hey there! We are a separate team from Enforcement so we would not be able to speculate.  ^JA,enforcement_review,escalate,rule_assisted_needs_sample_review,safety_enforcement_security,0.510,semantic_prototype_weak_label
2817238,2817238,785342,Mon Nov 27 02:11:07 +0000 2017,@XboxSupport Need help with a purchase issue. It's not letting me purchase something.,2817237,"@785342 Hi there, let's make sure that your billing and purchase devices are updated and current here: https://t.co/Vdnoh9l6jQ ^CO",public_documentation,auto_handle_candidate,rule_assisted_needs_sample_review,account_access_profile,0.547,semantic_prototype_weak_label
2817265,2817265,785351,Mon Nov 27 01:29:02 +0000 2017,"@XboxSupport @XboxSupport hey, i have just bought xbox one, i have two discs , forza 5 and fifa 18, non of them work when i inserted them. Gotta be an issue with the console.",2817263,"@785351 Hi there, thanks for reaching out to us. Are you having interrupted installations by any chance? ^CO",general_or_unclear_reply,review_required,rule_assisted_needs_sample_review,other_or_needs_context,0.440,semantic_prototype_weak_label
2817265,2817264,785351,Wed Nov 29 02:35:30 +0000 2017,@XboxSupport No,2817266,@785351 Thanks for that info. We'd recommend following the steps in the guide here: https://t.co/3cHWNKEExe  ^JA,public_documentation,auto_handle_candidate,rule_assisted_needs_sample_review,other_or_needs_context,0.479,semantic_prototype_weak_label
2818608,2818608,317705,Mon Nov 27 03:14:26 +0000 2017,@XboxSupport can you turn off automatic downloads for Xbox one enhanced content? I’ve got an X and S and don’t want to download enhanced content on the S but want it to update automatically still.,2818607,"@317705 Hi there, you can turn off this setting on your S in your settings and Transfer and Backup. ^CO",public_troubleshooting,auto_handle_candidate,rule_assisted_needs_sample_review,how_to_product_information,0.339,semantic_prototype_weak_label
2819355,2819355,785847,Mon Nov 27 03:42:30 +0000 2017,@XboxSupport I just got myself a new headset and I'm having some problems with it. It won't pick up my voice even tho my Xbox detects that there is a mic connected to it how do I fix this?,2819354,@785847 Hi there! We'd recommend following the steps in the guide here: https://t.co/E5H8Q56Yuy  ^JA,public_documentation,auto_handle_candidate,rule_assisted_needs_sample_review,other_or_needs_context,0.336,semantic_prototype_weak_label
2825744,2825744,787170,Sun Nov 12 01:14:16 +0000 2017,"@XboxSupport, why will my Xbox not let me connect to any games. When it starts syncing, it always fails. I tried hard restarting my Xbox and it still will not work",2825743,"@787170 Heya! To be sure, let's power down the console and unplug it for about 5 mins then reboot and try again. ^JL",public_troubleshooting,auto_handle_candidate,rule_assisted_needs_sample_review,account_access_profile,0.559,semantic_prototype_weak_label
2838876,2838876,790059,Mon Nov 27 05:13:31 +0000 2017,@XboxSupport what can be done about half naked screenshots on Xbox trending?,2838875,"@790059 Hi there! Totally understand the frustration regarding this. In regards to these photos, we recommend 1/2 ^TJ",visual_evidence_required,escalate,rule_assisted_needs_sample_review,how_to_product_information,0.394,semantic_prototype_weak_label
2840514,2840514,790439,Mon Nov 27 06:14:55 +0000 2017,You guys are some faggots for banning people for no reason @XboxSupport,2840513,"@790439 Hi there! We don't have any details or influence on Enforcement action here, as that's all handled by a separate team from us. You can find more info on any active suspensions here: https://t.co/KvFovSf0X5 &amp; you can also submit a case review from there, if eligible. ^QZ",enforcement_review,escalate,rule_assisted_needs_sample_review,safety_enforcement_security,0.482,semantic_prototype_weak_label
2840538,2840538,790441,Mon Nov 27 05:30:45 +0000 2017,"@XboxSupport I purchased Xbox gold membership , it’s shows active in my account but cannot access online game features.Please help",2840537,"@790441 Sorry to hear that! If you remove your profile: https://t.co/zJxn1EMf83 then power cycle: https://t.co/hTDp5ivpor &amp; sign in again, any change?   ^QZ",public_documentation,auto_handle_candidate,rule_assisted_needs_sample_review,account_access_profile,0.604,semantic_prototype_weak_label
2842179,2842179,790780,Mon Nov 27 08:08:14 +0000 2017,@XboxSupport yo can you guys fix this uneven gamer score for me it’s driving me nuts and it’s triggering my ocd plss help https://t.co/ueH6EiU2Qu,2842178,"@790780 Thanks for reaching out, but I'm afraid that we would not have any way to influence an account's Gamerscore total. ^EZ",general_or_unclear_reply,review_required,rule_assisted_needs_sample_review,account_access_profile,0.417,semantic_prototype_weak_label
2842181,2842181,790781,Mon Nov 27 10:36:56 +0000 2017,"@XboxSupport just a question.Is the xbox pass code region free?Can I buy a code from your us store (that is currently priced $1) and use it on my European account?
Thanks for your time",2842180,@790781 Hi there! We always recommend purchasing content from the Marketplace for the region in which you're located.  ^QZ,general_or_unclear_reply,review_required,rule_assisted_needs_sample_review,billing_codes_refunds,0.473,semantic_prototype_weak_label
2842215,2842215,790790,Mon Nov 27 06:46:09 +0000 2017,"@XboxSupport Doubt there’s any hope, but I bought the standard edition of Wolfenstein 2 digitally instead of the deluxe. I’m going to guess it’s too late, isn’t it? 😔",2842213,"@790790 Hey there, for all refund requests and cancellations you will want to contact our chat team here: https://t.co/lUV7XYl61S ^XS",specialist_handoff,escalate,rule_assisted_needs_sample_review,game_content_download,0.311,semantic_prototype_weak_label
2845918,2845917,791582,Mon Nov 27 15:05:44 +0000 2017,"@XboxSupport it's also why playstation is doing so well, even with their garbage systems they had in place they were still a easy contender for you guys because anyone who has a technical issue, not someone being technically stupid but a actual issue, is ignored essentially.",2845916,"@791582 Hi there! To clarify, were you in touch with our phone or chat teams? Can you DM us your gamertag and more details on what you need help with? https://t.co/nPX1yNG0Tv ^QZ",private_account_investigation,escalate,rule_assisted_needs_sample_review,other_or_needs_context,0.428,semantic_prototype_weak_label
2847785,2847782,792003,Mon Nov 27 10:56:39 +0000 2017,AND MICROSOFT IS ADDING SOME BULLSHIT TO MY XBOX ACCOUNT THAT I DIDNT EVEN KNOW THAT EXIST AND ITS MAKING ME NOT ENJOY MY GAMES PROPERLY BECOZ MOST OF THE SHIT THAT MAKE THE GAME SPECIAL ARE LOCKED,2847781,@792003 our chat team here: https://t.co/lUV7XYl61S so they can take a deeper look into the account and permissions with you.  2 ^XS,specialist_handoff,escalate,rule_assisted_needs_sample_review,account_access_profile,0.548,semantic_prototype_weak_label
2847785,2847782,792003,Mon Nov 27 10:56:39 +0000 2017,AND MICROSOFT IS ADDING SOME BULLSHIT TO MY XBOX ACCOUNT THAT I DIDNT EVEN KNOW THAT EXIST AND ITS MAKING ME NOT ENJOY MY GAMES PROPERLY BECOZ MOST OF THE SHIT THAT MAKE THE GAME SPECIAL ARE LOCKED,2847783,"@792003 Hi there, when you get a moment what you will want to do in this case; is reach out to  1 ^XS",general_or_unclear_reply,review_required,rule_assisted_needs_sample_review,account_access_profile,0.548,semantic_prototype_weak_label
2852368,2852368,445699,Mon Nov 27 15:45:56 +0000 2017,@116547 @XboxSupport @115786  i been looking into XBOX One Store i can not find the game i want to pre order,2852366,@445699 Hi there! Do you notice any issues when you try to pre-order the game via the link here? https://t.co/QLEW6CNqQL ^TJ,public_documentation,auto_handle_candidate,rule_assisted_needs_sample_review,billing_codes_refunds,0.370,semantic_prototype_weak_label
2852368,2852367,445699,Mon Nov 27 23:32:01 +0000 2017,@XboxSupport Is digital or physical it doesn't says let me know ASAP please and thank you,2852369,@445699 Hi again! The game here: https://t.co/6VWcwksUJl would include a digital token that can be redeemed on your account. ^JA,public_documentation,auto_handle_candidate,rule_assisted_needs_sample_review,how_to_product_information,0.535,semantic_prototype_weak_label
2852368,2852370,445699,Tue Nov 28 03:55:26 +0000 2017,@XboxSupport Its my first time buying Xbox game on the web that is why im confused how i get the game,2852372,@445699 Hello! That is a physical game case that will be mailed to you with the code for the game inside it.  ^RR,general_or_unclear_reply,review_required,rule_assisted_needs_sample_review,billing_codes_refunds,0.513,semantic_prototype_weak_label
2852368,2852373,445699,Tue Nov 28 05:21:27 +0000 2017,@XboxSupport Alright thanks a lot for the information,2852374,@445699 You're welcome! Let us know if you get any future Xbox related questions.  ^RR,general_or_unclear_reply,review_required,rule_assisted_needs_sample_review,other_or_needs_context,0.565,semantic_prototype_weak_label
2852378,2852378,755054,Mon Nov 27 19:37:49 +0000 2017,@115786 @XboxSupport can I get a little help here please.... I can’t even start my Xbox One x https://t.co/jCZszwj41W,2852377,"@755054 Hi there! Let's check out our guide here for this error code that you're seeing https://t.co/dC1DijiaUy
 ^TJ",public_documentation,auto_handle_candidate,rule_assisted_needs_sample_review,account_access_profile,0.618,semantic_prototype_weak_label
2854025,2854025,793396,Mon Nov 27 17:48:00 +0000 2017,@XboxSupport  why isn't the Xbox app letting me watch my clips it shows all my clips just doesn't play them???,2854024,"@793396 We'd be happy to help, but we could use more info. Could you follow &amp; DM @Xboxsupport with your Gamertag &amp; some details? ^EZ",private_account_investigation,escalate,rule_assisted_needs_sample_review,how_to_product_information,0.428,semantic_prototype_weak_label
2854035,2854035,253409,Mon Nov 27 16:35:49 +0000 2017,@115786 @XboxSupport @11053 I'm so sick of all the fkn hack lobbies &amp; cheaters on #CODBO2! Can't you do anything?! Very disgusted right now!,2854034,"@253409 Hey there, if players are abusing you or the Code of Conduct please report them via the method outlined here: https://t.co/lSwAJ3MPoN ^XS",enforcement_review,escalate,rule_assisted_needs_sample_review,safety_enforcement_security,0.417,semantic_prototype_weak_label
2855518,2855518,793723,Mon Nov 27 17:26:42 +0000 2017,@XboxSupport just got off the phone with a very helpful member. Wish I remembered his name but thank you for the fast and friendly service!,2855517,"@793723 Hey there! Glad to hear that you had a great experience, have a great night!  ^BL",general_or_unclear_reply,review_required,rule_assisted_needs_sample_review,other_or_needs_context,0.499,semantic_prototype_weak_label
2855556,2855556,793730,Mon Nov 27 17:01:49 +0000 2017,"@XboxSupport hi, I always get forced to change my password every now and then and it’s really annoying as I am running out of ideas for them, is there any way I can just keep the one I have currently?",2855555,"@793730 Hey there, you can manage your security settings here: https://t.co/ZbWV2YB3ru  ^XS",public_documentation,auto_handle_candidate,rule_assisted_needs_sample_review,account_access_profile,0.504,semantic_prototype_weak_label
2856898,2856893,794038,Mon Nov 27 19:42:35 +0000 2017,@XboxSupport Now we have E102 10040C02 80004005.. strange,2856891,@794038 Hello! Let's try going through the steps here: https://t.co/PsGZKHSSkY to get your console updated.  ^RR,public_documentation,auto_handle_candidate,rule_assisted_needs_sample_review,account_access_profile,0.446,semantic_prototype_weak_label
2856898,2856892,794038,Mon Nov 27 21:32:48 +0000 2017,@XboxSupport Yeah tried everything but everything failed after a few percent or ended as black screen. i think my scorpio is dead..😢,2856894,"@794038 Sorry to hear that! If those steps haven't helped, you'll need to look into servicing/replacing the console, I'm afraid. If it was purchased from a retail store, returning to that store to exchange it may be quickest. ^QZ",public_troubleshooting,auto_handle_candidate,rule_assisted_needs_sample_review,account_access_profile,0.438,semantic_prototype_weak_label
2856898,2856896,794038,Tue Nov 28 07:52:32 +0000 2017,@XboxSupport i don‘t know why but she‘s working again. restored to factory but working.. i am confused.,2856897,"@794038 Great to hear everything is up and running! Feel free to reach out should you have future Xbox Support questions! Happy Gaming!
 ^JS",general_or_unclear_reply,review_required,rule_assisted_needs_sample_review,account_access_profile,0.463,semantic_prototype_weak_label
2858527,2858527,794390,Mon Nov 27 19:21:17 +0000 2017,Can y’all wait till I get paid Wednesday @115786 @XboxSupport https://t.co/UeWgBodyaD,2858526,@794390 Hey there! We definitely understand that. We'd recommend keeping an eye out for any announcements here: https://t.co/zmHDmfss7H for any future deals. ^JA,public_documentation,auto_handle_candidate,rule_assisted_needs_sample_review,billing_codes_refunds,0.375,semantic_prototype_weak_label
2860235,2860235,794796,Mon Nov 27 20:58:58 +0000 2017,"@XboxSupport just some feedback, i should be able to search for anything in the entire store thru the app. not just games only",2860234,"@794796 If you'd like to share this feedback with our teams, please make sure to share this on https://t.co/EDoaucAFLe for greater visibility^EZ",public_documentation,auto_handle_candidate,rule_assisted_needs_sample_review,game_content_download,0.531,semantic_prototype_weak_label
2860242,2860239,785845,Mon Nov 27 21:04:39 +0000 2017,@157702 Facturación : Pago y compras https://t.co/pY1voFqEvr… vía @xboxsupport  é tratado de comprar  la sus suscripción gold   X 10 pesos me hicieron 2 cargos a la tarjeta osea 20 pesos y al tratar de entrar me dice que no se proceso el pago pero bien que cobraron 😡 https://t.co/flQ8Izrvwi,2860238,"@785845 Hi there! We're happy to help with any Xbox Support questions that you may have, but we're an English Support Channel. If you'd like to continue support in your native language, you can follow the link here: https://t.co/lUV7XYCGTq ^JA",public_documentation,auto_handle_candidate,rule_assisted_needs_sample_review,subscription_game_pass_gold,0.150,semantic_prototype_weak_label
2862260,2862260,795120,Mon Nov 27 21:48:10 +0000 2017,.@XboxSupport  What is happening with master chief collection matchmaking? It’s been booting us out when playing 2+ players for weeks now. When is the fix coming? #halomasterchiefcollection,2862259,"@795120 We'd be happy to help, but we could use more info. Could you follow &amp; DM @Xboxsupport with your Gamertag &amp; some details? ^EZ",private_account_investigation,escalate,rule_assisted_needs_sample_review,other_or_needs_context,0.352,semantic_prototype_weak_label
2863735,2863735,795462,Mon Nov 27 22:41:22 +0000 2017,The only Xbox Live you can get now is gold but it’s telling me I need gold to get this deal.. bitch this isn’t 2009 there’s no silver and bronze:/// feeling irritated!!😡😡 @115786 @XboxSupport @115786,2863734,@795462 are having along with your Gamertag? Please include verbatims of any error you are seeing.  2 ^XS,private_account_investigation,escalate,rule_assisted_needs_sample_review,subscription_game_pass_gold,0.553,semantic_prototype_weak_label
2863735,2863735,795462,Mon Nov 27 22:41:22 +0000 2017,The only Xbox Live you can get now is gold but it’s telling me I need gold to get this deal.. bitch this isn’t 2009 there’s no silver and bronze:/// feeling irritated!!😡😡 @115786 @XboxSupport @115786,2863736,"@795462 Hey there, can you please DM us with a full description of the issue you  1 ^XS",private_account_investigation,escalate,rule_assisted_needs_sample_review,subscription_game_pass_gold,0.553,semantic_prototype_weak_label
2863755,2863755,795466,Mon Nov 27 22:49:22 +0000 2017,@XboxSupport como faço para meu tipo NAT ficar aberto?,2863753,"@795466 English? If not no problem, let us know your country/region so that we can direct you to the best option.  2 ^BL",public_troubleshooting,auto_handle_candidate,rule_assisted_needs_sample_review,console_accessory_display,0.181,semantic_prototype_weak_label
2863755,2863754,795466,Mon Nov 27 23:21:53 +0000 2017,@XboxSupport Brazil,2863756,"@795466 Thank you, you can reach out to local support here: https://t.co/lUV7XYl61S  ^BL",public_documentation,auto_handle_candidate,rule_assisted_needs_sample_review,other_or_needs_context,0.339,semantic_prototype_weak_label
2863755,2863755,795466,Mon Nov 27 22:49:22 +0000 2017,@XboxSupport como faço para meu tipo NAT ficar aberto?,2863757,"@795466 Hey there. We are an English speaking support channel here, to better assist you are you able to continue in  1 ^BL",general_or_unclear_reply,review_required,rule_assisted_needs_sample_review,console_accessory_display,0.181,semantic_prototype_weak_label
2865079,2865079,795794,Mon Nov 27 22:47:04 +0000 2017,@XboxSupport Can you help me fix my age on my account?,2865077,"@795794 Hey there, can you please follow then DM us your Gamertag so that we can collect some more information from you? ^XS",private_account_investigation,escalate,rule_assisted_needs_sample_review,account_access_profile,0.598,semantic_prototype_weak_label
2866253,2866253,409702,Mon Nov 27 22:41:18 +0000 2017,"@XboxSupport Hey, the left stick on my Day One 2013 controller has started playing up with my games occasionally picking up movement when it's still. What can I do?",2866252,@409702 Sorry to hear that! The page here: https://t.co/5qI9m7m5JN has some resources that can help you troubleshoot further; can you check that out &amp; let us know? ^QZ,public_documentation,auto_handle_candidate,rule_assisted_needs_sample_review,account_access_profile,0.264,semantic_prototype_weak_label
2869809,2869806,616034,Tue Nov 28 01:38:59 +0000 2017,"@796928 @115786 @XboxSupport He was salty, cause he wrote me saying I was trash",2869805,"@616034 Heya! To view enforcement actions you can go here: https://t.co/JXq4oCmI9s and if eligible you can submit a case review.
 ^RR",enforcement_review,escalate,rule_assisted_needs_sample_review,other_or_needs_context,0.387,semantic_prototype_weak_label
2869816,2869812,796929,Tue Nov 28 01:16:20 +0000 2017,"@XboxSupport and didn’t appear the change, it has been 24 hours since then, so i need a solution or a refund,",2869810,@796929 cycle https://t.co/c0rhsKO0Ni the console. Then sign back in and let us know if that change occurs.  2 ^BL,public_documentation,auto_handle_candidate,rule_assisted_needs_sample_review,account_access_profile,0.505,semantic_prototype_weak_label
2869816,2869811,796929,Tue Nov 28 22:40:12 +0000 2017,"@XboxSupport Didn’t do nothing, I deleted the account then power cycle the console, my awful name is still there, it’s annoying",2869813,@796929 https://t.co/lUV7XYl61S as they'll be able to dig into this a bit deeper with you!  2 ^BZ,public_documentation,auto_handle_candidate,rule_assisted_needs_sample_review,account_access_profile,0.553,semantic_prototype_weak_label
2869816,2869811,796929,Tue Nov 28 22:40:12 +0000 2017,"@XboxSupport Didn’t do nothing, I deleted the account then power cycle the console, my awful name is still there, it’s annoying",2869814,"@796929 Okay. In this case, let's have you reach out to the live chat team:  1 ^BZ",specialist_handoff,escalate,rule_assisted_needs_sample_review,account_access_profile,0.553,semantic_prototype_weak_label
2869816,2869812,796929,Tue Nov 28 01:16:20 +0000 2017,"@XboxSupport and didn’t appear the change, it has been 24 hours since then, so i need a solution or a refund,",2869815,@796929 Hi there! Let's go ahead and remove: https://t.co/zJxn1EMf83 your profile from the console and then &gt;power  1 ^BL,public_documentation,auto_handle_candidate,rule_assisted_needs_sample_review,account_access_profile,0.505,semantic_prototype_weak_label
2814712,2814714,784727,Tue Nov 28 01:32:58 +0000 2017,"@XboxSupport Apologies for my late reply, I’m from Mexico City..",2870982,"@784727 Thank you, you can reach out to local support here: https://t.co/lUV7XYl61S  ^BL",public_documentation,auto_handle_candidate,rule_assisted_needs_sample_review,other_or_needs_context,0.429,semantic_prototype_weak_label
2874227,2874227,797949,Tue Nov 28 03:27:44 +0000 2017,"Dear @XboxSupport - issues with @125965 loading on XBox One. Get to start screen, then whole system shut down. Did all restart/uninstall/reinstall, etc 🤔",2874226,@797949 Hello! Would you mind following us and sending a DM when you are so we can gather more info?  ^RR,private_account_investigation,escalate,rule_assisted_needs_sample_review,account_access_profile,0.513,semantic_prototype_weak_label
2874246,2874246,797953,Tue Nov 28 03:21:08 +0000 2017,"@XboxSupport Why is MVCI not on this official list of enhanced titles? It’s listed as an enhanced title on the web and XBL store, and it definitely looks better on my Xbox One X than it did on my first model. I’m assuming the list isn’t updated? https://t.co/q7JcsYtCmO",2874245,"@797953 Hey there! Thank you for calling that out to us, we will do some research into that. Have a great night!  ^BL",general_or_unclear_reply,review_required,rule_assisted_needs_sample_review,other_or_needs_context,0.369,semantic_prototype_weak_label
2876439,2876439,798503,Tue Nov 28 04:53:56 +0000 2017,"@XboxSupport Weird issue with Xbox One. When turned on, it interferes with TV channels 12.1-12.3. When XO is off picture is clear. Checked all wiring, all is good. Any idea on how to fix it? Started a couple of weeks ago. In the Alpha test group.",2876437,"@798503 Hey there! Just to clarify, have you tested resetting your network and then power cycle: https://t.co/QENEhDawC3 the console?  ^JA",needs_more_context,escalate,rule_assisted_needs_sample_review,other_or_needs_context,0.350,semantic_prototype_weak_label
2902025,2902025,803796,Tue Nov 28 17:30:03 +0000 2017,@XboxSupport received an email a couple of weeks ago saying my Xbox live gold will renew in December. Will that be when payment is taken? I already paid for it in January this year and my account says the next Xbox live payment is due in January 2018,2902024,@803796 chat team https://t.co/lUV7XYl61S as they are best equipped to help with this!  2 ^JS,specialist_handoff,escalate,rule_assisted_needs_sample_review,subscription_game_pass_gold,0.550,semantic_prototype_weak_label
2902025,2902025,803796,Tue Nov 28 17:30:03 +0000 2017,@XboxSupport received an email a couple of weeks ago saying my Xbox live gold will renew in December. Will that be when payment is taken? I already paid for it in January this year and my account says the next Xbox live payment is due in January 2018,2902026,"@803796 Thanks for reaching out! For payment inquiries, we recommend reaching out to the  1 ^JS",general_or_unclear_reply,review_required,rule_assisted_needs_sample_review,subscription_game_pass_gold,0.550,semantic_prototype_weak_label
2902034,2902034,803799,Tue Nov 28 16:39:57 +0000 2017,@XboxSupport stop suspending me on Xbox live assholes,2902033,"@803799 Sorry to hear about the frustration, but we're separate from the Enforcement team &amp; couldn't speculate on their actions. We'd recommend submitting a Case Review for more info about this: https://t.co/U1yn6tCbse ^EZ",enforcement_review,escalate,rule_assisted_needs_sample_review,safety_enforcement_security,0.503,semantic_prototype_weak_label
2906850,2906850,445926,Tue Nov 28 18:40:42 +0000 2017,@XboxSupport hi can I charge my iPhone 📱 with my Xbox,2906849,"@445926 Hello, you can read this guide on using the USB ports on the Xbox console. https://t.co/6K0b54w1zK ^RM",public_documentation,auto_handle_candidate,rule_assisted_needs_sample_review,account_access_profile,0.378,semantic_prototype_weak_label
2910562,2910562,805743,Tue Nov 28 21:26:25 +0000 2017,"@XboxSupport 
I just renew my xbox Live subscription but the code is not taken into account how to do?",2910559,@805743 Hi there! Do you mind DM'ing us your Gamertag so we can gather a bit of info?  ^JL,private_account_investigation,escalate,rule_assisted_needs_sample_review,billing_codes_refunds,0.490,semantic_prototype_weak_label
2910579,2910579,805745,Tue Nov 28 21:04:51 +0000 2017,@XboxSupport honestly fuck y’all for banning me your enforcement team members shoulda ran down there moms asses just like the soft ass dude that reported me,2910577,"@805745 Hi there! We are a separate team from Enforcement, so we wouldn't be able to speculate on the reason behind your suspension. We'd recommend following the link here: https://t.co/U1yn6tCbse to view your Enforcement History and apply for a case review. ^JA",enforcement_review,escalate,rule_assisted_needs_sample_review,safety_enforcement_security,0.497,semantic_prototype_weak_label
2910582,2910582,805746,Tue Nov 28 20:26:43 +0000 2017,"@XboxSupport My Xbox One X running very loud, fans running all the time #help #xbox",2910580,"@805746 Hi there! Just to check, are you experiencing any performance issues with your console?  ^JS",general_or_unclear_reply,review_required,rule_assisted_needs_sample_review,other_or_needs_context,0.468,semantic_prototype_weak_label
2910582,2910581,805746,Tue Nov 28 21:30:07 +0000 2017,@XboxSupport None at all. The fan just runs really loudly and  fast. Even when just using an app. 60 degree ambient temp,2910583,"@805746 Gotcha, thanks for the clarification. If you feel this is an issue or could become an issue you're welcome to reach out to the chat team to explore your options for a repair https://t.co/lUV7XYCGTq ^JS",repair_or_warranty_process,escalate,rule_assisted_needs_sample_review,connectivity_xbox_live,0.347,semantic_prototype_weak_label
2911993,2911993,806087,Tue Nov 28 21:52:27 +0000 2017,@XboxSupport help https://t.co/52rq01SK2p,2911992,"@806087 Hi there! For a billing issue like this, we recommend reaching out to the live chat team to take a 1/2 ^TJ",specialist_handoff,escalate,rule_assisted_needs_sample_review,other_or_needs_context,0.511,semantic_prototype_weak_label
2913420,2913419,806512,Tue Nov 28 13:06:31 +0000 2017,@119514 These patches are bogus. Game dvr still not working for Xbox one. Can't send game invites to my party for playground. Says session not open.,2913417,@806512 Are you still encountering this in the game? If so we'd be happy to help! Drop us an @ for official Xbox support ^EZ,general_or_unclear_reply,review_required,rule_assisted_needs_sample_review,account_access_profile,0.423,semantic_prototype_weak_label
2913429,2913429,806518,Tue Nov 28 13:04:08 +0000 2017,@127852 when me and my friend try to play NHL 18 together on online versus we get this error code A9E65BE761792499-__credit_card__-874BEA4BF36C6CEA. We have open NAT types and we cleared our alternate MAC addresses. Please help resolve this issue. Xbox one,2913427,"@806518 Just checking in, are you seeing this in the game currently? If you need help hit us up for official Xbox support! ^EZ",general_or_unclear_reply,review_required,rule_assisted_needs_sample_review,account_access_profile,0.402,semantic_prototype_weak_label
2913429,2913428,806518,Wed Nov 29 15:03:21 +0000 2017,@XboxSupport Last time we tried we were still having the issue,2913430,"@806518 Hi there, can you please send us your gamertag and a photo of your detailed network statistics as seen on your Xbox One console. Please DM: https://t.co/nPX1yNG0Tv us this info. ^ZM",visual_evidence_required,escalate,rule_assisted_needs_sample_review,account_access_profile,0.594,semantic_prototype_weak_label
2913455,2913455,806526,Tue Nov 28 22:00:56 +0000 2017,"It's clear @XboxSupport @118797 and others need to do more to act on people's reports of toxicity, too many cases of people reporting stuff and nothing is done. That said, if you've been targetted yourself Twitter's ""report tweet"" takes no time at all and definitely works",2913453,@806526 Hey there. Our teams take this feedback seriously. If able could you provide it here: https://t.co/Ub2WjDyEcS so the proper teams can get a look? ^IS,public_documentation,auto_handle_candidate,rule_assisted_needs_sample_review,safety_enforcement_security,0.333,semantic_prototype_weak_label
2913455,2913454,806526,Tue Nov 28 22:37:10 +0000 2017,"@XboxSupport Am going to send people your way, it's clear from one day of talking that many people think enough is enough and things MUST change",2913457,"@806526 Thank you for the genuine feedback! Just to be sure that we get info out to you in a little more length, would you be able to lend us a follow so we can DM? https://t.co/nPX1yNG0Tv ^FH",public_documentation,auto_handle_candidate,rule_assisted_needs_sample_review,other_or_needs_context,0.460,semantic_prototype_weak_label
2914863,2914863,806859,Tue Nov 28 22:36:38 +0000 2017,@XboxSupport why was the last update for quantum break bigger than the entire download for mass effect.. and why do I dread turning on my Xbox to see what games I CANT PLAY FOR 15 HOURS,2914862,@806859 Hi there. Not quite sure we understand. Can you DM us your Gamertag and clarify what exactly you're having trouble doing? ^BZ,private_account_investigation,escalate,rule_assisted_needs_sample_review,game_content_download,0.420,semantic_prototype_weak_label
2917456,2917455,807522,Tue Nov 28 20:53:20 +0000 2017,@129931 @115786 So is this how you deal with complaints? You just ignore them? It's been almost a month. Fix your laggy servers for God's sake.,2917454,@807522 We'd be happy to look into this performance with you! Feel free to @ us any time for official Xbox support ^EZ,general_or_unclear_reply,review_required,rule_assisted_needs_sample_review,other_or_needs_context,0.291,semantic_prototype_weak_label
2917487,2917484,807528,Tue Nov 28 23:50:52 +0000 2017,@XboxSupport Yeah I’m still struggling to get my player back unfortunately I would greatly appreciate some help,2917482,"@807528 Hey, could you direct message us and explain in detail what issue you are experiencing?
 ^RM",private_account_investigation,escalate,rule_assisted_needs_sample_review,account_access_profile,0.527,semantic_prototype_weak_label
2917487,2917486,807528,Tue Nov 28 19:30:47 +0000 2017,@101163 I’m looking for a fix for Xbox one by the way guys I’m getting a lot of fixes for PS4,2917485,"@807528 Hey there, are you still seeing this with the game's save? We're official Xbox support &amp; we'd be happy to help!  ^EZ",general_or_unclear_reply,review_required,rule_assisted_needs_sample_review,account_access_profile,0.446,semantic_prototype_weak_label
2918997,2918997,807913,Tue Nov 28 22:51:55 +0000 2017,@111994 @111995 i’m gonna get my xbone fixed in the new year i hope 🤞🏼,2918995,@807913 If you need help with your Xbox One we'd be happy to help! Tweet us any time for official Xbox support ^EZ,general_or_unclear_reply,review_required,rule_assisted_needs_sample_review,account_access_profile,0.322,semantic_prototype_weak_label
2918997,2918996,807913,Wed Nov 29 00:32:54 +0000 2017,@XboxSupport it won’t recognize any disc i put in it,2918998,@807913 Gotcha. Let's have you follow the steps in the guide here: https://t.co/3cHWNKEExe  ^JA,public_documentation,auto_handle_candidate,rule_assisted_needs_sample_review,other_or_needs_context,0.462,semantic_prototype_weak_label
2918997,2918999,807913,Wed Nov 29 01:06:05 +0000 2017,@XboxSupport yeah i’d already tried that. the disc drive needs servicing. hence having to have someone else fix it :/,2919000,"@807913 Sorry to hear about that! If you would like to view your warranty and service options, we'd recommend registering your console here: https://t.co/ZAgUyf3rqr ^JA",repair_or_warranty_process,escalate,rule_assisted_needs_sample_review,account_access_profile,0.486,semantic_prototype_weak_label
2920261,2920261,808239,Wed Nov 29 00:47:59 +0000 2017,@XboxSupport okay I’ve been having trouble with content I haven’t received in WW2.,2920260,"@808239 Hey there. What exactly are you missing? Can you dm your gamertag, if this is a disc or digital version of the game and more specifics? https://t.co/nPX1yNG0Tv ^IS",private_account_investigation,escalate,rule_assisted_needs_sample_review,other_or_needs_context,0.480,semantic_prototype_weak_label
2925683,2925683,809502,Wed Nov 29 03:17:40 +0000 2017,@809503 @XboxSupport,2925682,@809502 Hey there. Did you have a support question we could help with? ^IS,general_or_unclear_reply,review_required,rule_assisted_needs_sample_review,account_access_profile,0.537,semantic_prototype_weak_label
2927197,2927197,809857,Wed Nov 29 04:22:46 +0000 2017,My xbox got boonk ganged @XboxSupport please help,2927196,@809857 Hey there! We're sorry to hear about your console. Could you send us a direct message https://t.co/nPX1yNXCi5  ^JA,private_account_investigation,escalate,rule_assisted_needs_sample_review,account_access_profile,0.488,semantic_prototype_weak_label
2927797,2927796,382950,Wed Nov 29 04:56:54 +0000 2017,@XboxSupport I removed my account and logged in again. Still the same issue. https://t.co/rjF6wV4qNe,2927795,@382950 Hi there! Mind sending us a direct message https://t.co/nPX1yNXCi5 with your Gamertag?  ^JA,private_account_investigation,escalate,rule_assisted_needs_sample_review,account_access_profile,0.708,semantic_prototype_weak_label
2955663,2955663,815900,Wed Nov 29 12:28:17 +0000 2017,"@XboxSupport help. Xbox one x. This keeps happening, switching it off and on seems to fix it temporarily. https://t.co/n0aptUg9rS",2955661,"@815900 Hey there! Can you DM us your Gamertag? Also, have you made sure that your HDMI cable is securely attached to your console as well as the TV/Monitor? ^BZ",private_account_investigation,escalate,rule_assisted_needs_sample_review,account_access_profile,0.542,semantic_prototype_weak_label
2958831,2958831,226010,Wed Nov 29 19:38:36 +0000 2017,"@XboxSupport please help me, downloading the new cos update and it has been stuck on this for an hour, ive tried restarting and pausing etc but nothing.. after a while it will say installation is stopped. And it isnt my internet cos everything else is fine",2958830,@226010 a picture of your detailed network stats by following these steps https://t.co/5ilR2ag68a?  2 ^RM,visual_evidence_required,escalate,rule_assisted_needs_sample_review,other_or_needs_context,0.340,semantic_prototype_weak_label
2958831,2958831,226010,Wed Nov 29 19:38:36 +0000 2017,"@XboxSupport please help me, downloading the new cos update and it has been stuck on this for an hour, ive tried restarting and pausing etc but nothing.. after a while it will say installation is stopped. And it isnt my internet cos everything else is fine",2958832,"@226010 Hi, we are sorry you are experiencing this issue, could you send us  1 ^RM",general_or_unclear_reply,review_required,rule_assisted_needs_sample_review,other_or_needs_context,0.340,semantic_prototype_weak_label
2958838,2958838,301060,Wed Nov 29 19:02:16 +0000 2017,@XboxSupport is there an amazon music app on xbox 1?,2958837,@301060 Hi there! I'm afraid there is currently no Amazon Music App on the Xbox One console. If this is 1/2 ^TJ,general_or_unclear_reply,review_required,rule_assisted_needs_sample_review,billing_codes_refunds,0.408,semantic_prototype_weak_label
2958852,2958847,811456,Wed Nov 29 19:14:07 +0000 2017,"@816634 @XboxSupport Yep, same here. Might have to do the same as it’s getting ridiculous. Am genuinely updating three times a week at the moment.",2958846,"@811456 For more info on these updates, recommend the preview forums here https://t.co/ivKG1xJts9 2/2 ^TJ",needs_more_context,escalate,rule_assisted_needs_sample_review,account_access_profile,0.497,semantic_prototype_weak_label
2958852,2958847,811456,Wed Nov 29 19:14:07 +0000 2017,"@816634 @XboxSupport Yep, same here. Might have to do the same as it’s getting ridiculous. Am genuinely updating three times a week at the moment.",2958848,@811456 Hi there! Are you currently enrolled in the Xbox One Preview Program? If so you'll be prone to multiple updates 1/2  ^TJ,general_or_unclear_reply,review_required,rule_assisted_needs_sample_review,account_access_profile,0.497,semantic_prototype_weak_label
2962999,2962996,817588,Wed Nov 29 20:49:43 +0000 2017,@817589 @XboxSupport @115786 it's the other way round in uk so the 13th of December..,2962995,@817588 We don't have any info on Enforcement action here; you can submit a case review at https://t.co/JoGQTtB3Sp for more.  ^JL,enforcement_review,escalate,rule_assisted_needs_sample_review,account_access_profile,0.413,semantic_prototype_weak_label
2964226,2964226,817869,Wed Nov 29 21:33:36 +0000 2017,"@XboxSupport I payed for one month of Xbox gold via visa and I still don't have gold. ""The money has been taken from my bank account""",2964225,"@817869 Hi there, thanks for reaching out to us. can you DM us your gamertag and detailed network stats? ^CO",private_account_investigation,escalate,rule_assisted_needs_sample_review,subscription_game_pass_gold,0.520,semantic_prototype_weak_label
2964252,2964252,222796,Wed Nov 29 21:30:04 +0000 2017,"@XboxSupport hello, I have recently bought ww2 cod and then less then a day from now bought the season pass for the game. My issues is that I didn’t get the cod points that it said came with the season pass. So where would I go to make sure I get the cod points",2964250,"@222796 https://t.co/zJxn1EMf83 , power cycle: https://t.co/QENEhDawC3 then sign in, does that fix it?  2 ^BZ",public_documentation,auto_handle_candidate,rule_assisted_needs_sample_review,subscription_game_pass_gold,0.431,semantic_prototype_weak_label
2964252,2964252,222796,Wed Nov 29 21:30:04 +0000 2017,"@XboxSupport hello, I have recently bought ww2 cod and then less then a day from now bought the season pass for the game. My issues is that I didn’t get the cod points that it said came with the season pass. So where would I go to make sure I get the cod points",2964253,"@222796 Hey there! Can you DM us your Gamertag? Also, If you remove account:  1 ^BZ",private_account_investigation,escalate,rule_assisted_needs_sample_review,subscription_game_pass_gold,0.431,semantic_prototype_weak_label
2970247,2970247,819286,Thu Nov 30 00:22:14 +0000 2017,Hey @XboxSupport @115786 question for you?? When Can I pre order @117344 on the Dashboard? Or is that possibly?,2970244,@819286 @115786 @117344 We wouldn't have specifics on when digital pre-order's would be available. For this game in particular you can pre-order here: https://t.co/89R0hq5zay to get a physical box with a digital code inside. ^IS,public_documentation,auto_handle_candidate,rule_assisted_needs_sample_review,other_or_needs_context,0.404,semantic_prototype_weak_label
2970247,2970245,819286,Thu Nov 30 01:24:14 +0000 2017,@XboxSupport @115786 @117344 So two games for 30 bucks?,2970248,"@819286 Nope, you get a physical box with a digital code inside. Only one game but this game is not currently available on disc. Hope that clarifies. ^IS",general_or_unclear_reply,review_required,rule_assisted_needs_sample_review,other_or_needs_context,0.422,semantic_prototype_weak_label
2970247,2970249,819286,Thu Nov 30 01:44:51 +0000 2017,@XboxSupport I kinda figure lolol! I got al excited for a second lol,2970250,@819286 Definitely understandable to get excited :) . Any digital pre-order announcements would show on https://t.co/JlKhXseTWZ so it's worth it to keep an eye there. ^IS,public_documentation,auto_handle_candidate,rule_assisted_needs_sample_review,other_or_needs_context,0.362,semantic_prototype_weak_label
2971383,2971383,819584,Thu Nov 30 00:47:45 +0000 2017,Xbox live doesn't recognize the digital purchase of the COD WWll game. Was working fine. ID: BETRTHNMILK @XboxSupport @115754,2971381,@819584 Hi there! Thanks for reaching out to us. Can you DM us your detailed network stats and if this is the only game seeing this? ^CO,private_account_investigation,escalate,rule_assisted_needs_sample_review,account_access_profile,0.414,semantic_prototype_weak_label
2971398,2971398,445765,Thu Nov 30 00:16:10 +0000 2017,@XboxSupport hi so what happens if I bought a gta cash card and I don’t have the receipt the code was apparently printed on,2971397,"@445765 Hi there, can you please DM: https://t.co/nPX1yNXCi5 your gamertag &amp; a detailed issue summary so we can investigate? ^ZM",private_account_investigation,escalate,rule_assisted_needs_sample_review,billing_codes_refunds,0.495,semantic_prototype_weak_label
2972557,2972557,154559,Thu Nov 30 00:59:34 +0000 2017,@115765 @XboxSupport explain this? Are you fixing leaderboards? https://t.co/YdVjvGTjGq,2972556,@154559 Hi there! Mind sending us a direct message https://t.co/nPX1yNXCi5 with your Gamertag so we can further assist?  ^JA,private_account_investigation,escalate,rule_assisted_needs_sample_review,account_access_profile,0.426,semantic_prototype_weak_label
2972561,2972561,819863,Thu Nov 30 01:17:48 +0000 2017,@XboxSupport I need help. My xbox keeps on signing out of my  profile. Or it says to sign in with a controller even though it's assigned to my profile,2972560,@819863 Hey there. Definitely odd. Let's go ahead and remove: https://t.co/10cNWNuYek your profile from the console and then power cycle https://t.co/hxfKiE8qsu . Then sign back in and let us know if bringing in a fresh profile resolves this for you. ^IS,public_documentation,auto_handle_candidate,rule_assisted_needs_sample_review,account_access_profile,0.667,semantic_prototype_weak_label
2972592,2972592,819869,Thu Nov 30 00:33:07 +0000 2017,"@XboxSupport what would one do if their Xbox one is not detecting the wireless network? Cabling it isn't an option, I've tried manually hitting the network and rebooting:(",2972591,"@819869 Hi there, if your Xbox One console is not seeing your wireless network, please try these steps: https://t.co/vaLiYMuV91 . ^ZM",public_documentation,auto_handle_candidate,rule_assisted_needs_sample_review,connectivity_xbox_live,0.382,semantic_prototype_weak_label
2973488,2973488,820069,Thu Nov 30 01:14:51 +0000 2017,@XboxSupport getting 0x803f9006 when trying to launch a game I bought months ago. It's been working fine until now? @115790 @9914,2973487,@820069 Hi there! Mind sending us a direct message https://t.co/nPX1yNXCi5 with your Gamertag so we can further assist?  ^JA,private_account_investigation,escalate,rule_assisted_needs_sample_review,account_access_profile,0.502,semantic_prototype_weak_label
2975923,2975923,529152,Thu Nov 30 02:40:14 +0000 2017,"@XboxSupport what is going on with Xbox one rn? Literally can't do anything, can't  add ppl to party can't connect to any game my Internet is fine ps4 works wonderful like always. Xbox on other hand is being garbage as usual. Like maybe update your server status cause it's fucked",2975921,@529152 Heya! Not seeing any of that over here. Let's power down the console and unplug it for about 5 mins then reboot and try again. ^JL,public_troubleshooting,auto_handle_candidate,rule_assisted_needs_sample_review,connectivity_xbox_live,0.517,semantic_prototype_weak_label
2975923,2975922,529152,Thu Nov 30 04:08:14 +0000 2017,@XboxSupport Thank you I've done that and hard reset it. I let it sit for some time powered off and seems to be better now.,2975924,"@529152 Excellent, we're glad to hear that, let us know if you have any other issues. ^CO",general_or_unclear_reply,review_required,rule_assisted_needs_sample_review,account_access_profile,0.541,semantic_prototype_weak_label
2976630,2976630,820920,Thu Nov 16 03:56:06 +0000 2017,"@22535 @XboxSupport I'm trying to play Wolfenstein 2, a physical copy that I've already installed from a disc, while my internet is down and I keep getting a message telling me to connect to xbox live which I can't until my internet is turned back on. Have any solutions?",2976629,"@820920 Apologies for the delay as we were closed overnight https://t.co/XJOdrwpuSt . Just to check, are you still having this issue? ^JS",public_documentation,auto_handle_candidate,rule_assisted_needs_sample_review,connectivity_xbox_live,0.438,semantic_prototype_weak_label
2621699,2621699,740745,Fri Nov 17 06:04:11 +0000 2017,Hi @XboxSupport I bought Xbox Live and redeemed the code on my phone 30 minutes ago - My Xbox subscription says that I have membership however I can’t enter Overwatch or join a party,2621700,"@740745 Heya, let's start by power cycling your Xbox as outlined here: https://t.co/isBz4u1SxB while the Xbox is off, power cycle your  1 ^XS",public_documentation,auto_handle_candidate,rule_assisted_needs_sample_review,account_access_profile,0.487,semantic_prototype_weak_label
