customer_tweet_id,customer_text,true_intent,predicted_intent
4535,@310 Are you ever going to patch the BFA achievement on Darksiders 2 for Xbox one?  You already fixed PS4.,other_or_needs_context,game_content_download
4534,@XboxSupport Maybe push them into fixing broken achievements on Xbox One?,account_access_profile,other_or_needs_context
4537,"@XboxSupport No, it is literally unobtainable.",other_or_needs_context,connectivity_xbox_live
7914,"@XboxSupport cada vez funciona peor su pagina ,los juegos que adquiri no me deja comentarlos ni puntuarlos,el soporte en linea no funciona..",connectivity_xbox_live,console_accessory_display
9709,@XboxSupport my gears of war 4 wont launch it goes on the loading screen and boots me off the game,account_access_profile,game_content_download
14228,"@XboxSupport I have no card in the account was on four times in the last two weeks, this is horrible I’ve been a customr since 05 check my account again",account_access_profile,safety_enforcement_security
15514,@XboxSupport So nothing on this @XboxSupport?,other_or_needs_context,other_or_needs_context
15515,@XboxSupport ...but the controller doesn't power back on. Not sure what you all can do. Looks like another $60 down the drain.,account_access_profile,other_or_needs_context
15517,"@XboxSupport Yeah, nothing has worked. The controller isn't powering on. Just getting that faint light from the home button and that is it.",account_access_profile,account_access_profile
15519,"@XboxSupport Yes, I have the play and charge kit and have tried that. It is still not powering on.",account_access_profile,account_access_profile
15522,"@XboxSupport I doubt much can be done, as it’s been at least a year since I bought it, but will reach out tmr anyway. Thanks.",how_to_product_information,billing_codes_refunds
17438,"@115786 the leak of the X1X has been reposted, DM me for the link.  I sent the link to @XboxSupport in a DM, so please get it taken down quick",other_or_needs_context,billing_codes_refunds
23438,@XboxSupport I can’t sign in to my account and haven’t been able to for the past few hours help,account_access_profile,account_access_profile
44269,@XboxSupport I'm receiving this error code with no search results. https://t.co/UknWQiUjRL,account_access_profile,other_or_needs_context
44267,@XboxSupport What's up with that code though? All issues aside. Why no reference?,other_or_needs_context,other_or_needs_context
44271,"@XboxSupport Yeah, cool. What's the error code though? Is it just a made up one?",other_or_needs_context,account_access_profile
47582,Hey @XboxSupport was there an update pushed recently again? Having Xbox issues again :(,other_or_needs_context,other_or_needs_context
47584,@XboxSupport sent a dm,account_access_profile,billing_codes_refunds
47586,@126631 @XboxSupport I wasn’t expecting to be able to pre-order a preview game either. If I’ve understood it correctly theres going to be 3 different editions.,other_or_needs_context,billing_codes_refunds
49805,@127148 @XboxSupport Is this Television okay? - https://t.co/cBIuaOTIsZ,other_or_needs_context,other_or_needs_context
49805,@127148 @XboxSupport Is this Television okay? - https://t.co/cBIuaOTIsZ,other_or_needs_context,other_or_needs_context
54998,@XboxSupport hello so I'm trying to add a new profile and I'm having issues,account_access_profile,account_access_profile
55612,"@XboxSupport Are you aware of issues with the XBox App on Windows 10 Insider build 17040 and 17046? The streaming is not working at all, nothing showing up on the PC.",other_or_needs_context,how_to_product_information
57362,@XboxSupport @129009 Comment résoudre le problème svp ? Cela se marque sur toute mes application et jeux CD. Une solution ? https://t.co/DjZcbg5Eat,other_or_needs_context,console_accessory_display
57975,"@XboxSupport I got my @118625 XboxOneX. The letter says that I should get GoW4. I got an Operations Pack and not the game, is that right? https://t.co/eCKQEDBAYr",game_content_download,billing_codes_refunds
57975,"@XboxSupport I got my @118625 XboxOneX. The letter says that I should get GoW4. I got an Operations Pack and not the game, is that right? https://t.co/eCKQEDBAYr",game_content_download,billing_codes_refunds
61916,@3435 for some reason it wont allow me to run on xbox plz fix the glitch,account_access_profile,game_content_download
62987,@xboxsupport @125833 https://t.co/FxO7GEAnRW Neither of you can fix this? I paid $105.99 and don't have what I paid for....,account_access_profile,billing_codes_refunds
63652,@130631 xbox disc readers broken and i dont have a card to buy it on dash,account_access_profile,subscription_game_pass_gold
101459,@XboxSupport No i have not,account_access_profile,billing_codes_refunds
101461,@XboxSupport @XboxSupport did you recieve my message? I didnot get a reaction yet.,other_or_needs_context,safety_enforcement_security
103493,@138783 @XboxSupport Yes The Support is Great! @XboxSupport @115786,other_or_needs_context,other_or_needs_context
105865,@139397 @XboxSupport you on xbox as well?,account_access_profile,how_to_product_information
105865,@139397 @XboxSupport you on xbox as well?,account_access_profile,how_to_product_information
105865,@139397 @XboxSupport you on xbox as well?,account_access_profile,how_to_product_information
114952,"Hey @XboxSupport, who made this? ""Yes it was"" what?The fields were terrible. Also have never rated anything from 1 to 9 before and then have the ranking change to 1 - 5 https://t.co/F8cpW55ibq",safety_enforcement_security,safety_enforcement_security
114953,"@XboxSupport When building forms, one should always ask ""Why do we need to know this"". I'm in the business so sorry for the rant but couldn't help myself :)",other_or_needs_context,how_to_product_information
114964,So if I understand this correctly. @XboxSupport can just arbitrarily suspend me without any info and won’t listen to an appeal? What on earth. At least explain what is going on. Maybe take into account salty call of duty players? https://t.co/pOhrpvZ5W7,safety_enforcement_security,safety_enforcement_security
118357,@XboxSupport How do i refund a digitally bought game?,billing_codes_refunds,billing_codes_refunds
118356,@XboxSupport Can you refund it?,billing_codes_refunds,billing_codes_refunds
118403,@XboxSupport Well as you can see from the video there are no errors and it's kinda explains itself what a going on,other_or_needs_context,connectivity_xbox_live
118406,@XboxSupport uhh what should I do https://t.co/TVulOOf2s2,other_or_needs_context,safety_enforcement_security
119917,@XboxSupport got two achievements about half hour ago. Nothings happened and they are still showing as locked. Any ideas?,account_access_profile,safety_enforcement_security
119947,"@XboxSupport My Gamertag is ""S lP lH a XX""",account_access_profile,account_access_profile
119946,@XboxSupport Still not working,account_access_profile,account_access_profile
119946,@XboxSupport Still not working,account_access_profile,account_access_profile
120847,@XboxSupport got a one s the other day and its doing this when on energy save mode?? https://t.co/CtEUBsoJUC,other_or_needs_context,other_or_needs_context
120870,@XboxSupport My Xbox One X keeps turning itself off. I Have tried resetting the internal power supply. Any ideas?,account_access_profile,account_access_profile
120867,"@XboxSupport The console doesn't stay in instant on mode. Things I set to download seem to do so but when I power the console on again, I have to sit through the 4K Cpu boot up sequence that you normally see when the console is in energy saver mode. All seems a bit strange",connectivity_xbox_live,how_to_product_information
121803,@XboxSupport bought a project Scorpio edition x an my controller won't work unless I connect it via the charger can you help please,other_or_needs_context,account_access_profile
121803,@XboxSupport bought a project Scorpio edition x an my controller won't work unless I connect it via the charger can you help please,other_or_needs_context,account_access_profile
121863,"Reason why I'm not diving onto the X-Box One even for $190, @115786 @XboxSupport they took away SO MANY of the best games away from the Live Arcade. Put them all back and I'll buy a One X. #XBoxOneX #BlackFriday",subscription_game_pass_gold,how_to_product_information
121863,"Reason why I'm not diving onto the X-Box One even for $190, @115786 @XboxSupport they took away SO MANY of the best games away from the Live Arcade. Put them all back and I'll buy a One X. #XBoxOneX #BlackFriday",subscription_game_pass_gold,how_to_product_information
121872,@XboxSupport when u enter my PayPal onto my Xbox account it says the bank couldn't authorise this and i took a paypal off and then tried putting it back on and said the same thing is the Xbox servers down? Is there a fix,account_access_profile,account_access_profile
123250,@XboxSupport please see the dm I sent you,account_access_profile,other_or_needs_context
125194,@XboxSupport Hi there. My Xbox One has suddenly stopped playing any sounds. I switched it on and it was silent. I’ve tried a hard reset and even resetting the console but nothing seems to work. It’s not the HDMI cable and the TV is working fine.,console_accessory_display,account_access_profile
125193,@XboxSupport Thanks for the help. Turned out it was the TV after all.,account_access_profile,other_or_needs_context
125982,@XboxSupport the mod allows you to play coop could the xbox one be able to handle that with the coding and all?,other_or_needs_context,how_to_product_information
126629,@XboxSupport thx for fucking replying you uselss cunts.,other_or_needs_context,safety_enforcement_security
126629,@XboxSupport thx for fucking replying you uselss cunts.,other_or_needs_context,safety_enforcement_security
129533,@XboxSupport Xbox live keeps asking me to buy more Gold membership despite already having it active and it doesn't expire till next year.,subscription_game_pass_gold,subscription_game_pass_gold
129531,"@XboxSupport Yeah, it's redeemed but it still won't allow me to play online. I've tried restarting my xbox, router, checked purchase. I've no idea what's happened",account_access_profile,account_access_profile
129551,"@XboxSupport I purchased a 3 months Xbox live gold prepaid card. I used the code and it went fine, it says under my memberships that I have gold and I can download the games on sale but I cannot play games online or join party’s and it tells me I need to get gold. Please help!!",subscription_game_pass_gold,subscription_game_pass_gold
129552,@XboxSupport I cannot play online or join party’s or it tells me I need gold,account_access_profile,subscription_game_pass_gold
129552,@XboxSupport I cannot play online or join party’s or it tells me I need gold,account_access_profile,subscription_game_pass_gold
153148,"@XboxSupport say I wanted a name but cant have it because someone has taken it, but that person is inactive to the point of having no games played nor any gamerscore, is there a way I could get it",account_access_profile,billing_codes_refunds
153147,@XboxSupport Will accounts like that ever be terminated then? Its annoying someone who is inactive and has nothing on their account gets to keep the name that I'd pay money to have,safety_enforcement_security,safety_enforcement_security
153147,@XboxSupport Will accounts like that ever be terminated then? Its annoying someone who is inactive and has nothing on their account gets to keep the name that I'd pay money to have,safety_enforcement_security,safety_enforcement_security
154665,@XboxSupport Is the Hasbro Family Fun Pack not for sale in Ireland as part of the Black Friday sale? Seen it on https://t.co/UwKujT7nCK but I take it its a regional thing?,billing_codes_refunds,billing_codes_refunds
154675,@XboxSupport people I’ve deleted from my friends list still pop up as a notification when they go online how can I stop this please?,account_access_profile,safety_enforcement_security
154675,@XboxSupport people I’ve deleted from my friends list still pop up as a notification when they go online how can I stop this please?,account_access_profile,safety_enforcement_security
158187,@7859 @XboxSupport Ik wacht al weken op dat de Kinect Adapter voor mijn Xbox One X beschikbaar komt. Maar ik ben bang dat ik nog lang kan wachten op dit tempo,other_or_needs_context,how_to_product_information
158217,"@XboxSupport It’s worked now, must have had a backlog in the system or something. Also I don’t wanna block people. That’s not my bag. https://t.co/qA2jByxZix",account_access_profile,safety_enforcement_security
158219,"@XboxSupport I've tidied up my friends list to keep it to people I actually interact with, however people I'm not friends with now are still showing. How can I get them to disappear?",account_access_profile,safety_enforcement_security
159822,"@XboxSupport I just accidently bought the Rise of the Tomb Raider Season Pass, thinking it was the game. And I heard you can get refunds now, but I can't find it. I am part of the preview thing too. Any help?",billing_codes_refunds,billing_codes_refunds
159822,"@XboxSupport I just accidently bought the Rise of the Tomb Raider Season Pass, thinking it was the game. And I heard you can get refunds now, but I can't find it. I am part of the preview thing too. Any help?",billing_codes_refunds,billing_codes_refunds
161550,@XboxSupport i need help,account_access_profile,how_to_product_information
161590,"@XboxSupport any time I try and go to settings I get this. Every game failing to install, already done a factory reset 🤬 #XboxOneX https://t.co/oHrwQkMx4H",account_access_profile,account_access_profile
161616,@XboxSupport is there any way I can contact you guys to make my account an adult account ??,account_access_profile,safety_enforcement_security
161615,@XboxSupport Is there anyway if completely transferring all data onto another account,account_access_profile,how_to_product_information
161616,@XboxSupport is there any way I can contact you guys to make my account an adult account ??,account_access_profile,safety_enforcement_security
161620,@XboxSupport My Advanced Repair of my Xbox Scorpio is delayed without notice! Is a #XboxOneX not available/on stock? What's wrong?,other_or_needs_context,how_to_product_information
161620,@XboxSupport My Advanced Repair of my Xbox Scorpio is delayed without notice! Is a #XboxOneX not available/on stock? What's wrong?,other_or_needs_context,how_to_product_information
161641,@XboxSupport can someone shed some light. We have 2 xboxes in the home 2 user names 2 live accounts. Why cant my other xbox have the same game on it. Keeps asking if i am the owner. Id really like my son to be able to take the game and play it also,account_access_profile,game_content_download
163154,"@XboxSupport Hey there, could you check if there is any problem with the Forza Horizon 3 servers at the moment ? Theres no way to access the market, designs, tunings or playing with a friend. Thanks alot",other_or_needs_context,game_content_download
163153,@XboxSupport can you send me photos,account_access_profile,account_access_profile
163156,@XboxSupport yes how many games can it keep in free memory?,subscription_game_pass_gold,game_content_download
163183,@XboxSupport is there no option to upgrade a HD movie I️ own into UHD? I️ own Blade Runner: The Finel Cut in HD and can’t just rebuy the UHD version,how_to_product_information,how_to_product_information
163186,"@XboxSupport I have been having a issue with my party's on Xbox One X where when sometimes when someone speaks it makes a glitchy, static, repeating sound or it would just be quiet. I reseted my Xbox and even put my Power Settings on energy saving.",other_or_needs_context,other_or_needs_context
163185,@XboxSupport I'm using a wired controller and the weird sounds in the party are coming through my speakers of my TV,console_accessory_display,connectivity_xbox_live
164487,"@XboxSupport Hi, I purchased Xbox live 12 month prepaid code and it's been activatedand shows under my subscriptions but I can't access XB live features to play online could you please assist?",billing_codes_refunds,subscription_game_pass_gold
166001,"@XboxSupport the enforcement site is unusable. Trying to view details of a case review and silent errors keep throwing me back to home page. (Multiple browsers, desktop and mobile).",safety_enforcement_security,safety_enforcement_security
166006,@XboxSupport Or any way to find out why the enforcement was issued?,safety_enforcement_security,safety_enforcement_security
166006,@XboxSupport Or any way to find out why the enforcement was issued?,safety_enforcement_security,safety_enforcement_security
167474,@154969 @XboxSupport Hi! How long does it take to get reward points in our account after a purchase through the store on Xbox one?,account_access_profile,billing_codes_refunds
169219,Has the Xbox One X enhancement update come out for WW2 yet? If so how do I download. @ATVIAssist @115765 @XboxSupport,other_or_needs_context,how_to_product_information
170583,@XboxSupport Could you answer my quistion please?,other_or_needs_context,billing_codes_refunds
170582,@XboxSupport Xbox one,account_access_profile,how_to_product_information
170585,@XboxSupport A game known as black,other_or_needs_context,billing_codes_refunds
170638,"@XboxSupport hey guys! My Xbox is making some squeaky noises, can you help ?",other_or_needs_context,account_access_profile
173149,"@XboxSupport I just bought a game (I already owned) for a friend as a gift, and it started to install on my hard drive when I finished purchase. Is that normal?",billing_codes_refunds,game_content_download
175095,@XboxSupport wtf happing here https://t.co/qLeHd5B2yu,other_or_needs_context,other_or_needs_context
175100,Xbox One-support | Xbox 360-support | Xbox Live- och faktureringssupport  https://t.co/xcc4g2kgp5 via @xboxsupport If you are gonna fucking ban me when i just bought live then give me a refund you fucking scammers go to hell,other_or_needs_context,safety_enforcement_security
177177,I’ve been downloading Call of Duty World War 2 for about 4 hours and it’s only on 39%. How can I️ speed up this process? My internet is pretty good @XboxSupport,game_content_download,game_content_download
183202,@XboxSupport Having an issue with my headset/controller. But I doubt you guys will reply :/,other_or_needs_context,other_or_needs_context
183225,"@XboxSupport Once a custom gamerpic is approved, does it get added to a gallery of sorts or will it have to be reapproved if I change it and want to change it back?",how_to_product_information,how_to_product_information
183224,@XboxSupport Anywhere to drop suggestions? Think it could be super helpful for custom holiday gamerpics.,other_or_needs_context,how_to_product_information
190857,@XboxSupport whats the number to talk to Xbox Corporate? Or should I phone the BBB? There's ZERO way to file a customer complaint?...,other_or_needs_context,other_or_needs_context
190882,@XboxSupport nope. its not my internet either because it works just fine on my PS4 and laptop,connectivity_xbox_live,connectivity_xbox_live
190884,@XboxSupport nope. everything’s the same,other_or_needs_context,account_access_profile
190886,@XboxSupport hello pls respond,other_or_needs_context,other_or_needs_context
190890,"@XboxSupport I know it doesn't come out till tomorrow, will something appear tomorrow that will give me access?",other_or_needs_context,subscription_game_pass_gold
190889,"@XboxSupport Okay awesome thanks! Sorry haven't really done Betas before, as you can tell lol",other_or_needs_context,safety_enforcement_security
190944,I wonder if @115786 go send me my beta code @XboxSupport for Star Wars,other_or_needs_context,billing_codes_refunds
190946,@XboxSupport Hello I tried to enter a code and it says token not supported. Please help.,account_access_profile,billing_codes_refunds
190958,@XboxSupport so I installed the new system update and now I get major lag and screen freezing on every online game. Even party issues,connectivity_xbox_live,connectivity_xbox_live
194854,"@XboxSupport I hard restarted my Xbox and all privacy settings set to everybody, but won’t let me hear or speak in part and I’m not banned",account_access_profile,account_access_profile
194854,"@XboxSupport I hard restarted my Xbox and all privacy settings set to everybody, but won’t let me hear or speak in part and I’m not banned",account_access_profile,account_access_profile
194870,"@XboxSupport I did reboot it with the 10 second hold button thing and nothing changes, I would appreciate it if you could help :)",account_access_profile,how_to_product_information
194869,"@XboxSupport Well I've just turn it on and its working somehow 😀.. it wasn't working in the last hour but I believe you had your magic touch, Thanks BZ 🙂",account_access_profile,account_access_profile
194883,@161808 @XboxSupport Just trying it now.,account_access_profile,account_access_profile
194877,@XboxSupport @161804 I reset Xbox. Mine works now,account_access_profile,account_access_profile
194974,@XboxSupport Amazing! Thank you very much! ✨🙌🏻,account_access_profile,account_access_profile
194977,"@XboxSupport bought rocket league for £9.59 and the store messed up, been refunded n that, but now the offer ended, am I still entitled?",billing_codes_refunds,billing_codes_refunds
197268,@XboxSupport is the xbox store up i cant even get into it or the deals with gold section too ive been trying to get on there all day,account_access_profile,subscription_game_pass_gold
197287,@XboxSupport Tried to click the survey link a few times and keep getting this message. :/ https://t.co/ehSDbfnfTt,other_or_needs_context,account_access_profile
197286,@XboxSupport What do i do about worlds over 150mb not converting properly?,other_or_needs_context,game_content_download
197290,@XboxSupport Theres all 16 pieces of wool but still no achievement https://t.co/qdKYvbPhI6,billing_codes_refunds,other_or_needs_context
197292,@XboxSupport Few achievements i cant seem to unlock even though im doing whats required. 'Rainbow collection' and the 'inception' achievements dont work,account_access_profile,account_access_profile
197294,@XboxSupport are achievements not working properly for the new @162401 game?,other_or_needs_context,connectivity_xbox_live
204264,@XboxSupport I need help please,account_access_profile,account_access_profile
204267,@10607 @XboxSupport please ban this kid,safety_enforcement_security,safety_enforcement_security
204285,@XboxSupport My friend has an account on my Xbox that is banned  but I am not. It is now saying that my profile is banned. HELP.,account_access_profile,safety_enforcement_security
204291,"@XboxSupport is the DLC for X360 Call of Duty AW available in the backwards compatibility on Xbox One too, like BO1 &amp; 2, or just the game?",how_to_product_information,game_content_download
204358,what is wrong with #xbox service? @XboxSupport,other_or_needs_context,connectivity_xbox_live
205558,"@XboxSupport When you search for the beta on the store there are two beta options, one doesn't work another is valued at £219/free that one works",how_to_product_information,other_or_needs_context
205560,@XboxSupport I have pre-ordered. Why can't I play? https://t.co/sU8TK7WeGl,other_or_needs_context,billing_codes_refunds
205566,@XboxSupport Might need to tell the people who run your partner xbox sites to update there system to use new data.,how_to_product_information,how_to_product_information
205579,@XboxSupport help with starwars beta please,other_or_needs_context,account_access_profile
205615,@XboxSupport @10633 Never mind! I found the beta I was looking for! 😏😁🎉,other_or_needs_context,other_or_needs_context
194890,@161804 @XboxSupport It works!!,account_access_profile,other_or_needs_context
207457,"@116655 Hey Blizzard, I’m experiencing some disconnects at the moment. My internet is not the issue. I’m on Xbox.",connectivity_xbox_live,connectivity_xbox_live
207460,@XboxSupport I have no problems getting into the buy page while he receives an error message,account_access_profile,account_access_profile
207459,"@XboxSupport As I said before, only he receives this when trying to purchase. I go right to the payment method screen. https://t.co/SO1zVqrfEg",billing_codes_refunds,billing_codes_refunds
207462,@XboxSupport Doesn’t seem to have worked https://t.co/kZuEmsmElI,other_or_needs_context,account_access_profile
207464,@XboxSupport Tried that before contacting you guys.,account_access_profile,account_access_profile
207464,@XboxSupport Tried that before contacting you guys.,account_access_profile,account_access_profile
207469,sorry but how is it 2017 and xbox’s are still complete dog shit?,how_to_product_information,how_to_product_information
208835,@XboxSupport parties while playing destiny 2 have been collapsing all day and since release. Is this a known issue?,other_or_needs_context,connectivity_xbox_live
208837,@XboxSupport  okay so 1 my xbox wont connect to parties 2 it wont load up  anything 3 i wont connect to wifi or anything microsoft plz,account_access_profile,connectivity_xbox_live
213878,"@XboxSupport have you heard of any issue with playback of pirates of the Caribbean 5, 4k blu ray on Xbox one S?",other_or_needs_context,other_or_needs_context
213911,@XboxSupport the store won't let me buy anything saying it cant process my payment yet I have money on my card. Help please?,account_access_profile,billing_codes_refunds
213990,When will we able to upload clips and Screenshots about NBA 2K18 again @130182 @119514 @XboxSupport @166805,how_to_product_information,how_to_product_information
213990,When will we able to upload clips and Screenshots about NBA 2K18 again @130182 @119514 @XboxSupport @166805,how_to_product_information,how_to_product_information
214025,@117331 @XboxSupport every time I go into the party I disconect the problem started yesterday,account_access_profile,connectivity_xbox_live
218381,@XboxSupport will standing xbox one s without the stand effect cooling or is it fine,other_or_needs_context,how_to_product_information
219226,"@XboxSupport Yes. The actual repair supposedly happened just a few days after I sent it, it's the delivery service",other_or_needs_context,account_access_profile
219227,@XboxSupport I then called Xbox support and they said they will move my information to the escalations unit or whatever,other_or_needs_context,safety_enforcement_security
219227,@XboxSupport I then called Xbox support and they said they will move my information to the escalations unit or whatever,other_or_needs_context,safety_enforcement_security
219231,I sent my Xbox in for warranty repair on the 13th of September....still haven't gotten it back ....@XboxSupport,console_accessory_display,billing_codes_refunds
219234,"@XboxSupport ""You can not add FIFA POINTS at this time, please try again later"".
Since yesterday it's like that.
Help me please",account_access_profile,account_access_profile
223389,@XboxSupport All it says is try it later for what I got and I have and still the same error,account_access_profile,account_access_profile
223391,@XboxSupport I put my xbox code in and it says 'something went wrong on our end',account_access_profile,account_access_profile
223393,@XboxSupport your online support isnt working for me so I need help here,account_access_profile,account_access_profile
224425,@XboxSupport Ok. Thanks,account_access_profile,account_access_profile
224424,"@XboxSupport Its the only one. And yes, I have uninstalled and installed and nothing change",connectivity_xbox_live,game_content_download
224427,"@XboxSupport I’ll do it, and it works!!!!! But I lose everything my civilization, it’s like a just start the game (nivel I).",other_or_needs_context,account_access_profile
224430,@XboxSupport I really thank you guy!!! Greetings from Mexico,other_or_needs_context,other_or_needs_context
224427,"@XboxSupport I’ll do it, and it works!!!!! But I lose everything my civilization, it’s like a just start the game (nivel I).",other_or_needs_context,account_access_profile
224433,@XboxSupport Anything can help me?,account_access_profile,account_access_profile
224439,@XboxSupport Saben español?,account_access_profile,console_accessory_display
224441,@XboxSupport Is there anything wrong with filing numerous complaints against an inappropriate player? Taking into account the Code of Conduc,safety_enforcement_security,safety_enforcement_security
224433,@XboxSupport Anything can help me?,account_access_profile,account_access_profile
228026,@XboxSupport Like can I purchase/use a digital Xbox one game off Amazon without Xbox live membership. There person does have internet access,subscription_game_pass_gold,subscription_game_pass_gold
228029,@XboxSupport can anyone help me (the last system I used was Nintendo) I have a silly question about purchasing a digital game,game_content_download,how_to_product_information
228024,@XboxSupport Basically do u need Xbox live membership to purchase/install/own/continually use a digital game purchase,subscription_game_pass_gold,subscription_game_pass_gold
238630,"@XboxSupport so, I can’t download halo wars 2...it keeps stopping at 9.41 gigs.  It’s been like this for a couple weeks .   Help?",game_content_download,game_content_download
238627,@XboxSupport  https://t.co/S3W4UTuY8B,other_or_needs_context,other_or_needs_context
238627,@XboxSupport  https://t.co/S3W4UTuY8B,other_or_needs_context,other_or_needs_context
239580,"@XboxSupport should my brand new One S sound like this. By the way I've already had three today, not cool https://t.co/SnjIeHD8Vz",other_or_needs_context,other_or_needs_context
239589,"@XboxSupport Okay, sorry for the delay. The game is still doing the same thing regardless of how many people that I party up with.",other_or_needs_context,safety_enforcement_security
239591,"@XboxSupport Nat type is open, I resolved that issue last week. Gamertag: BigWhiteKid412. I tried uninstalling the game and reinstalling but not the power cycle in between. Ill give that a try now",account_access_profile,account_access_profile
239593,"@XboxSupport Um, the only other game that I play online is NHL 18 and I am not experiencing any issues with online connectivity.",connectivity_xbox_live,connectivity_xbox_live
239595,@XboxSupport @ATVIAssist @115766 @115765 Welp it is also occurring when there are 3 people partied up. I am not the party leader as well if that matters.,account_access_profile,connectivity_xbox_live
239599,"@ATVIAssist @115766 @XboxSupport @129141 After every TDM match, I am getting back to the lobby and can't see any players, orders, weapon attachments and can't access the headquarters. Any ideas what could be going on?",connectivity_xbox_live,connectivity_xbox_live
241018,@XboxSupport Apologies I have now,account_access_profile,account_access_profile
241020,"@XboxSupport Have got them all nothing changed, but I have just changed over to the xbox one x https://t.co/04unrm5n4R",how_to_product_information,how_to_product_information
241023,@XboxSupport Cmon guys need your help,other_or_needs_context,account_access_profile
241048,@XboxSupport Hello can u help me please i have a problems with sending message since august 10th,account_access_profile,account_access_profile
241097,"@XboxSupport Received normal One X instead of the ordered Limited design. Contacted MS Store&amp;they told me there is no stand included for the limited console (design isn't that important to me).Even though I had link to your unboxing. Also my vents are pretty loud,is this normal?",other_or_needs_context,billing_codes_refunds
241146,"@XboxSupport thanks for the support, but I rebooted the MAC and everything back to normal.",account_access_profile,account_access_profile
241148,"@XboxSupport I can't connect my account on Xbox Live, what is happening?",account_access_profile,connectivity_xbox_live
245562,"@XboxSupport What's with Xbox live lately, party problems and connectivity issues being the biggest issues?",connectivity_xbox_live,connectivity_xbox_live
245571,@XboxSupport FIFA 18 or 17 is not working,account_access_profile,connectivity_xbox_live
245571,@XboxSupport FIFA 18 or 17 is not working,account_access_profile,connectivity_xbox_live
245574,I bought mad max for Xbox one and it freezes and glitches so that I can't play it. Very disappointing that I spent money on it @XboxSupport,account_access_profile,billing_codes_refunds
245574,I bought mad max for Xbox one and it freezes and glitches so that I can't play it. Very disappointing that I spent money on it @XboxSupport,account_access_profile,billing_codes_refunds
248441,"@164377 @XboxSupport that didn't work for me, @XboxSupport do i have to join back to beta to get the update",account_access_profile,game_content_download
253206,"@XboxSupport @116089 @127852 No, I’m still not able to invite or join friends.",account_access_profile,account_access_profile
253205,@XboxSupport I’ve tried both options but I am still unable to invite or join friends.,account_access_profile,connectivity_xbox_live
253209,@116089 @127852 @XboxSupport Why does my profile say I’m at “Home” when I’m actually playing the #StarWarsBattlefrontII Beta?,account_access_profile,account_access_profile
259197,@XboxSupport My xbox account is RaggarRick95.,account_access_profile,account_access_profile
259197,@XboxSupport My xbox account is RaggarRick95.,account_access_profile,account_access_profile
260632,@XboxSupport @XboxSupport could use a hand with this,other_or_needs_context,how_to_product_information
261082,@116089 @XboxSupport Can you assist me with the Star Wars beta?,other_or_needs_context,game_content_download
262014,"@178409 @178410 everythings slow for me, everytime i launch a game i get took of xbl",game_content_download,game_content_download
262014,"@178409 @178410 everythings slow for me, everytime i launch a game i get took of xbl",game_content_download,game_content_download
262027,@XboxSupport &gt;&gt; of the Wireless Controller with Play &amp; Charge Kit?,billing_codes_refunds,account_access_profile
262026,@XboxSupport nice. thanks a bunch,other_or_needs_context,safety_enforcement_security
262031,@XboxSupport is there something going on with Xbox party chat? My friends and I all keep getting booted.,account_access_profile,connectivity_xbox_live
262385,@XboxSupport Ok it's working now very odd. Thanks,account_access_profile,other_or_needs_context
262387,@XboxSupport as soon as I press to get the side bar up or press home my dashboard freezes. Help please,account_access_profile,how_to_product_information
262413,"@XboxSupport Also, I've tried resetting my Xbox and Router many times it doesn't work :(",account_access_profile,account_access_profile
262412,@XboxSupport I don't believe so nope,account_access_profile,other_or_needs_context
262412,@XboxSupport I don't believe so nope,account_access_profile,other_or_needs_context
262418,@XboxSupport Also some games like Fortnite Battle Royale are a little framerate choppy ;(,other_or_needs_context,safety_enforcement_security
263032,Unban me!! #freefirehawk @XboxSupport,safety_enforcement_security,safety_enforcement_security
263826,Is Fortnite fun? I’m license transferred with my sister on Xbox and she has it. Download or nah?,game_content_download,other_or_needs_context
248440,"@XboxSupport No it just skips the message that would usually say ""took to long to start"" abd just goes straight to dashboard",other_or_needs_context,account_access_profile
263846,"Fired up #DS3 yesterday...Yep, It's still brutal. I'm Still a Causal.
#DarkSouls #DarkSouls3 
#ReturnToLordran #XboxOne 
#Sunbro #GitGud",other_or_needs_context,account_access_profile
263855,@1561 HBO GO app never works on XBoxOne. Fix it. I'm not paying for something I can't use.,account_access_profile,connectivity_xbox_live
265767,@31422 Xbox one smite keeps crashing at the loading card screen after the 4.18 update. I've tried everything to fix it. Nothing works.,account_access_profile,account_access_profile
229763,"@AmazonHelp i pre-ordered star wars battlefront 2 for xbox one, when will I receive my early access beta code?",billing_codes_refunds,billing_codes_refunds
265808,@179326 The rotate on Miners Haven Xbox isn't working. https://t.co/JFsONXTvLB,account_access_profile,other_or_needs_context
265812,"It's taken me 30 minutes to download a 1.45 GB update.

Really Xbox? Fucking really?",game_content_download,game_content_download
266614,"64 Days without my X1S. Lost at service center. Preordered CupHead and can't play it. 

@116543 @115787 @115786 
@15913 #Help",account_access_profile,billing_codes_refunds
268457,"@XboxSupport Okay, now a handful of games are not working. What the heck is going on? Seriously, I pay for XBL yearly.",other_or_needs_context,subscription_game_pass_gold
268847,Great @xboxsupport I cant play Forza7 coz it just keeps closing on starting. This is exactly why i will never support a digital only future!,other_or_needs_context,account_access_profile
269647,@XboxSupport I can't seem to find the quests section under games with gold. Any idea what I'm doing wrong?,subscription_game_pass_gold,subscription_game_pass_gold
270149,"@XboxSupport FM7 appears to be down.  Game launches, shows the splash screen and then returns back to the dashboard.  Other gamers confirmed",account_access_profile,connectivity_xbox_live
272571,"@XboxSupport pls i need a number to call and speak to a human person, im tired of this forum support run around im getting.",other_or_needs_context,safety_enforcement_security
272782,@xboxsupport I'm having an issue where my xbox one s stops detecting the proper capabilities of my (cont) https://t.co/A5i43SfFsl,other_or_needs_context,account_access_profile
273020,Hey @XboxSupport what’s the Mac adress on the network setting?,connectivity_xbox_live,connectivity_xbox_live
273307,"@181276 @180104 @XboxSupport does this work? have you tried yourself, and if so proof it works? tryna see before i buy it lol",other_or_needs_context,other_or_needs_context
287655,I had the Overwatch trial I can't seem to find a way to upgrade to a purchased version now it just takes me in a loop to store @XboxSupport,how_to_product_information,how_to_product_information
288395,@XboxSupport can u help me with something on cod WWII? Activision support doesn't seem to care to assist with an issue,other_or_needs_context,connectivity_xbox_live
288393,"@XboxSupport After watching the kill cams, I'm the only one with the marker..very frustrating",other_or_needs_context,other_or_needs_context
288397,@XboxSupport I've attempted to reach out to Activision support..no response by them,other_or_needs_context,safety_enforcement_security
288401,Hi @XboxSupport - what's going on with the @142606 update?,other_or_needs_context,connectivity_xbox_live
288400,@XboxSupport Can I ask why? Are they coming from Gears servers? There are multiple Xbox customers complaining of the same problem.,other_or_needs_context,how_to_product_information
289318,@XboxSupport Nothing? Great customer support.,other_or_needs_context,other_or_needs_context
292492,@XboxSupport Yeah it's on an open shelf on it's own. Can't be overheating as it'll do it when it's not been turned on for ages.,console_accessory_display,account_access_profile
292491,@XboxSupport It's turning ON unexpectedly not off,account_access_profile,account_access_profile
292491,@XboxSupport It's turning ON unexpectedly not off,account_access_profile,account_access_profile
293730,"@XboxSupport Hey, can our team have a follow? Already great support! Keep it up.",other_or_needs_context,other_or_needs_context
296121,@XboxSupport hi. Cannot get my forza 7 VIP updated rewards. No messages. Please help! Thanks,account_access_profile,billing_codes_refunds
296931,@XboxSupport I have an issue regarding MKX ? Can I get so me info on what can I do ?,other_or_needs_context,billing_codes_refunds
296930,@XboxSupport I have an issue mortal kombat X every time I load the game up it keeps crashing ? Should I just uninstall it ?,console_accessory_display,account_access_profile
296933,@XboxSupport I did this twice now and it still keeps crashing,account_access_profile,account_access_profile
296935,@XboxSupport Okay I will,account_access_profile,how_to_product_information
296937,@XboxSupport The game is working after installing it again,account_access_profile,game_content_download
300821,"@XboxSupport Every message I send seems to 'failed to send message', please help!!!",account_access_profile,account_access_profile
300821,"@XboxSupport Every message I send seems to 'failed to send message', please help!!!",account_access_profile,account_access_profile
301264,@XboxSupport I've filed a dispute with Paypal regarding my transactions since no one is willing to correct the issue and/or refund my purchases.,billing_codes_refunds,billing_codes_refunds
301267,"@XboxSupport @119514 I've filed a ticket with @130182, but they've failed to resolve the issue and are non-responsive.",account_access_profile,account_access_profile
301271,I am unable to own/create a 3rd club even though I only have 2. Any idea why? @XboxSupport,account_access_profile,game_content_download
301270,"@XboxSupport Nope, the option just isn't there. Only lets me create a hidden one even though I only have 2 created.",how_to_product_information,how_to_product_information
303753,@XboxSupport my xbox one is broken. Non of the stupid resets work. Help,account_access_profile,connectivity_xbox_live
307547,@XboxSupport I’m fed up with my Xbox 360 randomly disconnecting from XBL. What’s the deal here? Doesn’t happen on Xbox One,other_or_needs_context,connectivity_xbox_live
307546,@XboxSupport I’ve been through those steps already,account_access_profile,billing_codes_refunds
308086,"@XboxSupport and couldn't sign you in."" Can you tell me what happened?",account_access_profile,safety_enforcement_security
309692,@XboxSupport if you can is it possiable you can get me a refund for minecraft in anyway or get my money back if my mincraft wont work,account_access_profile,billing_codes_refunds
311156,@115786 @XboxSupport I just upgraded to an #XboxOneS &amp; I see the free Kinect adapter is not available (It's $40). Is this right?  Thanks!,how_to_product_information,how_to_product_information
311155,@XboxSupport Thanks for the super fast reply! Are the adapters known to go on sale? $40 seems like a lot just to get my existing Kinect to work. Thanks!,how_to_product_information,how_to_product_information
315072,@XboxSupport Also this is from the third system I've gotten today https://t.co/WeUoadcQfM,other_or_needs_context,safety_enforcement_security
325649,"@XboxSupport @117347 And when it's not crashing, it's stuck on an infinite load. Why is this happening? I didn't spend $80 for this",account_access_profile,account_access_profile
325649,"@XboxSupport @117347 And when it's not crashing, it's stuck on an infinite load. Why is this happening? I didn't spend $80 for this",account_access_profile,account_access_profile
327244,My Xbox 360 is stuck at this screen idk how to fix it. RIP TB tournaments https://t.co/vSs408Jw9P,account_access_profile,account_access_profile
328278,@XboxSupport Been three days and still can’t access the beta for @116089 battlefront 2 I’ve pre ordered but cant get past agreement page,account_access_profile,billing_codes_refunds
328277,@XboxSupport Cheers I’ll give it ago,other_or_needs_context,subscription_game_pass_gold
328280,"@XboxSupport Yeah that sorted it thanks, wish I’d gotten in touch sooner as I’ve lost my early access and only have 1 day left.",account_access_profile,billing_codes_refunds
328278,@XboxSupport Been three days and still can’t access the beta for @116089 battlefront 2 I’ve pre ordered but cant get past agreement page,account_access_profile,billing_codes_refunds
328780,"@XboxSupport 
 Failed to create the game. We were unable to establish a connection to Xbox Live. Check your connection and try again.",account_access_profile,connectivity_xbox_live
328780,"@XboxSupport 
 Failed to create the game. We were unable to establish a connection to Xbox Live. Check your connection and try again.",account_access_profile,connectivity_xbox_live
332949,Ok guys I can finally make videos again huge thanks to @XboxSupport,other_or_needs_context,account_access_profile
335078,@XboxSupport xbox app not being captured on @15542 no problem with other captures or games,how_to_product_information,how_to_product_information
335438,"@XboxSupport I cant use my paypal in the xbox one but in other things i can, why is that?",account_access_profile,how_to_product_information
336314,"@xboxsupport is there any way to get a refund on xbox store purchases? The game iron wings is unplayable, it crashes before campaign starts",billing_codes_refunds,billing_codes_refunds
336314,"@xboxsupport is there any way to get a refund on xbox store purchases? The game iron wings is unplayable, it crashes before campaign starts",billing_codes_refunds,billing_codes_refunds
336822,@XboxSupport Hola...mi exbox se apaga cuando lo enciendo..que puedo hacer..,connectivity_xbox_live,console_accessory_display
336822,@XboxSupport Hola...mi exbox se apaga cuando lo enciendo..que puedo hacer..,connectivity_xbox_live,console_accessory_display
337173,@XboxSupport I pre-ordered disc copy from GameUK. I see the dload icons in Car Collection screen but get a marketplace error when I click them,how_to_product_information,billing_codes_refunds
337176,@15913 @XboxSupport Does anyone know the answer to my question? https://t.co/C37ZNONSry,account_access_profile,how_to_product_information
337191,@XboxSupport I would like a refund,billing_codes_refunds,billing_codes_refunds
337195,@XboxSupport @196457 when trying to select the preview beta always got this msg!?? https://t.co/pMpP1FLkC9,other_or_needs_context,other_or_needs_context
337964,"@XboxSupport Hey, will Sonic Forces work on the first XB1 and if yes, in which resolution (1080p ?)",other_or_needs_context,how_to_product_information
338400,@XboxSupport requiero ayuda para el pago de XboxLive dice que requiere atención.,console_accessory_display,console_accessory_display
339304,when i join a game of overwatch online i can hear the game but i cant hear them and they cant hear me @XboxSupport,account_access_profile,account_access_profile
339600,"@XboxSupport Hello, i have a problem since halo 3 goes retrocompatible i’m not able to install the game and i have it",game_content_download,game_content_download
339600,"@XboxSupport Hello, i have a problem since halo 3 goes retrocompatible i’m not able to install the game and i have it",game_content_download,game_content_download
339602,@XboxSupport Digitally,account_access_profile,how_to_product_information
339604,@XboxSupport I already do that as i said since the game was lunch at xbox one i tried and nothing happends,other_or_needs_context,account_access_profile
339604,@XboxSupport I already do that as i said since the game was lunch at xbox one i tried and nothing happends,other_or_needs_context,account_access_profile
340407,"@XboxSupport Kind of hard to report players when the recent players has absolutely no organization to it and takes upwards of an hour to update. So yeah, perfect",other_or_needs_context,game_content_download
340449,@XboxSupport I deleted the tweet and still got a response 😂. I resolved the billing issue in the page chat. Thanks! 🎄💚😜,billing_codes_refunds,billing_codes_refunds
342745,@XboxSupport Honestly couldn’t be more displeased only Xbox I’ve ever owned,account_access_profile,game_content_download
345586,"@XboxSupport what i want to know, is why here in brazil we have clarovideo app if that no work???? a lot of times its no work and nothing",other_or_needs_context,other_or_needs_context
345585,"@XboxSupport Say about claro video not work now, try later or contact xboxlive support, more then one year and nothing, a lot of people with the same",other_or_needs_context,other_or_needs_context
345588,@XboxSupport claro video APP,other_or_needs_context,how_to_product_information
345591,"@XboxSupport i try that, reinstale, clear all about this, but nothing work, all that was after one actualization of this APP",account_access_profile,safety_enforcement_security
345591,"@XboxSupport i try that, reinstale, clear all about this, but nothing work, all that was after one actualization of this APP",account_access_profile,safety_enforcement_security
345964,@XboxSupport ether I am very popular or this is a bug with the notifications. https://t.co/fCCkTer5aZ,account_access_profile,safety_enforcement_security
346444,"@XboxSupport Can you access Cloud Storage on 360 with Silver? If so, when did that change?",how_to_product_information,how_to_product_information
347086,"@115786 @XboxSupport Alto Dezi, and they'd have another customer willing to spend money...it's been gone for 3 years but will never be forgotten...",billing_codes_refunds,billing_codes_refunds
354910,So my game not turning on? @XboxSupport,account_access_profile,account_access_profile
354910,So my game not turning on? @XboxSupport,account_access_profile,account_access_profile
357067,@200784 @XboxSupport @200785 these guys out here in squads using racial slurs and Discriminating my rights can we pleasedosomething https://t.co/0Y3Z3gByvF,safety_enforcement_security,safety_enforcement_security
357072,"@XboxSupport my xbox is having issues playing games. They will not start at all. I keep getting the ""took to long to start"" help?",account_access_profile,account_access_profile
359624,@XboxSupport Hoonigan cars can be purchased with CR in FH3 but get Marketplace Exclusive error in FH7. All dates in Forzahub for availability have passed,other_or_needs_context,account_access_profile
337173,@XboxSupport I pre-ordered disc copy from GameUK. I see the dload icons in Car Collection screen but get a marketplace error when I click them,how_to_product_information,billing_codes_refunds
360429,@117331 @XboxSupport @127852 any idea what's happened just randomly zoomed in while on FUT draft an didn't zoom back out so i lost 15k. https://t.co/JQA2Hc7PSr,account_access_profile,safety_enforcement_security
360432,"@XboxSupport when will the Blu-ray player work again?  I can't watch my newest Blu-ray,  and that really disappoint me",other_or_needs_context,game_content_download
361691,@XboxSupport @201663 why does it say this I tested my internet on my phone please help me,account_access_profile,connectivity_xbox_live
361689,@XboxSupport to fix my xbox,account_access_profile,connectivity_xbox_live
361689,@XboxSupport to fix my xbox,account_access_profile,connectivity_xbox_live
361695,@XboxSupport I'm having issues with audio cutting out on #Forza7 along with some game events. Is there a fix for this?,other_or_needs_context,connectivity_xbox_live
365478,@115786 are the servers having issues cause my account won't let me log in online only on offline,account_access_profile,connectivity_xbox_live
366326,"Just great... @115786 @XboxSupport I didn’t even break this controller, I was pressing the LB button while playing Batman Arkham Asylum and it broke by itself somehow.. Any cheap way of fixing this? because it’s my favorite controller and I can’t afford a brand new one https://t.co/f8JYPpSHZv",console_accessory_display,account_access_profile
366325,@XboxSupport Something I always forget to do.. I have a poor memory,account_access_profile,billing_codes_refunds
366331,@202771 I bought gta v today for Xbox one when I try to install it it keeps saying installation stopped error code 0x80070570,account_access_profile,game_content_download
366809,"@189878 Thanks, I gave that a try and t didn't work. Anything else I should try?",account_access_profile,safety_enforcement_security
367203,@XboxSupport I've tried everything you have told me my rocket L won't stop crashing,account_access_profile,account_access_profile
367201,@XboxSupport This happens every time https://t.co/lfJUYH3zXT,account_access_profile,connectivity_xbox_live
367205,@XboxSupport Ever since rocket league released their autumn update it has done this,other_or_needs_context,connectivity_xbox_live
368975,@XboxSupport I can't hear my friends in a party's,account_access_profile,connectivity_xbox_live
371336,Xbox broke #Depression,other_or_needs_context,console_accessory_display
372342,I think this will be the last time I download any @141157 game to my @XboxSupport. I have FIFA 18 and the game is frozen I can no longer play,game_content_download,game_content_download
372342,I think this will be the last time I download any @141157 game to my @XboxSupport. I have FIFA 18 and the game is frozen I can no longer play,game_content_download,game_content_download
372349,@XboxSupport 4 months of messages/invites not working on Xbox 360. Frustrated how many times I've contacted support. Effects everyone on 360,other_or_needs_context,account_access_profile
372349,@XboxSupport 4 months of messages/invites not working on Xbox 360. Frustrated how many times I've contacted support. Effects everyone on 360,other_or_needs_context,account_access_profile
372353,I have all sorts of problems with internet connection on Xbox. Never on PlayStation. What the actual fuck?!,connectivity_xbox_live,connectivity_xbox_live
374938,@XboxSupport nba 2k18 is literally unplayable for me the website also says the game is limited any reason why?,other_or_needs_context,game_content_download
374937,@XboxSupport No im having a problem with the online service of the game.,other_or_needs_context,connectivity_xbox_live
374940,@XboxSupport Lagging or frame rate drops in play grounds or pro am and this is the only game that I've experienced this issue with.,other_or_needs_context,connectivity_xbox_live
374940,@XboxSupport Lagging or frame rate drops in play grounds or pro am and this is the only game that I've experienced this issue with.,other_or_needs_context,connectivity_xbox_live
374943,@XboxSupport And if that does not work what happens next?,other_or_needs_context,connectivity_xbox_live
374945,@XboxSupport I'm still having the issue,account_access_profile,account_access_profile
374945,@XboxSupport I'm still having the issue,account_access_profile,account_access_profile
377669,@XboxSupport @XboxSupport Coin purchase gets stuck on purchase/loading screen. Already checked payments &amp; restarted the system. Any troubleshooting tips?,account_access_profile,account_access_profile
387941,"@XboxSupport No, not tried, because I do not have a replacement disc to try. I only have the discs I purchased.",other_or_needs_context,how_to_product_information
387943,@XboxSupport There are no issues with my xbox360 console as all my other games work fine. The only issue is with GTA only.,other_or_needs_context,connectivity_xbox_live
387946,@XboxSupport I cannot and have not been able to try the disc on another console.,account_access_profile,game_content_download
387948,@174471 RT,account_access_profile,console_accessory_display
389776,@XboxSupport I traded my ps4 in for an xb1 and not even a month with xb1 it's making crackling noises and won't open apps.,account_access_profile,connectivity_xbox_live
391915,@XboxSupport am I able to get a refund on a season pass that I purchased yesterday?,billing_codes_refunds,billing_codes_refunds
391914,@XboxSupport Iv tried several times now but the page just keeps refreshing once I hit 'chat now',account_access_profile,connectivity_xbox_live
391915,@XboxSupport am I able to get a refund on a season pass that I purchased yesterday?,billing_codes_refunds,billing_codes_refunds
391915,@XboxSupport am I able to get a refund on a season pass that I purchased yesterday?,billing_codes_refunds,billing_codes_refunds
394227,"@XboxSupport game is almost ready and then it cuts immediately to something went wrong. ive tried both games on 2 different consoles, no idea what to do",other_or_needs_context,account_access_profile
395803,"@189878 It's too late where we live and we can't call, and the chat requires she get into her account.",account_access_profile,safety_enforcement_security
403846,charters WiFi is seriously the fucking worst. Can’t even stream a game on my Xbox without the WiFi going down,connectivity_xbox_live,connectivity_xbox_live
406864,@XboxSupport Hi. Messages don't seem to get through and not all clips play. Seems like I'm not the only one according to the Google Play Store comments.,other_or_needs_context,how_to_product_information
406866,@XboxSupport Any idea if there will be an update for the Android Smartglass app? It just ain't working now.,other_or_needs_context,game_content_download
407713,@115786 @XboxSupport Can't give a free day of Gold? Give me a break.... I'm not an idiot.,account_access_profile,subscription_game_pass_gold
407712,@XboxSupport I appreciate your efdorts but..Heard that hours ago. Just throw me a day of gold. Simple. I don't have all day for you guys to figure it out,other_or_needs_context,safety_enforcement_security
407715,"@XboxSupport Then WHO does? For all the headaches, time, frustration we've experienced over this? The fact that NO ONE can give out a free day is absurd.",other_or_needs_context,safety_enforcement_security
412065,@XboxSupport Hello I was wondering if it was possible to stream to twitch on an Xbox One without having a subscription to Xbox Live Gold?,other_or_needs_context,subscription_game_pass_gold
412066,@XboxSupport I can not seem to find any info regarding the topic online,other_or_needs_context,how_to_product_information
412068,"@XboxSupport Thank you for the info then!
Needless to say i'm very much getting an Xbox One very soon",other_or_needs_context,account_access_profile
416877,@XboxSupport Will the Xbox one X come with an HDMI 2.0 cable?,other_or_needs_context,how_to_product_information
423552,@XboxSupport How do I remove a payment option if the Xbox Live subscription is already payed for but I want to remove that option before the subscription is done and I already turned off auto-renew?,subscription_game_pass_gold,subscription_game_pass_gold
425767,"@XboxSupport my gaming profile (gamertag) is: carlos90cze
My Location is in the Czech Republic",account_access_profile,account_access_profile
425764,@XboxSupport so there are two options. I'm totally stupid or there is a downside on Microsoft's side of xbox Live,other_or_needs_context,safety_enforcement_security
425776,"@XboxSupport Hello, I tried all the steps, I still have 80151909. I do not know what I'm afraid, please help. https://t.co/b2PAYZkqma",account_access_profile,account_access_profile
425778,@XboxSupport  https://t.co/lA7ZjqjHz5,other_or_needs_context,other_or_needs_context
436698,Hey @XboxSupport trying to change my gamertag. Need to add payment but I'm in UK. Keeps asking me to choose state. tag - dcwsco,account_access_profile,billing_codes_refunds
436707,@XboxSupport Can't seem to get Shadow of War to play. Installs but gives error 0x80070490 and wont launch the game.,other_or_needs_context,game_content_download
447521,@XboxSupport how do i get my wife's console to play games I've bought for my xbox,how_to_product_information,how_to_product_information
450506,"@XboxSupport My Gt is ""AtomicBrace""",account_access_profile,account_access_profile
450505,@XboxSupport Thanks👍,account_access_profile,account_access_profile
450512,"@XboxSupport I tried it and it didn't work. The 1.2.6.2 update is still the one I'm getting.
Any other suggestions?",other_or_needs_context,account_access_profile
450512,"@XboxSupport I tried it and it didn't work. The 1.2.6.2 update is still the one I'm getting.
Any other suggestions?",other_or_needs_context,account_access_profile
450530,My Play 💔💔❌ Xbox One S New 6/19/2017---&gt;&gt;&gt;30/11/2017 Ending Cancelled❌❌❌  😰😰😰😟😟 @XboxSupport @115786,other_or_needs_context,subscription_game_pass_gold
452971,"@127852 My Fifa 18 on Xbox one is broken and I really need it. Whenever I start it up, or use it, before it goes onto the menus it comes up with a message saying ‘personal settings 1 failed to load’ I’ve tried re downloading Fifa but the problem persists, what do I do now? Thanks",account_access_profile,game_content_download
452970,@XboxSupport How do I fix Fifa 18 when it says ‘personalsettings1failed to load’,account_access_profile,how_to_product_information
452983,"@XboxSupport i just bought a 3 month xbl gold subscription and when i try to play online, i'm told i don't have one. please help.",subscription_game_pass_gold,subscription_game_pass_gold
452981,@XboxSupport working now. thx,account_access_profile,account_access_profile
452986,Update on the whole Xbox thing. It’s now just taunting me with a Logo. https://t.co/hEDajJraSm,other_or_needs_context,other_or_needs_context
454248,"@XboxSupport is oneguide down ? i've reset everything, Xbox detect usb tv tuner, but keep saying it cannot find tv provider whatever postal code I type :(",other_or_needs_context,connectivity_xbox_live
454248,"@XboxSupport is oneguide down ? i've reset everything, Xbox detect usb tv tuner, but keep saying it cannot find tv provider whatever postal code I type :(",other_or_needs_context,connectivity_xbox_live
455177,"@XboxSupport are there problems in Akron, Oh.",other_or_needs_context,connectivity_xbox_live
456344,@XboxSupport Reply*,other_or_needs_context,safety_enforcement_security
456343,@XboxSupport Thank you! I’ll have to do this later as I am driving lol,other_or_needs_context,other_or_needs_context
456346,@XboxSupport I found that running my Xbox with instant on setting... solves the issue. Hasn’t happened since.,account_access_profile,connectivity_xbox_live
456353,"@XboxSupport This just started , but sometimes when I power on my Xbox One X it doesn’t detect all my TVs features. It detects 4k but nothing else(no hdr,4k60,4k50 etc... after a reboot all is normal. Hmmmmmm any clue? @116543 @15913 @115786",how_to_product_information,how_to_product_information
456344,@XboxSupport Reply*,other_or_needs_context,safety_enforcement_security
456366,"@XboxSupport @115786 @15913 You know what'd be cool? Maybe instead of endless dashboard reworks, actually fix some problems with live, esp. Achievements. Fix what is broke, rather than what isn't.... Case in point, huh? Leaderboards are straight crap too, up and down for days https://t.co/GLEr0f3LZq",console_accessory_display,other_or_needs_context
456370,@XboxSupport Any issues with OneGuide in Canada? We haven't been able to use it all day?,other_or_needs_context,how_to_product_information
457413,@XboxSupport hey yall.... just curious if someone can message me regarding a downloaded game.   Need some help.  Thanks!!,other_or_needs_context,game_content_download
462204,@XboxSupport me and my friend @220734 where on my xbox one and it randomly started smoking. would i be able to send it to you guys there at xbox,account_access_profile,how_to_product_information
462207,@XboxSupport My 4k settings are not working as they are intended to with my Xbox One X. What should I do? https://t.co/4dTDITPZEC,how_to_product_information,how_to_product_information
462206,"@XboxSupport I have Deep Color on in the settings of the monitor and no luck. Is HDR essential to gaming in 4k? If so, there goes my $300. https://t.co/Qf6VZRJMtW",other_or_needs_context,how_to_product_information
462210,@XboxSupport I also tried to switch HDMI ports but they are the same so oh well I guess 😞,other_or_needs_context,account_access_profile
463209,If @XboxSupport and @115765 can’t figure out why my achievements won’t unlock I’m gonna put my Xbox through a window. Help. Me. Please. https://t.co/4ld9QzAnxX,account_access_profile,account_access_profile
465554,"@XboxSupport Hi, I have a question, what is the cost of an Xbox One control repair? Thx.",console_accessory_display,how_to_product_information
466504,"@XboxSupport my Xbox acts like you’re pressing up, even when no controllers are on... any idea what’s going on or how to fix it?",other_or_needs_context,connectivity_xbox_live
467970,@XboxSupport Thank you very much! I get tired of people sending me invites every time I play,account_access_profile,safety_enforcement_security
467972,@XboxSupport is there a way to turn my messages and invites only to friends so I can avoid having to have conversations like this? https://t.co/OlbUnsYH2L,connectivity_xbox_live,safety_enforcement_security
489985,"@XboxSupport I purchased the VIP pack for Forza Motorsport 7: the game says I should have 1 000 000 CR in my wallet because I'm a VIP, but I'm still waiting for it after 3 days. Could you help?",billing_codes_refunds,billing_codes_refunds
493791,"@115788 @232735 @22486 @232736 @232737 @XboxSupport Others have, and had their units returned as ""normal"" after testing. Hence my concern. Not sure who I could discuss this with who would investigate the theory about the fan speed curves needing adjustment to smooth this out.",other_or_needs_context,safety_enforcement_security
493790,"@XboxSupport I will DM you as soon as I get back from my office lunch, in about an hour. Thanks!",other_or_needs_context,billing_codes_refunds
495510,Ayo @XboxSupport  tf I do https://t.co/31Lvtc9kMJ,account_access_profile,safety_enforcement_security
495509,@XboxSupport I’m jus wondering what kind of ban I️t was g,safety_enforcement_security,safety_enforcement_security
497049,"@XboxSupport When I’m on the English language website and that’s the article returned while trying to troubleshoot. Another article suggested doing an offline update, which requires a Windows-based PC that I don’t own. Any other suggestions? https://t.co/IIkkUub6im",other_or_needs_context,how_to_product_information
497048,@XboxSupport That link provided still shows the content in what looks to be a Chinese language. This is across multiple browsers and devices. Any other suggestions? https://t.co/pShNKte4CK,game_content_download,other_or_needs_context
497051,"@XboxSupport Ah yep, that did it. Turns out I’ve already looked at that page before though. Still searching for an answer since we spoke a couple of hours ago. Have spoken again with MS support, and with EA, and still no closer to a resolution.",account_access_profile,billing_codes_refunds
498852,@115786 @XboxSupport is terrible,account_access_profile,safety_enforcement_security
498852,@115786 @XboxSupport is terrible,account_access_profile,safety_enforcement_security
500395,@XboxSupport My xbox one x ! i can't download my games ! some of games stopped installation when i use network transfer with my old xbox one ! Very bad experience 👎👎 https://t.co/jT7wEKJMH1,account_access_profile,game_content_download
500395,@XboxSupport My xbox one x ! i can't download my games ! some of games stopped installation when i use network transfer with my old xbox one ! Very bad experience 👎👎 https://t.co/jT7wEKJMH1,account_access_profile,game_content_download
506780,@XboxSupport when I go to play Fifa 18 it says there is a problem please try again and it won't open and it knocks all my sound off,account_access_profile,account_access_profile
508482,"@XboxSupport I got the last 5 GamerScore I needed for November's Xbox Quest last night around 9:00 pm MST. When I looked at my GS total, those points were listed in December. Does this mean I didn't qualify?",billing_codes_refunds,billing_codes_refunds
508481,@XboxSupport So why would it be reported in December if I earned it in November? That's pretty lame.,safety_enforcement_security,safety_enforcement_security
508484,"@XboxSupport Yes, last night. Fully unlocked.",account_access_profile,account_access_profile
508501,"@XboxSupport My Game Forza Horizon 3 on my Windows 10 PC did run very well, but now I can't open it anymore. What is wrong? I just see the picture of Forza Horizon 3 and then the Window close. I paid a lot of money. Need help please.",account_access_profile,account_access_profile
509864,@XboxSupport How do I️ fix I️t,account_access_profile,how_to_product_information
509881,@XboxSupport I reset my console as I’ve read to do elsewhere and now I can’t even use it because it says it has to update but won’t update because of an error,account_access_profile,game_content_download
509889,Hi can anyone help me i would like to know if i buy a game as a gift to my friend can I play the game if his account is set to my home xbox @117331,account_access_profile,how_to_product_information
509888,@XboxSupport So I can send a game as gift To my friend and I can play it aswell because his account is set to my home xbox,account_access_profile,account_access_profile
509891,@XboxSupport Ok thank u very much,account_access_profile,other_or_needs_context
509889,Hi can anyone help me i would like to know if i buy a game as a gift to my friend can I play the game if his account is set to my home xbox @117331,account_access_profile,how_to_product_information
511557,@XboxSupport It's December now and I still haven't gotten anything else.,billing_codes_refunds,billing_codes_refunds
512786,@XboxSupport hi guys regarding my previous tweet it was sent that way to fit in my question can you answer please when ever you can thank u,other_or_needs_context,other_or_needs_context
514980,@XboxSupport Why don't I have a party chat/game volume mixer?,connectivity_xbox_live,connectivity_xbox_live
514980,@XboxSupport Why don't I have a party chat/game volume mixer?,connectivity_xbox_live,connectivity_xbox_live
514990,"@XboxSupport in general, should achievements pop while offline on the Xbox one? Is it based on the game or so they all act the same? Single player of course.",connectivity_xbox_live,how_to_product_information
514990,"@XboxSupport in general, should achievements pop while offline on the Xbox one? Is it based on the game or so they all act the same? Single player of course.",connectivity_xbox_live,how_to_product_information
516194,@XboxSupport I just redeemed a 12 month subscription and didn't get take for the borderlands for free could I get a refund?,billing_codes_refunds,billing_codes_refunds
517384,@XboxSupport @XboxSupport my Xbox one sleeps shutting off when I turn it on and it keeps doing this got any ideas?,account_access_profile,connectivity_xbox_live
517403,@XboxSupport Will do. Thanks :),other_or_needs_context,account_access_profile
517405,@XboxSupport Hi. Bit of an unusual question. I just realised 2 of the rubber feet are missing from my xbox one x. Can i get these anywhere instead of returning the console? thanks :),other_or_needs_context,how_to_product_information
517423,My games won’t load what to do ??? @XboxSupport,account_access_profile,account_access_profile
518522,Just bought my Xbox last Friday and it’s already not working. Joy. 🙄,other_or_needs_context,account_access_profile
518521,"@XboxSupport The Xbox wont turn on and I’ve tried pulling out the power plug for 10 seconds and plugging it back in. Still wont turn on. Was working just fine last night, go to use it this morning and that happens.",account_access_profile,account_access_profile
518524,"@XboxSupport Yes, and I’ve tried multiple wall outlets.",other_or_needs_context,connectivity_xbox_live
518524,"@XboxSupport Yes, and I’ve tried multiple wall outlets.",other_or_needs_context,connectivity_xbox_live
519464,Xbox✔️Destiny2✔️Clan✔️Go to play❌Fuckin Servers,connectivity_xbox_live,connectivity_xbox_live
520513,Xbox One X has restored my love of Xbox. Such a great Console. Great Job @116543 @115787,other_or_needs_context,game_content_download
478864,@115765 Xbox isn’t working 🙄,account_access_profile,other_or_needs_context
522269,@XboxSupport None of my games are registering that I already have an active Xbox Live Subscription https://t.co/Zqz4E2o3ab,account_access_profile,subscription_game_pass_gold
506976,@115765 How come it isn’t working on Xbox one yet?,other_or_needs_context,other_or_needs_context
522285,@XboxSupport And my console tends to freeze once said digital games are launched,account_access_profile,game_content_download
522287,@XboxSupport Or more,account_access_profile,how_to_product_information
522290,"@XboxSupport I’ve tried it, it seems to be working now but I do believe it won’t work for long.",other_or_needs_context,account_access_profile
522293,@XboxSupport I’m over trying to play this game can I get a refund or something I love Xbox don’t get me wrong I feel like I wasted my time and money on something I can’t play,billing_codes_refunds,billing_codes_refunds
523146,Holy shit I get to test the Xbox One X this weekend. Gonna hook it up to my bigass 80-inch Vizio and game my tits off.,other_or_needs_context,connectivity_xbox_live
523148,@XboxSupport Microsoft edge not working,account_access_profile,account_access_profile
523163,All this fucking installing. Should have stuck with the 360 @115786,other_or_needs_context,game_content_download
523166,My Xbox just died 😢😭🤧😭,account_access_profile,account_access_profile
523165,@XboxSupport I’m not sure why this happened. I downloaded the new call of duty and when finished my Xbox said it needed an update. When I turned it on the next day the only thing that pops up now is a colorful screen with lines.,other_or_needs_context,game_content_download
523165,@XboxSupport I’m not sure why this happened. I downloaded the new call of duty and when finished my Xbox said it needed an update. When I turned it on the next day the only thing that pops up now is a colorful screen with lines.,other_or_needs_context,game_content_download
523998,@XboxSupport that should be 0x80072F8F,account_access_profile,other_or_needs_context
523997,@XboxSupport im not really sure what that is? what would have changed from earlier this week? was there some xbox update?,other_or_needs_context,connectivity_xbox_live
542757,@XboxSupport Hello! I purchased 3 games using my old Microsoft account and Xbox One. Now i got the new Xbox One X with a new Microsoft account. How can i recover/transfer games that i purchased to new Xbox One X and new Microsoft account? Thanks!,account_access_profile,how_to_product_information
544036,"@XboxSupport hello 4 days ago I enter my xbox live's code. In the parameters, I see that I have the Gold but I can't play online, why?. Last time I had needed 3 days. Thanks for your attention.",account_access_profile,subscription_game_pass_gold
545538,@XboxSupport can we get an update so you can rip cds for the Xbox one like the xbox360 can do.,other_or_needs_context,other_or_needs_context
546887,@XboxSupport Why finish with cross play in fortnite? In this way people will choose a PS4 than a Xbox one,other_or_needs_context,how_to_product_information
551093,"@XboxSupport hi Xbox,why every time I start installing a used game it stops please help me I bought 2 games and I have the same issue on both of them",game_content_download,game_content_download
551092,"@XboxSupport OMANI WA AFT5R, the issue is I can't fully  install a used game it stops in a specific number",game_content_download,game_content_download
551093,"@XboxSupport hi Xbox,why every time I start installing a used game it stops please help me I bought 2 games and I have the same issue on both of them",game_content_download,game_content_download
553877,"@XboxSupport Hola, tengo un problema con mi control parental de xbox 360 y es que me lo he olvidado y ya intente cientos de combinaciones y ninguna es la correcta, ¿Hay alguna manera de que me puedan dar la correcta? Desde ya, muchas gracias.",other_or_needs_context,console_accessory_display
556844,@xboxsupport Hi guys. I have 2 Xbox consoles. My X is listed as my home console which is fine. My S however won’t allow me use of the NFL app even when signed into my main profile. I keep getting the “do you own this app” message. Help please,account_access_profile,account_access_profile
556844,@xboxsupport Hi guys. I have 2 Xbox consoles. My X is listed as my home console which is fine. My S however won’t allow me use of the NFL app even when signed into my main profile. I keep getting the “do you own this app” message. Help please,account_access_profile,account_access_profile
558076,"@XboxSupport hi I don’t use my Xbox anymore and I was charged for a new year, was wondering if I could get a refund?",billing_codes_refunds,billing_codes_refunds
560653,@251166 @XboxSupport @127852 Foaming . Buy Pro Evo me,account_access_profile,other_or_needs_context
560653,@251166 @XboxSupport @127852 Foaming . Buy Pro Evo me,account_access_profile,other_or_needs_context
561989,@XboxSupport Why have you replied to others who only reported issues much more recently than I did?,other_or_needs_context,safety_enforcement_security
450514,@221802 @XboxSupport Has anything worked? I'm having the exact same issue with minecraft.,account_access_profile,account_access_profile
561999,@XboxSupport Well that didn't do it either. I'm planning on buying an Xbox one X next week but I want this issue fixed first. Please give me some other ideas!,account_access_profile,account_access_profile
562003,@XboxSupport Thanks for the info. Other people are posting the same problem there. I've seen it elsewhere too. I know I'm not the only one. I just don't have a solution yet.,account_access_profile,account_access_profile
562005,@XboxSupport I didn't see any from the team. Someone did say we may have to wait a few days to be removed from the beta though.,other_or_needs_context,billing_codes_refunds
562008,@XboxSupport Ok. Thanks for trying. I'll let you know if it's ever fixed ☺,account_access_profile,other_or_needs_context
562005,@XboxSupport I didn't see any from the team. Someone did say we may have to wait a few days to be removed from the beta though.,other_or_needs_context,billing_codes_refunds
561999,@XboxSupport Well that didn't do it either. I'm planning on buying an Xbox one X next week but I want this issue fixed first. Please give me some other ideas!,account_access_profile,account_access_profile
450514,@221802 @XboxSupport Has anything worked? I'm having the exact same issue with minecraft.,account_access_profile,account_access_profile
563276,"@XboxSupport I have problem, and I can't find a solution or find what's going on, could you help?",account_access_profile,connectivity_xbox_live
564244,@141157 sims 4 on xbox does not unlock its achievments. Please fix it,account_access_profile,game_content_download
566119,"@252698 yeah for the last 4 days, keep getting disconnected from xbox and im using a wired connection",account_access_profile,connectivity_xbox_live
566131,"@XboxSupport I purchased Live Gold and a credit card error occurred, I placed another and paid, after that I put a code of 3 months on the Xbox and there was an error, I went to put it on the computer and he accepted without problems, however I did not receive the 3 months",billing_codes_refunds,billing_codes_refunds
567800,"@125965 @116655 @XboxSupport will something actually be done about this, or is the report system automated so bans don’t go out unless there are multiple reports on the same person? :(",safety_enforcement_security,safety_enforcement_security
567820,"@XboxSupport Hi, curious if I can get help with my previous tweet? Thanks",other_or_needs_context,how_to_product_information
567819,"@XboxSupport I was missing the security and passkey part. This helps. If I transferee to Xbox One X from Xbox One, will it remember all my biometric sign-in data?",account_access_profile,how_to_product_information
568575,"@XboxSupport Well, my blu ray disc is stuck in the disc drive when I tried to stick it in and play it. Paperclip in the side doesn't seem to work. What should I do?",account_access_profile,game_content_download
569485,@XboxSupport I am using a disc copy of COD. I'm trying to install it on the One.,account_access_profile,game_content_download
570262,@XboxSupport @XboxSupport help,account_access_profile,account_access_profile
570270,@115766 @XboxSupport constantly not able to play online. Can’t wait for another update to take 3 hours to not work again,account_access_profile,game_content_download
571099,Yo my console just eavesdropped on some other groups stream? What’s going on? @XboxSupport,other_or_needs_context,connectivity_xbox_live
571101,@XboxSupport It was creepish,account_access_profile,billing_codes_refunds
571104,@XboxSupport Sorry but huh?,other_or_needs_context,other_or_needs_context
571101,@XboxSupport It was creepish,account_access_profile,billing_codes_refunds
571912,"@XboxSupport okay so I can’t even access my home menu, like I’m either stuck at the green load up screen or a black screen for a few minutes until it says “home took to long to start.” I need help please.",account_access_profile,account_access_profile
571911,@XboxSupport Ok so I’ve kept my Xbox unplugged for about 5 minuets but I’m unable to unplug the router/modem because I am not sure where it’s at. What should I do next?,connectivity_xbox_live,connectivity_xbox_live
589753,@XboxSupport how can I play one account on one monitor and play a second account with one Xbox at the same time,account_access_profile,how_to_product_information
591115,Why does my Xbox one turn it self on during the night time at random times @XboxSupport ?,account_access_profile,account_access_profile
591114,@XboxSupport Yeah it is 🤔,account_access_profile,account_access_profile
596176,@XboxSupport Hey could you fix this? I should have all the GS for this game since I unlocked every achievement. Gamertag is uvazquez. https://t.co/ZxE3xdpW4m,account_access_profile,safety_enforcement_security
598257,@125833 @161794 @XboxSupport is destiny 2 curse of Osiris DLC sold separately on Xbox one  or is it only available to buy if you have the season pass,subscription_game_pass_gold,subscription_game_pass_gold
598256,@XboxSupport It says on the store that it's only available in a bundle? I just want to know if I will be able to buy it separately when it releases,how_to_product_information,how_to_product_information
601611,@257377 @129009 @XboxSupport WTF ?! https://t.co/LmfPcI5sJf,other_or_needs_context,safety_enforcement_security
602577,"@XboxSupport @115786 @115890 Other games run fine meaning my xbox has no issues, they are not connection reliant where as #CODWWII is, why is my PC at 200+ and my #XboxOne is limited?",connectivity_xbox_live,connectivity_xbox_live
602579,"130 this morning, better but not the 200+ I normally have, now in the evening its 35. During the week its 200+, test on my PC and its 200+ right now.
@115786 @115890 @XboxSupport   #XBoxOne https://t.co/xPYYBwTmia",other_or_needs_context,other_or_needs_context
616164,"@XboxSupport who the fuck made your xbox app, shitty thing crashes in parties like 50 times a day",other_or_needs_context,safety_enforcement_security
623795,@XboxSupport Hey guys! Been charged £12 in arrears for XBL due to a card cancellation (and me not realising). However I was not made aware in any communication that costs were racking up. Can you please remove the charges from my account immediately and I'll happily renew.,billing_codes_refunds,billing_codes_refunds
628710,What does @ATVIAssist  tell you when you paid for something but didn't receive it? What a joke! @XboxSupport will make this right. https://t.co/0RaJa60G7T,billing_codes_refunds,safety_enforcement_security
632670,"Hey @XboxSupport I sent in my controller for repair and provided tracking information that it arrived. Now your rep is telling me I'm SOL because YOU can't find it. Worst #CustomerExperience, #ScamAlert",other_or_needs_context,how_to_product_information
632669,@XboxSupport Tried your live support team and was told AGAIN to wait another 72 hours. I don't know how this is a solution...,account_access_profile,safety_enforcement_security
632669,@XboxSupport Tried your live support team and was told AGAIN to wait another 72 hours. I don't know how this is a solution...,account_access_profile,safety_enforcement_security
632669,@XboxSupport Tried your live support team and was told AGAIN to wait another 72 hours. I don't know how this is a solution...,account_access_profile,safety_enforcement_security
637723,@115786 @XboxSupport,account_access_profile,safety_enforcement_security
219231,I sent my Xbox in for warranty repair on the 13th of September....still haven't gotten it back ....@XboxSupport,console_accessory_display,billing_codes_refunds
645944,"@XboxSupport hey, i had a problem... I typed in a gift card code of 25 euro's and now my Xbox live is gone and transferd to Amerika pls help",account_access_profile,billing_codes_refunds
645944,"@XboxSupport hey, i had a problem... I typed in a gift card code of 25 euro's and now my Xbox live is gone and transferd to Amerika pls help",account_access_profile,billing_codes_refunds
645954,"@152374 is a joke. I get banned for two weeks for calling a dude a fucking joke once, yet they will let some dumbass make 5 accounts so he can harass people over and over so they can't block him.",safety_enforcement_security,safety_enforcement_security
645960,@XboxSupport Bumpity-Bump.,other_or_needs_context,other_or_needs_context
645967,what the fuck did y'all do to the party chat @XboxSupport,safety_enforcement_security,connectivity_xbox_live
224441,@XboxSupport Is there anything wrong with filing numerous complaints against an inappropriate player? Taking into account the Code of Conduc,safety_enforcement_security,safety_enforcement_security
649506,"@XboxSupport my gold 12 month membership isnt working on online games and tells me i need to buy it though i have it, please fix this",subscription_game_pass_gold,subscription_game_pass_gold
649519,@XboxSupport and @129941 just thought you guys should know I now have a screen burn of Pandora!,other_or_needs_context,other_or_needs_context
651351,@XboxSupport so I have called the swedish xbox support 4 times now and they pick up but the only thing i can hear is a movie or something like that. I need help and i wont get any. if I don't get help within 24 hours I'm gonna pee on bill gates or something.,other_or_needs_context,safety_enforcement_security
654106,"@XboxSupport 
My XBOX just made a loud EEEEEERRRERRERRR noise.. I was playing @162401",other_or_needs_context,other_or_needs_context
654138,"@XboxSupport Alright, got it... One last thing is regarding games, there's not region locks, right?!",other_or_needs_context,game_content_download
654138,"@XboxSupport Alright, got it... One last thing is regarding games, there's not region locks, right?!",other_or_needs_context,game_content_download
654143,"@XboxSupport Hi... A Xbox One X bought in Japan would work normally in the US? I mean, is there any differences on plug connectors, is it possible to change language and play english games and etc? Or does it have ""local constraints""? Thanks!",how_to_product_information,how_to_product_information
660185,@XboxSupport the Microsoft store keeps giving me a black screen and I have to hard reset my Xbox.,account_access_profile,account_access_profile
660196,@115786 @XboxSupport @204967 is it really necessary to use this much packaging for a code I could have been sent by email??? https://t.co/EkAT37yot6,billing_codes_refunds,billing_codes_refunds
662530,@30212 @XboxSupport  Where are we able to buy the tactical assault commander pro for the Xbox one?,how_to_product_information,how_to_product_information
665131,@6167 + @XboxSupport Got a problem : can’t play Fortnite (bought the standard version) except to the Battle Royale mode 😔,account_access_profile,game_content_download
665131,@6167 + @XboxSupport Got a problem : can’t play Fortnite (bought the standard version) except to the Battle Royale mode 😔,account_access_profile,game_content_download
666050,@115786 @XboxSupport well you had your chance to right you're wrong and you didn't I will never spend another penny on Xbox I guess 13 years of loyalty means nothing bye Xbox hello Sony,other_or_needs_context,safety_enforcement_security
666801,@XboxSupport so I take it no comment then?,other_or_needs_context,safety_enforcement_security
670315,@XboxSupport please stop slowing my download speed for games im trying to download games and updates but your killing the purpose of me having gigabit internet,connectivity_xbox_live,game_content_download
671134,@XboxSupport anyway I can get a digital refund for a game if I’m not part of the preview program? I used to be but opted out 6 months back? Brought the game on the 18 November,billing_codes_refunds,billing_codes_refunds
671924,"@XboxSupport Tried hard shutdown, checking/unchecking, nada. I bought an X expecting these things to work. Xbox S not working 2/2",other_or_needs_context,account_access_profile
671923,@XboxSupport I was under the impression that I would be allowed to disable Cortana in the options and keep what ORIGINALLY worked.  Now it doesn't work.,account_access_profile,how_to_product_information
262031,@XboxSupport is there something going on with Xbox party chat? My friends and I all keep getting booted.,account_access_profile,connectivity_xbox_live
700159,"Why is it that you can't buy 4k films from the Microsoft/Xbox store, in the UK? But you can if I switch to the US store....🤔
@117331 @115786 @XboxSupport",how_to_product_information,how_to_product_information
700164,@XboxSupport tell me what this mean https://t.co/J3s4paqfII,other_or_needs_context,safety_enforcement_security
705454,"@XboxSupport Also how long does a review take to get a banned over turned I filed for a request , ,that’s is separate to why I want to talk to tw chat team",safety_enforcement_security,safety_enforcement_security
118406,@XboxSupport uhh what should I do https://t.co/TVulOOf2s2,other_or_needs_context,safety_enforcement_security
705475,"@XboxSupport  The store isn't letting me download a free add-on to ESO. It says, ""Foxbat Brassilisk is currently unavailable"" but someone was able to download it yesterday. 😕😒😡",billing_codes_refunds,how_to_product_information
705475,"@XboxSupport  The store isn't letting me download a free add-on to ESO. It says, ""Foxbat Brassilisk is currently unavailable"" but someone was able to download it yesterday. 😕😒😡",billing_codes_refunds,how_to_product_information
705488,"@XboxSupport And let me tell you, I have done all the fixed you guys suggested yet Twitch is still bugging the hell out.",other_or_needs_context,safety_enforcement_security
705517,"Hi @XboxSupport, I would like to have an email to a support worker who is actually willing to help me. I haven't been able to access my games and apps with my XBL profile for the past 2-3 months. Simply not good enough.",account_access_profile,subscription_game_pass_gold
705517,"Hi @XboxSupport, I would like to have an email to a support worker who is actually willing to help me. I haven't been able to access my games and apps with my XBL profile for the past 2-3 months. Simply not good enough.",account_access_profile,subscription_game_pass_gold
707673,@116781 It downloaded the game digitally instead of the season pass.,game_content_download,subscription_game_pass_gold
708249,@207498 @XboxSupport  https://t.co/3lwOtfThnU,other_or_needs_context,other_or_needs_context
709302,@XboxSupport Hi guys. Having issues signing in on https://t.co/Ib4e0Ny6ZB and on Xbox One... any known issues? My internet works fine,account_access_profile,connectivity_xbox_live
709302,@XboxSupport Hi guys. Having issues signing in on https://t.co/Ib4e0Ny6ZB and on Xbox One... any known issues? My internet works fine,account_access_profile,connectivity_xbox_live
709311,@XboxSupport i cant sign into my xbox profile,account_access_profile,account_access_profile
709304,@289592 @XboxSupport cant sign in on the one and get this on web https://t.co/O6cglSiFej,account_access_profile,account_access_profile
712298,@164477 @XboxSupport can anyone connect?,account_access_profile,connectivity_xbox_live
712298,@164477 @XboxSupport can anyone connect?,account_access_profile,connectivity_xbox_live
712744,@116781 Thanks buddy. Any word on how long @XboxSupport,other_or_needs_context,safety_enforcement_security
713103,"@116549 
This is the message for the game Dizeaze by Neuron Vexx https://t.co/Q3e2F3gNbR",other_or_needs_context,other_or_needs_context
713102,"@XboxSupport If you've read my tweets, you would see I did.",other_or_needs_context,billing_codes_refunds
713102,"@XboxSupport If you've read my tweets, you would see I did.",other_or_needs_context,billing_codes_refunds
713572,@XboxSupport Hook me up with that upgrade @117014 ???,other_or_needs_context,subscription_game_pass_gold
713975,@116781 It's been down for over that..,account_access_profile,connectivity_xbox_live
714535,"@XboxSupport “You need to sign on to use Hulu/Amazon”

WHY?!?!",account_access_profile,how_to_product_information
715724,@XboxSupport can’t even look at the status of it https://t.co/WvySmVZejy,other_or_needs_context,other_or_needs_context
715750,@XboxSupport why can’t I get on my account,account_access_profile,safety_enforcement_security
716752,@XboxSupport any news on episode 4 guardians of the galaxy for xbox one yet still can't download not happy  😐,other_or_needs_context,billing_codes_refunds
716789,When will the servers be back up? @XboxSupport,connectivity_xbox_live,connectivity_xbox_live
717343,It let me sign in to Xbox live once I completely restarted my console in the settings. Just thought id let everyone know. @XboxSupport,account_access_profile,connectivity_xbox_live
717380,@XboxSupport can I cancel family profile &amp; create a new one? Son has wrong bday can't access some games,account_access_profile,subscription_game_pass_gold
717379,@XboxSupport Thing is I already changed his bday &amp; still can't access some games online,account_access_profile,subscription_game_pass_gold
720130,"All tweets on @XboxSupport for the last couple hours

""WE'RE GOIN DOWN! WE'RE GOIN DOWN!"" https://t.co/OnG31jwqc3",connectivity_xbox_live,connectivity_xbox_live
720132,@XboxSupport I can now go online and download stuff but still the store is down here in memphis,account_access_profile,billing_codes_refunds
722328,While this is happening • I’ll be watching @1776 to pass the time! #Canucks #XboxLive @115786 @XboxSupport https://t.co/18C8jXF7XF,other_or_needs_context,account_access_profile
722326,@XboxSupport @180563 Still can’t sign in or play,account_access_profile,account_access_profile
722330,@XboxSupport  https://t.co/iI1txaKbqW,account_access_profile,other_or_needs_context
723163,@XboxSupport Will you allow mods for @293157 when it is released?,other_or_needs_context,game_content_download
723828,How sweet💕@115786 @XboxSupport https://t.co/unGAMvMf6l,other_or_needs_context,safety_enforcement_security
723827,@XboxSupport Yes it is,other_or_needs_context,other_or_needs_context
723848,@160829 @XboxSupport Any news on the option files? You said it would be an easy fix and I am yet to see any information at all,other_or_needs_context,how_to_product_information
724729,@XboxSupport how can someone get a cheater report against them when ive never cheated,safety_enforcement_security,safety_enforcement_security
725062,@XboxSupport it works but I can't get anything from the store,account_access_profile,billing_codes_refunds
742702,@XboxSupport jay writes every time I go into avatar it said uh oh that shouldn’t happened. Can you try again. richmermaid2090,account_access_profile,account_access_profile
743698,"@XboxSupport I've tried all that, even a new power supply. Still doing it. Once or twice it's turned on but when I go to load a game , it's crashes again",account_access_profile,account_access_profile
743697,@XboxSupport Yeah I've tried that,account_access_profile,account_access_profile
743700,@XboxSupport Tried them all,account_access_profile,account_access_profile
743700,@XboxSupport Tried them all,account_access_profile,account_access_profile
743704,@XboxSupport Any ideas or help? https://t.co/rKUPfxRPrZ,account_access_profile,other_or_needs_context
754294,@XboxSupport I picked up my Xbox elite controller tonight after work to realise the back rubber on the right hand side is starting to peel,other_or_needs_context,console_accessory_display
757358,"@129011 Done that about five times now, no change.",safety_enforcement_security,account_access_profile
758631,@XboxSupport why can’t I get on the live chat? Need assistance with my account / fifa 18,account_access_profile,billing_codes_refunds
761474,@XboxSupport Nope that didn't work...,account_access_profile,account_access_profile
761477,"@XboxSupport Yep, its there for me.",account_access_profile,other_or_needs_context
761479,@XboxSupport @127889 The car I've uninstalled and re installed and still nothing,account_access_profile,game_content_download
763224,@302381 Cant even find it on the store. Xbox,account_access_profile,how_to_product_information
763865,@XboxSupport hi i am having trouble connecting my xbox one to the internet but 360 is connected. Its not my internet,connectivity_xbox_live,connectivity_xbox_live
763870,That's the Xbox One X pre-ordered. Let's do this shit.,other_or_needs_context,how_to_product_information
763894,@302553 @117348 @115786 @15913 Congrats on 250k! A very hard earned gamerscore 👍,other_or_needs_context,safety_enforcement_security
763900,Should i make a new xbox account called Hoax f1sh or keep my old f1shluver6000 name?,safety_enforcement_security,account_access_profile
765866,So past 7 hours been trying to Fix Middle earth Shadow of war installed it then it doesnt work loads the image then POOF home screen on xbox,other_or_needs_context,game_content_download
765865,@XboxSupport thanks I did stay up late and spoke with a Xbox ambassador very helpful in the end uninstall and reinstall worked,account_access_profile,account_access_profile
766520,@303186 @117348 @115786 @15913 THANK YOU SO MUCH!,other_or_needs_context,account_access_profile
767436,"Xbox Live better be working tonight, wanna play a bit of FIFA with my pal",other_or_needs_context,account_access_profile
769376,@302698 its already on there like a million times haha,other_or_needs_context,other_or_needs_context
769792,"@XboxSupport bought the 70s charger on rocket league, doesnt show up in garage but showroom says already owned. Tried redownloading also",billing_codes_refunds,how_to_product_information
769792,"@XboxSupport bought the 70s charger on rocket league, doesnt show up in garage but showroom says already owned. Tried redownloading also",billing_codes_refunds,how_to_product_information
769807,"@XboxSupport my Xbox is set in English, idk why some of my captures were changed to this language, any ideas? https://t.co/OYVf4H6qcD",other_or_needs_context,account_access_profile
770627,@XboxSupport the dpad on my controller keeps pulling to the left can you help me please,account_access_profile,account_access_profile
770635,@129931 MY GTR NISSAN FOR RL IS WORKING PLEASE FIX... XBOX GT IF NEEDED CRIMECOPGAMING,account_access_profile,connectivity_xbox_live
770634,@XboxSupport @304029 I’m having the same issue. And mine says it’s properly installed,account_access_profile,account_access_profile
770637,@XboxSupport I just tried doing that and still no luck,account_access_profile,account_access_profile
770635,@129931 MY GTR NISSAN FOR RL IS WORKING PLEASE FIX... XBOX GT IF NEEDED CRIMECOPGAMING,account_access_profile,connectivity_xbox_live
771145,"Hi @XboxSupport, Im trying to redeem a code to increase my sub, however, I keep getting an error that states it's a problem on ur side",account_access_profile,account_access_profile
771147,@XboxSupport need help with my Xbox one!,account_access_profile,how_to_product_information
771147,@XboxSupport need help with my Xbox one!,account_access_profile,how_to_product_information
772083,"@XboxSupport My internet is working perfectly, nothing changed after the troubleshooting steps so the issue has to be on your end.",connectivity_xbox_live,connectivity_xbox_live
772081,@XboxSupport @304418 I am also having the same problem internet is fine I just can't sign into my xbox one live account,account_access_profile,account_access_profile
772082,@XboxSupport I would if I could. Everything shows up blank but I'm connected to my home network on other devices without an issue.,connectivity_xbox_live,connectivity_xbox_live
772089,@XboxSupport I've never seen this issue but it needs to be resolved immediately.,account_access_profile,billing_codes_refunds
772089,@XboxSupport I've never seen this issue but it needs to be resolved immediately.,account_access_profile,billing_codes_refunds
772096,@XboxSupport What's going on with the service on Xbox One? Haven't been able to sign in for over an hour!,account_access_profile,connectivity_xbox_live
772083,"@XboxSupport My internet is working perfectly, nothing changed after the troubleshooting steps so the issue has to be on your end.",connectivity_xbox_live,connectivity_xbox_live
773946,@XboxSupport @304889 He had it coming,account_access_profile,game_content_download
773945,@XboxSupport @304889 ay si ay si mira estos weyes muy chingones,account_access_profile,console_accessory_display
359624,@XboxSupport Hoonigan cars can be purchased with CR in FH3 but get Marketplace Exclusive error in FH7. All dates in Forzahub for availability have passed,other_or_needs_context,account_access_profile
775873,"@XboxSupport Just upgraded my X1 and I synced my controller and everything but when I try to turn on my console by turning on my controller, nothing happens. I have Power mode Instant-on enabled",account_access_profile,account_access_profile
778312,@XboxSupport I was just playing game of thrones episode 2 when xbox took me to the dashboard asking if I own the game. I do own all episodes,how_to_product_information,game_content_download
335078,@XboxSupport xbox app not being captured on @15542 no problem with other captures or games,how_to_product_information,how_to_product_information
805083,@XboxSupport When I reach the Terms of Service page I select I Agree and it loads forever and doesn't do anything,account_access_profile,connectivity_xbox_live
805083,@XboxSupport When I reach the Terms of Service page I select I Agree and it loads forever and doesn't do anything,account_access_profile,connectivity_xbox_live
806710,@XboxSupport I’m having problems getting dlc 4 for infinite warfare and I have the season pass??,account_access_profile,subscription_game_pass_gold
806713,@XboxSupport Eta on the IW DLC 4 fix?,other_or_needs_context,game_content_download
806768,"@XboxSupport Im HamzaSamhoun,I bought xbox live subscription 14 days but it does not work, you can check it so I ask you to solve this problem",account_access_profile,subscription_game_pass_gold
806768,"@XboxSupport Im HamzaSamhoun,I bought xbox live subscription 14 days but it does not work, you can check it so I ask you to solve this problem",account_access_profile,subscription_game_pass_gold
806719,@XboxSupport  https://t.co/EriHTHrv4Q,other_or_needs_context,other_or_needs_context
806720,@XboxSupport Xbox Smartglass isn't working!!,account_access_profile,other_or_needs_context
806761,"@XboxSupport I bought a gold status, but after a week and a half I can use it only on one account, although I used it for a week on two accounts",subscription_game_pass_gold,subscription_game_pass_gold
806745,@XboxSupport I can't buy anything,account_access_profile,subscription_game_pass_gold
806762,@XboxSupport Speaking from experience..your system and network is shit! Why did i even buy this poor excuse of a console..keep your X..#SHUDHAVEGOTAPS4!,other_or_needs_context,safety_enforcement_security
806725,@XboxSupport I can’t access my auction house on Forza Horizon 3,account_access_profile,how_to_product_information
806725,@XboxSupport I can’t access my auction house on Forza Horizon 3,account_access_profile,how_to_product_information
813477,@XboxSupport I sent you a DM about my Xbox live,other_or_needs_context,billing_codes_refunds
813477,@XboxSupport I sent you a DM about my Xbox live,other_or_needs_context,billing_codes_refunds
815680,@XboxSupport why can't I sign into my profile ye fuckin stupid cunts,account_access_profile,account_access_profile
815680,@XboxSupport why can't I sign into my profile ye fuckin stupid cunts,account_access_profile,account_access_profile
817777,@XboxSupport ??,account_access_profile,account_access_profile
817777,@XboxSupport ??,account_access_profile,account_access_profile
806764,@XboxSupport Does tagging not work? Why an instaban for a gamerpic incorrectly identified as offensive? Not my fault AI doesnt read different fonts well?,safety_enforcement_security,billing_codes_refunds
806764,@XboxSupport Does tagging not work? Why an instaban for a gamerpic incorrectly identified as offensive? Not my fault AI doesnt read different fonts well?,safety_enforcement_security,billing_codes_refunds
820329,@XboxSupport I'm a forza 7 VIP owner,other_or_needs_context,game_content_download
817785,@XboxSupport Y’all should make this an option to where we can change our password on the Xbox it self,account_access_profile,how_to_product_information
820827,@290783 @XboxSupport Real shit it’s like I don’t have one and need a new sent to me ASAP,account_access_profile,billing_codes_refunds
820826,@XboxSupport Nah I want an Xbox pls,other_or_needs_context,account_access_profile
822403,@XboxSupport Obviously but xbox is apart of this problem you for for hem and don’t understand that?,other_or_needs_context,safety_enforcement_security
806741,@XboxSupport Can the dlc4 for infinite warfare please be fixed I have the season pass and it’s still asking me to pay,subscription_game_pass_gold,subscription_game_pass_gold
822903,. @115787 @XboxSupport my Xbox One Day One just pooped. If this is a ploy to get me to really want an Xbox OneX... it is working #XboxOne,other_or_needs_context,how_to_product_information
822902,@XboxSupport For sure -not turning on at all- faint restart sound (sometimes) then nada.  I troubleshoot the power brick but it kept a solid Amber lite,account_access_profile,account_access_profile
824269,"@XboxSupport Hey, I've had 3 dropped calls with your CS. Seriously now, please stop. I've also been talking for 1 hour with no fix",other_or_needs_context,billing_codes_refunds
806736,@XboxSupport I sent you a DM,account_access_profile,billing_codes_refunds
824284,@XboxSupport Where's the chat team,other_or_needs_context,safety_enforcement_security
806736,@XboxSupport I sent you a DM,account_access_profile,billing_codes_refunds
825284,@XboxSupport does the server still has issues or why do i get error with a 360 purchase? neither paypal or debit card work,account_access_profile,billing_codes_refunds
826051,@XboxSupport I'm having an issue where it's saying I need to have Xbox gold to start a party even tho I'm subscribed to gold till next year,subscription_game_pass_gold,subscription_game_pass_gold
826779,@XboxSupport The gamertag Kakashi isn’t coming up when I search it but I can’t change my gamertag to it?,account_access_profile,account_access_profile
806726,@XboxSupport I just want my account to be unbanned I can't send a forum so can I just explain the reason on why I'm banned through the dm,safety_enforcement_security,safety_enforcement_security
829646,@317579  https://t.co/qLCq3RDwIs,account_access_profile,other_or_needs_context
829645,@XboxSupport @317577 Same thing is happening to me to,account_access_profile,account_access_profile
830884,@XboxSupport when can I start playing wwe 2k18 ?,other_or_needs_context,how_to_product_information
831655,@XboxSupport I've done that but nothing happened he just keeps doing it,safety_enforcement_security,account_access_profile
831657,Hello I'm playing on my Xbox 360 and the gamertag RxD Officials keeps hitting me off everytime I get on and I need help @XboxSupport,account_access_profile,account_access_profile
817788,@XboxSupport Hey can you guys hurry and fix the sighn in issue it still isn’t working 100%,account_access_profile,other_or_needs_context
850776,@XboxSupport  https://t.co/EzaiBhCq8A,other_or_needs_context,other_or_needs_context
850781,"@XboxSupport Lately I have had trouble in multiplayer once I get on a game it kicks me out and says ""UI error 60650"".Im on xbox360",account_access_profile,connectivity_xbox_live
850776,@XboxSupport  https://t.co/EzaiBhCq8A,other_or_needs_context,other_or_needs_context
852357,"This new update has killed 2 of my Xbox one consoles. I've tried all fixes....

And I'm getting NO HELP from

@XboxSupport https://t.co/4KmCiReiqU",account_access_profile,account_access_profile
806774,@XboxSupport My Xbox isn’t detecting my network but I’m sure my wifi is working?,connectivity_xbox_live,connectivity_xbox_live
806774,@XboxSupport My Xbox isn’t detecting my network but I’m sure my wifi is working?,connectivity_xbox_live,connectivity_xbox_live
863761,"@XboxSupport Just did all this and still getting the same outcome.
I bought it yesterday but online banking says payment is pending. Could that be why?",account_access_profile,account_access_profile
863760,"@XboxSupport Payment has now gone through, redid all the steps and still not working!",account_access_profile,account_access_profile
863765,"@XboxSupport bought gold, still saying I need gold to play. I’ve tried turning on/off,  signing in/out &amp; restarting game. Help? https://t.co/82jpfRiKja",account_access_profile,account_access_profile
863768,@XboxSupport so I'm trying to find the Rogers Anyplace TV app but can't seem to locate it in the store. I know it exists tho.... https://t.co/IuaOcbvkNN,how_to_product_information,how_to_product_information
865062,@XboxSupport my xbox 360 wont connect to internet,account_access_profile,connectivity_xbox_live
866674,"@XboxSupport Xbox One Achievements Notification's setting's: Default, 15 sec, 30 sec, 1 min, 5 min. Does the default shut off the pop-up?.",other_or_needs_context,account_access_profile
866673,@XboxSupport Well it's not popping up any achievements that I get. It's happening both with Game of Thrones and Tom Clancy's Ghost recon wildlands.,account_access_profile,game_content_download
866673,@XboxSupport Well it's not popping up any achievements that I get. It's happening both with Game of Thrones and Tom Clancy's Ghost recon wildlands.,account_access_profile,game_content_download
866897,@XboxSupport Your useless jobs!!,other_or_needs_context,safety_enforcement_security
868780,@XboxSupport how do I get the update,other_or_needs_context,how_to_product_information
868804,"@XboxSupport why won't it finish updating, it's been stuck there for a hour now???? https://t.co/oHERjNLl8g",other_or_needs_context,game_content_download
868804,"@XboxSupport why won't it finish updating, it's been stuck there for a hour now???? https://t.co/oHERjNLl8g",other_or_needs_context,game_content_download
868834,@XboxSupport about my update problem I kept asking the tech support if my games would delete off my external and he didn’t answer me,other_or_needs_context,game_content_download
869245,@XboxSupport my Xbox One has randomly turned itself on several times today. This has been going on for weeks. What’s the fix?,account_access_profile,connectivity_xbox_live
869244,@XboxSupport I’ve tried both modes. Happens either way. Started itself at least four times yesterday.,account_access_profile,account_access_profile
869248,@XboxSupport Thanks. I’ll give it a try.,account_access_profile,account_access_profile
869244,@XboxSupport I’ve tried both modes. Happens either way. Started itself at least four times yesterday.,account_access_profile,account_access_profile
869245,@XboxSupport my Xbox One has randomly turned itself on several times today. This has been going on for weeks. What’s the fix?,account_access_profile,connectivity_xbox_live
869255,"@XboxSupport Whoever owns the gamertag ""DMF Melodies"" is being paid to hit people offline and DDOS. its happened to me and people i know.",safety_enforcement_security,safety_enforcement_security
870580,@XboxSupport Just got the fall update and the startup chime is back when I turn on my Xbox One even though it's set to off. Any ideas?,account_access_profile,connectivity_xbox_live
870579,"@XboxSupport No dice. Even tried toggling it back on, restarting, toggling off, and restarting again. Seems like the setting broke with this release.",other_or_needs_context,account_access_profile
870582,@XboxSupport Nope. Still hearing the startup sound.,other_or_needs_context,other_or_needs_context
870580,@XboxSupport Just got the fall update and the startup chime is back when I turn on my Xbox One even though it's set to off. Any ideas?,account_access_profile,connectivity_xbox_live
870624,I GOT A QUESTION @XboxSupport,other_or_needs_context,safety_enforcement_security
870623,"@XboxSupport Ok well I got communication banned 2 months ago, I’m just wondering why I’m still communication banned",safety_enforcement_security,safety_enforcement_security
870661,@XboxSupport Cancelled auto renewal for EA Access a couple of days back still you charged me! Order ID: 56__credit_card__ Please refund!,billing_codes_refunds,billing_codes_refunds
881729,@XboxSupport is their any word on project cars 2 patch...it's been out on pc/ps4 for 3 days already this is ridiculous....,other_or_needs_context,connectivity_xbox_live
882979,@38953 Will you launch Xbox servers?,other_or_needs_context,connectivity_xbox_live
882979,@38953 Will you launch Xbox servers?,other_or_needs_context,connectivity_xbox_live
806749,@XboxSupport Here's my tweet from t'other day: https://t.co/m6QZ41hXR2,other_or_needs_context,other_or_needs_context
884564,For @38982  please can you look into why streams are in mono when streaming from the xbox? @xboxsupport,connectivity_xbox_live,how_to_product_information
886794,@XboxSupport my console updated and my games are not showing.i can launch them just not see them any help. https://t.co/VIiqo2ks5D,other_or_needs_context,game_content_download
887539,@XboxSupport No dice. Still coming up Installation Stopped. 😕 Anything up with the marketplace perhaps?,other_or_needs_context,other_or_needs_context
887543,@XboxSupport @115786 Unable to install anything right now. Keeps popping up Installation Stopped. 4.6 TB space left. What gives? 😕 https://t.co/62pDCrFgRv,other_or_needs_context,game_content_download
887548,@XboxSupport  status says it's ok when it's not 3:  you removed the related tab on 360 4: problems  getting messages on 360 ugh,other_or_needs_context,account_access_profile
887546,@XboxSupport  https://t.co/6AJnmpOHjA,other_or_needs_context,other_or_needs_context
888660,@XboxSupport is there a way to remove the horrible interface @115890 just put on @115786 and go back to the one that was functional?,other_or_needs_context,how_to_product_information
889007,"@XboxSupport Just installing WWE 2K18. It stopped on 70% when trying online. Switched to offline and it installed within 30 mins.

Now it says the game needs an update, which has to be done online. It's at 1% after 15 mins. Is there a quicker way?",game_content_download,game_content_download
890045,@135958 @117331 @XboxSupport @115787 @15913 @153293 why are UHD movies not available in the UK Microsoft marketplace?,how_to_product_information,how_to_product_information
891149,@331595 @XboxSupport @39211 @39212 @39213 @331596 DEINE MUM PFEIFT IN DER KREISLIGA WARUM IST DAS SO LUSTIG 😂😂😂😂,billing_codes_refunds,console_accessory_display
891684,@XboxSupport Bjr juste pour savoir si ma manette élite est garantie j'ai un problème un une des gâchettes,account_access_profile,console_accessory_display
892151,"@XboxSupport Cant reinstall a game i wanna play again after the update, cause it always says: installation has stopped. why?",account_access_profile,game_content_download
893863,"@XboxSupport We’ve been waiting for years now. If the controllers can connect wirelessly, so can headphones.... https://t.co/e3KraGuKco",other_or_needs_context,other_or_needs_context
893895,@XboxSupport hiya I can’t message people my Xbox I’m not ban my GT HolyTrashBoat,account_access_profile,account_access_profile
893898,@XboxSupport Worst customer service ever recently made an accidental order of $400 and no refund with my car payment coming up....,billing_codes_refunds,billing_codes_refunds
893897,@XboxSupport Yes they said they couldn't do anything even though I've spent thousands on xbox and have been with you guys since the start,other_or_needs_context,safety_enforcement_security
893900,@140282 @XboxSupport I have a recording of beyond killing admitting he made that purchase and disputed w bank 2 get money back. Fraud,safety_enforcement_security,billing_codes_refunds
893900,@140282 @XboxSupport I have a recording of beyond killing admitting he made that purchase and disputed w bank 2 get money back. Fraud,safety_enforcement_security,billing_codes_refunds
895508,@XboxSupport What happens after,other_or_needs_context,billing_codes_refunds
895512,@XboxSupport So I'm not permanently banned I'm just still suspended I'll deal with us suspension I just do not want to be banned,safety_enforcement_security,safety_enforcement_security
895516,@XboxSupport But why is that a rule in the first place why do they allow people to report me for saying something people can easily take advantage of it,safety_enforcement_security,safety_enforcement_security
895631,"@XboxSupport help pls. Tried to update my controller, but the update failed and now my controller won’t turn on. It’s been like 15 minutes.",account_access_profile,account_access_profile
887543,@XboxSupport @115786 Unable to install anything right now. Keeps popping up Installation Stopped. 4.6 TB space left. What gives? 😕 https://t.co/62pDCrFgRv,other_or_needs_context,game_content_download
898476,@XboxSupport Wow this was a joke but thanks,other_or_needs_context,safety_enforcement_security
898478,I need some help. @115787 @XboxSupport I think my Xbox has a virus. https://t.co/dL3lzJ9jG7,account_access_profile,how_to_product_information
891685,@XboxSupport I got an problems with my pad it's any garanties with you or do I have to see with my provider.,account_access_profile,connectivity_xbox_live
891685,@XboxSupport I got an problems with my pad it's any garanties with you or do I have to see with my provider.,account_access_profile,connectivity_xbox_live
899093,@XboxSupport !!!!!,account_access_profile,account_access_profile
899096,@XboxSupport There isn't even a way to see what the tax is.,billing_codes_refunds,how_to_product_information
899099,@xboxsupport I have a $50 gift card but the game I want is $50+tax. What do I do?,subscription_game_pass_gold,billing_codes_refunds
903420,"@XboxSupport Guys I'm having major issues installing games on my Xbox One, Keep getting Installation stopped, but there's space on drive",account_access_profile,game_content_download
905636,@XboxSupport my Xbox one S can’t update a game. It stops installing after 5 seconds.,account_access_profile,game_content_download
905991,"@161810 I've checked and no, and even if I was suspended it would have been an error. I still can't access online",safety_enforcement_security,safety_enforcement_security
907981,@XboxSupport I can’t sign into my account because after I got that update yesterday my key board won’t pop up,account_access_profile,account_access_profile
907994,@115786 I would love to play my games by my Xbox one has the E100 error after the most recent update..,other_or_needs_context,game_content_download
911316,@XboxSupport @129773 why doesn't the app load on Xbox one ?,account_access_profile,how_to_product_information
911316,@XboxSupport @129773 why doesn't the app load on Xbox one ?,account_access_profile,how_to_product_information
913295,This is uncalled for and it is very offensive @XboxSupport. @125965 this is what I get all the time but this is the most disgusting thing I have ever heard. https://t.co/X0lqa2IH8C,safety_enforcement_security,safety_enforcement_security
913294,@XboxSupport @336898 What a dick,account_access_profile,safety_enforcement_security
913303,"@XboxSupport sort Microsoft edge out! Everyone's complaining that you can't watch a video without it shutting down, why's there no fix yet?",other_or_needs_context,how_to_product_information
915985,@XboxSupport can you guys help out my friend @39973 ???,other_or_needs_context,safety_enforcement_security
919931,@XboxSupport @152814 My Minecraft Xbox One DLC’s did not transfer over to the bedrock edition?,account_access_profile,how_to_product_information
923996,"@XboxSupport A payment method online it says it can't sign in, or it just takes me to Xbox home, instead of my account.",account_access_profile,account_access_profile
929886,@XboxSupport that is why i can enter,account_access_profile,safety_enforcement_security
929893,@XboxSupport is not that why i want your help to change my region back to us,other_or_needs_context,how_to_product_information
929897,@XboxSupport i need to download my games and add on of rage of xbox 360,account_access_profile,game_content_download
929886,@XboxSupport that is why i can enter,account_access_profile,safety_enforcement_security
934649,"@XboxSupport sign-in is working now for me. Party chat is still broke. 🤷🏼‍♀️
Thanks for the partial fix so far! 😊",account_access_profile,connectivity_xbox_live
935795,@XboxSupport my Xbox one won't connect to online and it says its on your side pls help my gt isHipDONOVAN123 plz help,account_access_profile,connectivity_xbox_live
935794,@XboxSupport Thx,account_access_profile,how_to_product_information
936350,@202342 Thanks I tried that and the orange light won’t turn off it’s dead,account_access_profile,account_access_profile
936919,"@XboxSupport @204967  is there an ETA when we can buy F13 1-8 for $13?  Been trying all day, its bugged. Called support n told to wait.",other_or_needs_context,billing_codes_refunds
936918,"@XboxSupport Ok, so I click get now n its still messes up. Won't let me put my password in. I'm signed in n logged in but keeps asking for it. Help?",account_access_profile,account_access_profile
937889,@XboxSupport do it take a lot of space on your hard drive to download a movie,game_content_download,how_to_product_information
938633,@XboxSupport um this got released early.. I thought it doesn’t come out till the 19th of October? https://t.co/TYWJP9r7eN,other_or_needs_context,subscription_game_pass_gold
938711,@15913 are you alright? WHERE'S MY THIS WEEK ON XBOX? It's not the weekend without it!,other_or_needs_context,how_to_product_information
938777,@XboxSupport - my recent players function on my LIVE is not working. I play MP every day and my recent players are listed from 1 week ago. Is this a known issue or something I can fix?,account_access_profile,connectivity_xbox_live
940991,Since the new update my xbox has been pulling lower FPS and has just been slow in general? @115787 @XboxSupport,other_or_needs_context,connectivity_xbox_live
940991,Since the new update my xbox has been pulling lower FPS and has just been slow in general? @115787 @XboxSupport,other_or_needs_context,connectivity_xbox_live
941547,@116781 I don’t have WiFi at all. I don’t have a router I don’t have satellite or anything. So idk I’m just as surprised as u are,connectivity_xbox_live,connectivity_xbox_live
941914,"@XboxSupport since the new update it's been bugged with wired internet, I have to unplug and replug it in every time to log on",account_access_profile,connectivity_xbox_live
941913,@XboxSupport It says the same thing even when I unplug the internet cord from the xbox so it didn’t even have internet,connectivity_xbox_live,connectivity_xbox_live
941917,@XboxSupport Down-162.14mps Up-45.40 pocket loss 0% latency- 38ms mtu-1480,connectivity_xbox_live,connectivity_xbox_live
941920,@XboxSupport It still says in the top left for me to sign in,account_access_profile,account_access_profile
941924,"@XboxSupport My modem, this is very irritating because I don’t want to run on wireless internet because it’s not as reliable and wired",connectivity_xbox_live,connectivity_xbox_live
941924,"@XboxSupport My modem, this is very irritating because I don’t want to run on wireless internet because it’s not as reliable and wired",connectivity_xbox_live,connectivity_xbox_live
941917,@XboxSupport Down-162.14mps Up-45.40 pocket loss 0% latency- 38ms mtu-1480,connectivity_xbox_live,connectivity_xbox_live
941913,@XboxSupport It says the same thing even when I unplug the internet cord from the xbox so it didn’t even have internet,connectivity_xbox_live,connectivity_xbox_live
941914,"@XboxSupport since the new update it's been bugged with wired internet, I have to unplug and replug it in every time to log on",account_access_profile,connectivity_xbox_live
943104,@XboxSupport I can't play battlefield 1? I have gold and i cancelled EA pass and has been expired for awhile. Didn't get this crap before the update so why is it happening now :| https://t.co/C8kcsdjJRT,subscription_game_pass_gold,subscription_game_pass_gold
943104,@XboxSupport I can't play battlefield 1? I have gold and i cancelled EA pass and has been expired for awhile. Didn't get this crap before the update so why is it happening now :| https://t.co/C8kcsdjJRT,subscription_game_pass_gold,subscription_game_pass_gold
946027,@115786 @XboxSupport happend twice on a high round zombies game*,account_access_profile,billing_codes_refunds
946027,@115786 @XboxSupport happend twice on a high round zombies game*,account_access_profile,billing_codes_refunds
946034,@XboxSupport i mean even if you have the update screen in your screen that you can select remind me later or install later not that you are forced to,other_or_needs_context,how_to_product_information
946040,@XboxSupport Please help,account_access_profile,account_access_profile
950481,@345445 Aye pal you’ve 96 followers and your supposedly from Xbox? Get to fuck,other_or_needs_context,safety_enforcement_security
950826,@XboxSupport if my xbox live ends on the 14th would it be cut off at midnight tonight or cut off at midnight tomorrow going into the 15th?,other_or_needs_context,subscription_game_pass_gold
817793,@XboxSupport Fix the servers,account_access_profile,connectivity_xbox_live
955520,@XboxSupport when i try to sign into my xbox live account it dosent work. please fix it,account_access_profile,account_access_profile
956028,@XboxSupport How much does it cost (UK) to replace an out of warranty Xbox 360 ?,console_accessory_display,console_accessory_display
956862,@115786 Stop changing the Xbox One dashboard man wtf is this shit,safety_enforcement_security,connectivity_xbox_live
956864,Bought fm7 i tried to install it placed disc in and nothing but all my other games dvds cds blu rays work no error codes @XboxSupport :(,game_content_download,game_content_download
956880,@XboxSupport I purchased Doom months ago digitally. Now I’m being shown that I have to repurchase the game. https://t.co/y7kXRSSveV,subscription_game_pass_gold,billing_codes_refunds
957619,@XboxSupport help! I can't sign in to Xbox live and I'm dying to see the end of this @180562 episode ASAP!,account_access_profile,account_access_profile
957660,@XboxSupport How I can't upload a Xbox One screenshot to Xbox live,account_access_profile,how_to_product_information
958012,@XboxSupport My Xbox was working fine last night and I woke up to this error message. The Internet is fine on my phone. What can I do? https://t.co/lY4IPLmz8C,account_access_profile,connectivity_xbox_live
958422,@XboxSupport so when is the next gamertag reset coming and what type of gamertags will be released?,account_access_profile,account_access_profile
955521,@346708 @XboxSupport The same thing is happening to you too see Xbox is too much they can't just go in and fix they need all this info 🤦🏻‍♂️,account_access_profile,account_access_profile
960922,"@213651 no they save, it’s just they don’t upload to live",billing_codes_refunds,how_to_product_information
960920,@XboxSupport i don’t have a pc,account_access_profile,how_to_product_information
960924,@XboxSupport my only problem is they don’t upload to xbox live,account_access_profile,connectivity_xbox_live
960926,@XboxSupport it seems to only happen in nba 2k18 but it works in ever other game,account_access_profile,how_to_product_information
960928,@XboxSupport  https://t.co/ThsKEtFsCt,other_or_needs_context,other_or_needs_context
962575,"Mein Netzteil leuchtet die ganze zeit Orange egal was ich tue seit schon 3 Monaten passiert immer das gleiche #help @XboxSupport 
@115786",account_access_profile,connectivity_xbox_live
962575,"Mein Netzteil leuchtet die ganze zeit Orange egal was ich tue seit schon 3 Monaten passiert immer das gleiche #help @XboxSupport 
@115786",account_access_profile,connectivity_xbox_live
963498,@XboxSupport ever since the new dashboard update it keeps signing me out but keeps me signed it,account_access_profile,connectivity_xbox_live
964682,"@XboxSupport is xbox live down or something?
i keep getting this while signing in https://t.co/4xhtPcTPIK",account_access_profile,connectivity_xbox_live
966610,@XboxSupport Nvm. Found the issue,account_access_profile,other_or_needs_context
966871,@XboxSupport both of my controllers wouldn't connect to my xbox for some reaseon. Note Ive had this xbox for about a year now.,account_access_profile,connectivity_xbox_live
967076,@XboxSupport I'm also trying to purchase 3 months of xbox live but it's giving me an error. I don't want to be charged double for this also...,billing_codes_refunds,billing_codes_refunds
967515,@XboxSupport Got a question regarding Xbox Groove and Forza Horizon 3. Will Spotify replace Groove in-game? #ForzaHorizon3,other_or_needs_context,game_content_download
975596,"@XboxSupport my Xbox one ejects discs randomly on its own and even goes off and comes on by itself, how can this be remedied?",other_or_needs_context,account_access_profile
975596,"@XboxSupport my Xbox one ejects discs randomly on its own and even goes off and comes on by itself, how can this be remedied?",other_or_needs_context,account_access_profile
977011,Why cant i take my friends home xbox? He has 1 change left. @XboxSupport,account_access_profile,account_access_profile
985004,fuck you groove and spotify both you refuse to sign me in or move my stuff really @17455 is a joke,account_access_profile,safety_enforcement_security
994782,@XboxSupport have only tried digital games since the problem began,account_access_profile,game_content_download
1000569,@XboxSupport literally the only game I play has corrupted. What the hell,other_or_needs_context,game_content_download
1003194,@XboxSupport new update ruined my Xbox no app won't lunch tells me to re download my apps,account_access_profile,game_content_download
1004014,@XboxSupport need help everytime I'm in my party chat I can not scroll down it just keeps going back up and won't go down I can't leave,account_access_profile,connectivity_xbox_live
1004013,@XboxSupport Nvm my Xbox was glitching I fixed it I just needed a Xbox update,account_access_profile,other_or_needs_context
1005460,@XboxSupport الله يلعنكم في كل ساعة و كل يوم,other_or_needs_context,account_access_profile
1005460,@XboxSupport الله يلعنكم في كل ساعة و كل يوم,other_or_needs_context,account_access_profile
1006575,"@XboxSupport I found the solution, sorry for the inconvenience :)",account_access_profile,other_or_needs_context
1006577,@XboxSupport on fait comment une capture d'écran et un enregistrement sur la nouvelle mise à jour ? Elle est nul...,how_to_product_information,console_accessory_display
1008813,@XboxSupport you make me hate playing games online u cunt’s,other_or_needs_context,safety_enforcement_security
1009609,https://t.co/DoUoBZ1qnQ via @xboxsupport,other_or_needs_context,other_or_needs_context
1009613,@XboxSupport Also to add I’ve seen it on other people’s profiles,account_access_profile,account_access_profile
1010289,@XboxSupport je n’ai jamais pu jouer sur les cartes des packs achetés pour #BlackOps3 elles ne st jamais proposees.,how_to_product_information,console_accessory_display
1012616,@XboxSupport Is there any way to clean up all the people in a club without losing the list of blocked? thx,safety_enforcement_security,how_to_product_information
1015194,@XboxSupport seriously what is going on with your stuff? Most apps/games take to long to loads and my external hard drives stops working and then starts again randomly! The Xbox one is such a terrible system to play on!,account_access_profile,game_content_download
1017052,@XboxSupport some reason when I try to redeem a either a $25 dollar code or a $50 dollar plz help fix plz,account_access_profile,billing_codes_refunds
1017405,"@116655 @XboxSupport
Very sick of being harassed via messages by toxic people for ""throwing"" 
Then getting banned for responding to them",safety_enforcement_security,safety_enforcement_security
1018492,"pls quit changing the Xbox home layout, each update gets worse and worse @115786 @XboxSupport",account_access_profile,account_access_profile
806753,"@XboxSupport Been 4 days since I last logged in, not good enough",account_access_profile,connectivity_xbox_live
1018699,"@XboxSupport 
I usually can not sign in on xbox one for a few days. Though network is online. automatic software updating can work.",account_access_profile,account_access_profile
1019043,@XboxSupport any reason why my Fifa 18 keeps restarting. It’s downloaded by the way is something wrong?,account_access_profile,game_content_download
1019756,@XboxSupport jdgghost and I did find it in the purchase history.,billing_codes_refunds,billing_codes_refunds
1020182,@XboxSupport What is the deal XBL? I keep getting signed out by your service. GIVE AN ACTUAL UPDATE.,other_or_needs_context,connectivity_xbox_live
163159,@153721 @XboxSupport same,account_access_profile,account_access_profile
1020592,@XboxSupport @361507 @XboxSupport how much longer?,other_or_needs_context,safety_enforcement_security
1020593,@XboxSupport @361507 @XboxSupport how long till a resolution is made,other_or_needs_context,billing_codes_refunds
1022974,@202236 Do u know what UI error means,account_access_profile,safety_enforcement_security
1022972,@XboxSupport My Xbox 360 network status,connectivity_xbox_live,connectivity_xbox_live
1023411,@127889 @XboxSupport I bought the skyline but it won't show up in my inventory! I have already restarted game and Xbox a few times! https://t.co/sBUohA8d4C,account_access_profile,game_content_download
1025171,"@XboxSupport my elite controller won't power up,can you help please?",account_access_profile,account_access_profile
1026811,@XboxSupport i am trying to buy the friday the 13th 8 movie collection. But i always get the please try again. You have not been charched,billing_codes_refunds,billing_codes_refunds
1026811,@XboxSupport i am trying to buy the friday the 13th 8 movie collection. But i always get the please try again. You have not been charched,billing_codes_refunds,billing_codes_refunds
1030361,@XboxSupport Yes I do. The humming stopped around the time you sent your tweet. It only happens when you first plug it in.,other_or_needs_context,account_access_profile
1030363,"@XboxSupport send help, Xbox 1 Power Supply is making weird noises, it's working but is rumbling.",other_or_needs_context,account_access_profile
1032021,"@XboxSupport I bought a new controller for my brother's birthday and it came scratched, as well as the control sticks being hard to move.",console_accessory_display,how_to_product_information
806718,@XboxSupport I keep getting disconnected from live for no reason but can reconnect instantly it’s only started in last few days,account_access_profile,connectivity_xbox_live
1035241,"@223059 That worked! Thank you so much, it was getting quite frustrating ☺️",account_access_profile,account_access_profile
1035703,@XboxSupport my controller keeps disconnecting when I play is there an update for it or is it because I’ve had it since I bought it,other_or_needs_context,connectivity_xbox_live
1036843,@XboxSupport Remaped,account_access_profile,account_access_profile
1036843,@XboxSupport Remaped,account_access_profile,account_access_profile
1038394,@116543 hey what's the new Xbox one update about i just got,other_or_needs_context,how_to_product_information
1056934,@XboxSupport  @115786 please explain to me wtf this is about? I’ve checked the website I’ve checked my emails and nothing. https://t.co/AiKcSZsJdy,other_or_needs_context,safety_enforcement_security
1058457,"@202236 @XboxSupport https://t.co/czrSGaurGV for more information, please check this. Is there any solution for this?",account_access_profile,other_or_needs_context
1061269,"@116549 after 6 days, you guys determined indeed my account was hacked, why is it going to take another 3 days to give it back to me?",safety_enforcement_security,safety_enforcement_security
1061269,"@116549 after 6 days, you guys determined indeed my account was hacked, why is it going to take another 3 days to give it back to me?",safety_enforcement_security,safety_enforcement_security
1061271,@XboxSupport Is this how @AskPlayStation handles things or is it just an @115786 thing?,other_or_needs_context,safety_enforcement_security
1061271,@XboxSupport Is this how @AskPlayStation handles things or is it just an @115786 thing?,other_or_needs_context,safety_enforcement_security
1061277,"@XboxSupport 2xbox ones in the house, 8 year running gold member, have bought all of my games through the live store=no extra effort from Microsoft",subscription_game_pass_gold,subscription_game_pass_gold
1061279,"@XboxSupport Way past that, was told earlier today that account was confirmed hacked, was then told wait 24-72 more hours",account_access_profile,safety_enforcement_security
1061279,"@XboxSupport Way past that, was told earlier today that account was confirmed hacked, was then told wait 24-72 more hours",account_access_profile,safety_enforcement_security
1064557,@XboxSupport i have xbox 360 controllers on my pc but they keep not working after 5 minutes how can i fix this?,account_access_profile,connectivity_xbox_live
770635,@129931 MY GTR NISSAN FOR RL IS WORKING PLEASE FIX... XBOX GT IF NEEDED CRIMECOPGAMING,account_access_profile,connectivity_xbox_live
1070578,@XboxSupport @115786 if yo don't release the old update for Xbox I'm gonna buy a PS4 the new update is vile,other_or_needs_context,game_content_download
1070592,@XboxSupport @XboxSupport Well I see the sale is off now ☹️ https://t.co/ExA9XxCO00,account_access_profile,other_or_needs_context
1070592,@XboxSupport @XboxSupport Well I see the sale is off now ☹️ https://t.co/ExA9XxCO00,account_access_profile,other_or_needs_context
1072156,@XboxSupport why is I.T so hard to get in contact with support on the website,other_or_needs_context,how_to_product_information
1072645,@XboxSupport I think party chat might be having issues,account_access_profile,connectivity_xbox_live
1073863,@XboxSupport Plz help,account_access_profile,billing_codes_refunds
1075894,Currently on hold to @XboxSupport the incessant Minecraft music must be to encourage people to hang up,other_or_needs_context,other_or_needs_context
1075901,"@115786 @115787 @XboxSupport 2 months since I bought #XboxOneS, haven’t been able to use #Kinect cuz all my 360 games are not compatible...smh",other_or_needs_context,game_content_download
1079865,"Hey @XboxSupport can I please get a refund? I rented a movie through your TV/Movies app, and it says it can’t play. Thanks! https://t.co/o6D0dNllki",billing_codes_refunds,billing_codes_refunds
1081267,@115786 @XboxSupport I can't even open the store to redownload it,account_access_profile,how_to_product_information
1081918,@115786 @XboxSupport The games campaign?,other_or_needs_context,game_content_download
1081917,@XboxSupport I did but I fixed it;for some reason my controller was on and connected even though my Xbox was off and it turned itself on and reset a game,account_access_profile,account_access_profile
1082265,"@XboxSupport Yesterday I redeem a Xbox Live Gold code, the subscription expires on January 14, 2018, but I can't play online, what can i do?",account_access_profile,subscription_game_pass_gold
1083403,@XboxSupport my controllers X button isn’t working. How can I fix this??,account_access_profile,how_to_product_information
1083406,@XboxSupport only the games i have had for a while work ?i need help pls since i want to buy games but i wouldnt be able to play them,game_content_download,subscription_game_pass_gold
817799,@XboxSupport I can't sign in my account in Xbox one can you help me !,account_access_profile,account_access_profile
1089299,@204039 Nice catch. Thanks!,other_or_needs_context,other_or_needs_context
1090319,"@XboxSupport Button to ""Join Now"" &amp; renew the Xbox Live sub is not working. In My Acct., I clicked Renew &amp; the  Join Now button didn't work.",account_access_profile,account_access_profile
1090318,@XboxSupport This happened on the web. Tried on an iPhone and a desktop Chrome browser.,account_access_profile,account_access_profile
1093803,@XboxSupport I went to redeem a $25 Xbox card. I did and the $25 isn't in my account. But it says redeemed. Any way to help?,billing_codes_refunds,billing_codes_refunds
1093802,"@XboxSupport Maybe 15 min after I put the code in, it corrected itself now it is redeemed. Might of been a glitch. But worked. Thanks",account_access_profile,account_access_profile
1093805,@378150 @XboxSupport Having the exact same problem,account_access_profile,account_access_profile
1096944,@XboxSupport Hey my Xbox controller’s left bumper isn’t working on gta I have to press it down hard to get my weapon wheel up,account_access_profile,account_access_profile
1097181,@XboxSupport is there a way I can delete the latest update or change back to the old menu configuration,account_access_profile,how_to_product_information
1100248,@379600 @XboxSupport getting the same problem man https://t.co/Rph4rRuXtm,account_access_profile,account_access_profile
1100249,@XboxSupport why can't I sign in? https://t.co/jsoBGLR2MG,account_access_profile,account_access_profile
1101572,@XboxSupport PLEASE CAN YOU HELP ME !!!!!!!!!!,account_access_profile,account_access_profile
1103258,@XboxSupport Cant sign in to my account and wont sync. Says im on xbox live but cant retrieve anything or play.,account_access_profile,account_access_profile
1103258,@XboxSupport Cant sign in to my account and wont sync. Says im on xbox live but cant retrieve anything or play.,account_access_profile,account_access_profile
1105146,"Love coming home too all the clothes tipped out, draws out, willows heat lamp broken and Xbox controller broken",console_accessory_display,console_accessory_display
1106044,@381018 @381019 @115788 @115786 And could you add Spider-Man 2 as well! https://t.co/1HV9C9nOug,billing_codes_refunds,safety_enforcement_security
1106993,s/o whoever fucked up my xbox live account,account_access_profile,account_access_profile
1107673,@XboxSupport can’t join friends games. And you’re server status page is down.,account_access_profile,connectivity_xbox_live
1108753,"@152374 I have a ban because a salty kid on overwatch reported me for trying, any help.",safety_enforcement_security,safety_enforcement_security
1109847,@XboxSupport can you please help me I have Forza Horizon 3 and I have a game save and when I load it I have to restart and idk how to fix it,account_access_profile,game_content_download
1111111,"@382243 @XboxSupport @311271 This is the promo I am talking about, please, can anybody help? https://t.co/wzisRzQixn",account_access_profile,safety_enforcement_security
1112372,@XboxSupport will dead to rights all copys of game work even platinum hits of it for bc on xbox one,other_or_needs_context,game_content_download
1112371,@XboxSupport well when i put my disc in it just makes noise and spins or something,other_or_needs_context,game_content_download
1112979,"@XboxSupport Is the tv show shortcuts in pins feature gone? After updating to the fall update, they're gone and they won't add back in. TV show shortcuts like to a specific show on HBO or CW...",billing_codes_refunds,how_to_product_information
1113382,@XboxSupport  is the Full Set achievement in Madden 18 not working? Did all 32 teams but didn't get achievement,account_access_profile,account_access_profile
1022977,@202236 I forgot my Microsoft password,account_access_profile,account_access_profile
1125253,"@XboxSupport My Xbox One keeps making a clicking sound when I play Fallout 4, any reason why?",account_access_profile,game_content_download
1125256,@XboxSupport XBOS-30100f59feae-02cc-41f3-a135-daacf6a1e667 this is the error code I get when trying to redeem an Xbox Live Gold prepaid code. Why does redeeming Gold codes always have flaws? I've never spoken to someone who's had a flawless experience with them,subscription_game_pass_gold,subscription_game_pass_gold
1125255,"@XboxSupport Great, it doesn't recognize my error code. XBOS-3010 1c2e4ac3-0bca-48c2-913e-75b65d3e0ad7 please have a look at it yourself stop redirecting me to 'everywhere' cause I've tried 'everywhere' and 'everywhere' doesn't work.",other_or_needs_context,account_access_profile
1125261,@117331 @115786 @XboxSupport answer me!!!,other_or_needs_context,safety_enforcement_security
1125261,@117331 @115786 @XboxSupport answer me!!!,other_or_needs_context,safety_enforcement_security
1132958,@XboxSupport the fact I need to resync my controller every time after I shut my console down is very annoying.,other_or_needs_context,connectivity_xbox_live
1135436,@XboxSupport I need help,account_access_profile,how_to_product_information
1135436,@XboxSupport I need help,account_access_profile,how_to_product_information
1138439,@XboxSupport I can send invites but am not receiving any from friends?,account_access_profile,account_access_profile
1140101,So uhhh hey @XboxSupport and @115890 so that recent xbox update........what happened? Their are some issues that make the controls poop.,other_or_needs_context,other_or_needs_context
1140101,So uhhh hey @XboxSupport and @115890 so that recent xbox update........what happened? Their are some issues that make the controls poop.,other_or_needs_context,other_or_needs_context
1141430,"@XboxSupport Time. I have now got the money available, will I have to do anything or will the process go as usual now? (2)",billing_codes_refunds,subscription_game_pass_gold
1141430,"@XboxSupport Time. I have now got the money available, will I have to do anything or will the process go as usual now? (2)",billing_codes_refunds,subscription_game_pass_gold
1142496,"Hey @XboxSupport, when the console needs to download &amp; install an update, can it not do it during an @125965 comp match please? Ta",other_or_needs_context,game_content_download
1142522,@XboxSupport My Xbox One is doing something strange and I need assistance,account_access_profile,account_access_profile
1143780,@9914 @115790 @XboxSupport @117331 @4846 @48024 any ideas on how to fix FIFA please?,account_access_profile,account_access_profile
1143787,@204967 @XboxSupport @115786  still waiting for what I purchased from Madden 18 to show up.,billing_codes_refunds,game_content_download
1143791,"@389201 I cant play fortnite on xbox, that shit wont update :(",account_access_profile,connectivity_xbox_live
1143808,@XboxSupport what with the need to keep signing into NFL game pass every other day? Never used to do this crap,subscription_game_pass_gold,subscription_game_pass_gold
1143807,@XboxSupport Well none of the games have started yet some come 6pm it’ll either be happy camper or meltdown 😏,other_or_needs_context,game_content_download
1143810,@XboxSupport It’s running so 👍 cheers,other_or_needs_context,account_access_profile
1143826,@XboxSupport trying to contact anyone from xbox to help with regards to my son's x box one controller not working but website not working,account_access_profile,account_access_profile
1143826,@XboxSupport trying to contact anyone from xbox to help with regards to my son's x box one controller not working but website not working,account_access_profile,account_access_profile
1147303,@XboxSupport do you know if anything is being done for the frame skips on park and pro-am it’s kinda pointless to have a game and cant play,other_or_needs_context,billing_codes_refunds
1151417,@XboxSupport why am I get paired up with a guy I blocked/reported on Xbox live?,other_or_needs_context,safety_enforcement_security
1151417,@XboxSupport why am I get paired up with a guy I blocked/reported on Xbox live?,other_or_needs_context,safety_enforcement_security
1154236,@XboxSupport my Xbox One S killed my turtle beach headset transmitter. Thought it was coincidence so i replaced it. Killed that one to. WTH?,other_or_needs_context,how_to_product_information
1154236,@XboxSupport my Xbox One S killed my turtle beach headset transmitter. Thought it was coincidence so i replaced it. Killed that one to. WTH?,other_or_needs_context,how_to_product_information
1154543,Nice is @XboxSupport  going home if i have a Problem and don't answer me. Maybe it was a mistake to buy a Xbox and not a ps4,other_or_needs_context,billing_codes_refunds
1154541,@XboxSupport I can't login in my account and the german support closed at 18pm ?! I can't play any games. Only Netflix is working...,account_access_profile,account_access_profile
1154542,@XboxSupport i try so many things..Error number 0x87DD0017 But maybe i give xbox back after 4 errors new xbox and get a ps4 with no problems,account_access_profile,connectivity_xbox_live
1154579,@391619 @115786 The deal is that xbox is fucking stupid and cant do anything right,other_or_needs_context,other_or_needs_context
1154589,"@XboxSupport Went downstairs and checked it again and it's good. thanks. Apparently I was just too anxious, Thanks guys",other_or_needs_context,game_content_download
1154593,Can't find my @132021 #KnightsoftheOldRepublic download for #OGXbox #backcompat. Must call @XboxSupport,other_or_needs_context,game_content_download
1156125,@XboxSupport My installation problem of HALO WARS 2 is solved now.That was HDD location problem whether internal or exterior...,account_access_profile,game_content_download
1158593,@115786 @XboxSupport Reputation needs what😂😂? https://t.co/dOHiq0g0Bl,account_access_profile,safety_enforcement_security
1158598,@116543 @115787 @115786 People wants this 👀 make it happen please! https://t.co/eIrgViuMYW,other_or_needs_context,other_or_needs_context
1158598,@116543 @115787 @115786 People wants this 👀 make it happen please! https://t.co/eIrgViuMYW,other_or_needs_context,other_or_needs_context
1166148,"hi, just downloaded the newest xbox one Update and now my account can‘t connect to xbox live and logs itself out all the time @XboxSupport",account_access_profile,account_access_profile
1166155,"@XboxSupport German Xbox servers are down! Can't log in!!! DO SOMETHING, MANY REPORT IT!!!",account_access_profile,connectivity_xbox_live
1166155,"@XboxSupport German Xbox servers are down! Can't log in!!! DO SOMETHING, MANY REPORT IT!!!",account_access_profile,connectivity_xbox_live
1166997,@115788 Can you fix the xbox live problems in germany ? In germany cant log in.,account_access_profile,connectivity_xbox_live
1166996,@XboxSupport I often try this. No effect. In germany has a Lot of paketloss to xbox live Server!,connectivity_xbox_live,connectivity_xbox_live
1166999,"@XboxSupport Yes, i can login. But paketlost is high. No Party and games are lagging with guide",account_access_profile,connectivity_xbox_live
1167000,@XboxSupport @393211 I can sign in now but Not Play online since packet loss is way2high. And i got signed out while writing this. #InAndOut #Repeat,account_access_profile,connectivity_xbox_live
1167003,@XboxSupport Glad to hear. Hope you guys can fix it soon. Can Play online with problems of connection loss. Package loss 20-45%. Kudos,connectivity_xbox_live,connectivity_xbox_live
1167003,@XboxSupport Glad to hear. Hope you guys can fix it soon. Can Play online with problems of connection loss. Package loss 20-45%. Kudos,connectivity_xbox_live,connectivity_xbox_live
1168181,@394770 @XboxSupport Warte hier auch schon. 😏,account_access_profile,console_accessory_display
1169136,@XboxSupport cant sign in to my account,account_access_profile,account_access_profile
1169136,@XboxSupport cant sign in to my account,account_access_profile,account_access_profile
1170637,@213651 Germany*,account_access_profile,game_content_download
1170644,@XboxSupport no puedo abrir mi perfil q necesito hacer? https://t.co/2saZdFiExp,console_accessory_display,console_accessory_display
1171190,"@XboxSupport My NAT type is scrict, anyway i can change this as it is very annoying.",other_or_needs_context,connectivity_xbox_live
1172444,"@395774 @XboxSupport Bin ich ja froh, dass ich nicht der einzige bin😉",billing_codes_refunds,how_to_product_information
1172450,"@395773 @XboxSupport Puh, ich dachte schon die Xbox muss zur Reperatur....",billing_codes_refunds,connectivity_xbox_live
1154584,@115786 Online store on ONE and https://t.co/RVFEHGrBmV says KOTOR is unavailable....why do you do this to me? I'm very loyal. @XboxSupport,other_or_needs_context,how_to_product_information
1173421,@XboxSupport @395995 I don’t have a 360 anymore https://t.co/DRvpNCgOf8,account_access_profile,how_to_product_information
1173426,"@XboxSupport @395996 It still isn't showing up in the ready to install list, been waiting all day. How could you screw up the only good game out of all 13??",game_content_download,game_content_download
1154584,@115786 Online store on ONE and https://t.co/RVFEHGrBmV says KOTOR is unavailable....why do you do this to me? I'm very loyal. @XboxSupport,other_or_needs_context,how_to_product_information
1143780,@9914 @115790 @XboxSupport @117331 @4846 @48024 any ideas on how to fix FIFA please?,account_access_profile,account_access_profile
1147303,@XboxSupport do you know if anything is being done for the frame skips on park and pro-am it’s kinda pointless to have a game and cant play,other_or_needs_context,billing_codes_refunds
1175114,@XboxSupport gamertag: CrisCantor please help me,account_access_profile,account_access_profile
1175731,"@XboxSupport  after playing the battlefront 2 beta, I'd rather play the game on PC.  Can I cancel my pre order and get a refund?",billing_codes_refunds,billing_codes_refunds
1177424,@XboxSupport Thank you,account_access_profile,account_access_profile
1177426,@XboxSupport will COD:WW2 be in 4k/UHD? :(,game_content_download,how_to_product_information
1183300,@XboxSupport @ATVIAssist @116698 For Xbox of course 👌👍,account_access_profile,billing_codes_refunds
1183576,@XboxSupport why is my download speed jumping all over the place but on pc it’s steady:(,other_or_needs_context,connectivity_xbox_live
1162518,@ATVIAssist @XboxSupport How about let me out of this never ending loading screen https://t.co/VruPqgn14J,account_access_profile,connectivity_xbox_live
1183706,@XboxSupport Yea that didn't work. Only way out of it is if I get a game invite from a friend,account_access_profile,billing_codes_refunds
1183711,@XboxSupport I'm struggling on a question for Xbox One X. Can I not just sign in to the new console and download my games/saves?,account_access_profile,how_to_product_information
1183711,@XboxSupport I'm struggling on a question for Xbox One X. Can I not just sign in to the new console and download my games/saves?,account_access_profile,how_to_product_information
1186135,@XboxSupport I can’t play it still says something is wrong and doesn’t even load the Xbox home screen it just goes from Xbox one to black,account_access_profile,account_access_profile
1177426,@XboxSupport will COD:WW2 be in 4k/UHD? :(,game_content_download,how_to_product_information
1190482,@XboxSupport Whats wrong with the nfl app? Every time when i change the game i must sign in again,account_access_profile,account_access_profile
1190482,@XboxSupport Whats wrong with the nfl app? Every time when i change the game i must sign in again,account_access_profile,account_access_profile
1193603,@XboxSupport I bought star wars knights of the old Republic for backwards compatible but it has not appeared in my downloads or store,game_content_download,game_content_download
1193602,"@XboxSupport @400486 I’m having the exact same problem, please help!",account_access_profile,account_access_profile
1193612,@XboxSupport is Xbox Live down I can't access the store,account_access_profile,how_to_product_information
1193611,@XboxSupport It's good now I though I was connected to the internet I still wasn't connected to LIVE so I reconnected to my internet &amp; it fixed it for me,account_access_profile,connectivity_xbox_live
1194259,@XboxSupport now I’m getting error code 0x80a40019 and it won’t even let me sign in my account,account_access_profile,account_access_profile
1194260,@XboxSupport Gives me this every single time but my internet is working perfectly https://t.co/XCKlBN5F7I,account_access_profile,connectivity_xbox_live
1194262,"@XboxSupport I don’t get an error message when I try to connect to the internet, my internet works. It’s when I sign into my profile",account_access_profile,connectivity_xbox_live
1195313,"Hey @XboxSupport . Why does this happen on my PC Xbox One app? It's only Middle-earth, no matter the player. None of us are on a JPN server. https://t.co/QYspZTppu3",other_or_needs_context,connectivity_xbox_live
1195576,@XboxSupport Thanks for the reply! Will I lose anything by doing this?,other_or_needs_context,safety_enforcement_security
1195575,"@XboxSupport Hi, reinstalled and that hasn’t worked at all. Any other suggestions please?",account_access_profile,account_access_profile
1195578,@XboxSupport Hi.thanks for reply.That didn’t work either.still not letting me just click once to open anything like before the update.whats next option please?,account_access_profile,account_access_profile
1195581,@XboxSupport This is me trying to select quit on YouTube. It does this with every app I try since the latest update ruined my Xbox. https://t.co/Oit6jNbeuw,other_or_needs_context,connectivity_xbox_live
1195583,"@XboxSupport Thanks for reply again. Nope, didn’t work. Tried re-install/keep games, unplug for 5mins and this 10 sec restart but no fix so far.",account_access_profile,account_access_profile
1195585,@XboxSupport Still not working????,account_access_profile,account_access_profile
1195588,@115890 @XboxSupport @115786 ..cont. it’s a very annoying and unneeded update which I didn’t want/need.,other_or_needs_context,billing_codes_refunds
1195592,@XboxSupport it was about the X. I haven't been charged yet and i was worried i was going to get it in time.,billing_codes_refunds,billing_codes_refunds
1195594,@XboxSupport hey guys can you speak on behalf of the Microsoft Store?,other_or_needs_context,billing_codes_refunds
1196191,@XboxSupport my account lost Xbox live early even tho it says I dont lose it for another 2 days https://t.co/URHdksqk7Q,account_access_profile,billing_codes_refunds
1197698,@XboxSupport I'm having troubles with my gamer tag. I paid to switch it and got the email receipt but it didnt change ?,account_access_profile,account_access_profile
1198057,@401495 @XboxSupport Same can't see in store,account_access_profile,account_access_profile
1198056,@XboxSupport Yeah but not on Xbox One,account_access_profile,how_to_product_information
1198062,@XboxSupport dm me back,account_access_profile,account_access_profile
1198085,"@XboxSupport g'day! In Australia, only 6 games appear for XBOrig &amp; KOTOR isnt one of them. I have the orig disc, inserting it does nothing.",other_or_needs_context,how_to_product_information
1198084,"@XboxSupport tyvm great service! no error# just ""disc not recognised' msg. BUT i tried it again now &amp; it works! 😍 not appearing on store still tho, fyi",other_or_needs_context,account_access_profile
1198435,@XboxSupport  help I'm being harassed by an online user. His GT is: noahcg11,account_access_profile,safety_enforcement_security
1199213,@XboxSupport @127889 The other team had the same problem,account_access_profile,account_access_profile
1199216,@127889 @XboxSupport just played a ranked 3v3 match on rocket league on Xbox one and everyone on both teams kept getting kicked……,account_access_profile,connectivity_xbox_live
1199225,@XboxSupport https://t.co/tkSTlpHO6X,other_or_needs_context,other_or_needs_context
1199886,@XboxSupport KOTOR ran smoothly for about a hour and now it crashes every 5-10 minutes,account_access_profile,connectivity_xbox_live
1213763,"@XboxSupport I preorderd a 1X PS edition, I think its pretty low that the X1 kinect wont connect to it and I have to drop $40 for an adapter",other_or_needs_context,how_to_product_information
1213763,"@XboxSupport I preorderd a 1X PS edition, I think its pretty low that the X1 kinect wont connect to it and I have to drop $40 for an adapter",other_or_needs_context,how_to_product_information
1215120,@XboxSupport Ok thanks,account_access_profile,account_access_profile
1215120,@XboxSupport Ok thanks,account_access_profile,account_access_profile
1220650,"@XboxSupport 
Halo wars multiplayer is broken when i found a game it has a lot of lag or suddenly the game freezes wtf!! help",connectivity_xbox_live,game_content_download
1220649,@XboxSupport Thanks but i think it was mi internet But thanks bro,account_access_profile,account_access_profile
1221415,@XboxSupport Fix yours servers !!!,account_access_profile,connectivity_xbox_live
1222896,@XboxSupport Is there any way to confirm that my account has been deactivated from my step brother's console?,account_access_profile,account_access_profile
1226165,@XboxSupport @407649 Please add a section for OG Xbox games to uservoice. Right now we can only vote on 360 games.,other_or_needs_context,how_to_product_information
1154585,"@115786 Nice! In the next round of games, please include Jet Set Radio Future and Dead or Alive 2&amp;3 @407651 @XboxSupport @115787",other_or_needs_context,game_content_download
1229085,@115786 @XboxSupport https://t.co/ocMe2wCIAg,account_access_profile,safety_enforcement_security
1229084,@XboxSupport I need answers please. This isn’t making any sense.,other_or_needs_context,safety_enforcement_security
1231640,@408895 @115786 @XboxSupport KOTOR,account_access_profile,billing_codes_refunds
1233167,@395997 @XboxSupport https://t.co/qY1obj57Uh  Took about a hour to pop up in my ready to install,account_access_profile,game_content_download
1233173,"@409222 @XboxSupport Certainly, network on other devices is better as i put on ping check in parallel. Looks some xbox update issue or hardware. Not sure..",connectivity_xbox_live,connectivity_xbox_live
1233174,@XboxSupport @409221 issue? I'm on an Xbox one and he has a One S both are wired. Both Xboxs have this issue at the same times.,account_access_profile,connectivity_xbox_live
1233176,@XboxSupport yes my husband has done all this several times over. I just wanted to know if this is an issue with Xbox?,other_or_needs_context,connectivity_xbox_live
1233176,@XboxSupport yes my husband has done all this several times over. I just wanted to know if this is an issue with Xbox?,other_or_needs_context,connectivity_xbox_live
1233269,@290562 Still doesn't work,account_access_profile,account_access_profile
1233301,I thought that when you preorder a game on Xbox One that they take the credit out your account and charge the card later for the remainder.,billing_codes_refunds,billing_codes_refunds
1235888,@XboxSupport @115786 I was just curious since they touched up the game a bit.,other_or_needs_context,safety_enforcement_security
1235890,@115786 @XboxSupport Can you buy Star Wars Knights of the Old Republic from Live? Will the game have achievements?,subscription_game_pass_gold,game_content_download
1237793,@XboxSupport I’ve been getting this and similar errors for two years straight. If you could help me fix it for good I would be very grateful https://t.co/L7OG4t33b7,account_access_profile,safety_enforcement_security
1237792,@XboxSupport NAT is open. I’m the sole user of this box so I can’t say if it would affect other accounts similarly,account_access_profile,connectivity_xbox_live
806757,"@XboxSupport Hi XboxSupport. Poland Xbox360, issue with connection error 80151909.",account_access_profile,connectivity_xbox_live
1241944,"@XboxSupport I purchased a micro transaction that is not showing up although on the Xbox website the order says it was completed,please help",billing_codes_refunds,billing_codes_refunds
1233187,@XboxSupport Eu quero compra uma fonte original do Xbox one,account_access_profile,console_accessory_display
1233187,@XboxSupport Eu quero compra uma fonte original do Xbox one,account_access_profile,console_accessory_display
1244642,"@XboxSupport Déjense de pendejadas y denme mi juego, culeros https://t.co/eQ1nFQsmuu",connectivity_xbox_live,console_accessory_display
1244646,"@XboxSupport my remote isn’t working properly, please help 😕",account_access_profile,account_access_profile
1244645,@XboxSupport Xbox one controller,account_access_profile,other_or_needs_context
1244642,"@XboxSupport Déjense de pendejadas y denme mi juego, culeros https://t.co/eQ1nFQsmuu",connectivity_xbox_live,console_accessory_display
1244648,"@XboxSupport I said, “stop ur bullshit and give me my fucking game, mofos”
Y’all better learn Spanish",other_or_needs_context,safety_enforcement_security
1244652,@XboxSupport why isn’t parkhead; Celtic F.C. stadium not in Fifa yet ?,other_or_needs_context,how_to_product_information
1246315,@XboxSupport my controller adapter port is broken so i can’t use the headset adapter. I just want to know how to always get game audio,how_to_product_information,how_to_product_information
1246314,@XboxSupport Yes through the audio jack,other_or_needs_context,how_to_product_information
1246317,@XboxSupport It has a port,other_or_needs_context,connectivity_xbox_live
1246558,@XboxSupport how can I pre-order and have the game shipped to Nigeria (2) ?,billing_codes_refunds,billing_codes_refunds
1248022,"@XboxSupport Did the account recovery page, just waiting to hear back now. Thanks. 🙏🏼",account_access_profile,account_access_profile
1248025,"@XboxSupport Wanted to let you know the recovery worked. My next question is can I get that old, inactive email removed and my alias email made primary?",account_access_profile,billing_codes_refunds
1248027,@XboxSupport Are you folks able to help with an email issue? Email tied to gamertag is gone cuz of inactivity so I cannot switch to another.,account_access_profile,account_access_profile
1251513,"@XboxSupport @130179 @115786 To add to this: KOTOR isn’t showing up on the Australian store to buy digitally so I used my physical CD, could this be related.",other_or_needs_context,how_to_product_information
1251858,@XboxSupport why can’t i connect to xbox live,account_access_profile,connectivity_xbox_live
1251861,@XboxSupport do you have a list of original backwards compatibility games,game_content_download,game_content_download
1255366,@XboxSupport Not efficient or practical or good solution I should say.,other_or_needs_context,other_or_needs_context
1255365,"@XboxSupport All apps yes. Netflix, games, even going to home screen. And no it's not",connectivity_xbox_live,connectivity_xbox_live
1255368,@XboxSupport External drive,other_or_needs_context,how_to_product_information
1276710,"@XboxSupport I have a free 1 month trail waiting to be used, but it constantly says something went wrong and I can’t redeem it.",account_access_profile,subscription_game_pass_gold
1276709,"@XboxSupport It’s not a card, it’s on the Xbox dashboard when looking at your subscriptions.",billing_codes_refunds,how_to_product_information
1282948,Ewww wtf @117331 @XboxSupport  the new layout is bloody awful!,other_or_needs_context,other_or_needs_context
1282947,@XboxSupport It's easy... make it the way it was before... there was absolutely nothing wrong with it.,other_or_needs_context,other_or_needs_context
1282996,@115786 @XboxSupport change the damn home screen back. Makes everything more difficult/complicates  all of the tabs,account_access_profile,account_access_profile
1283423,"@XboxSupport My account says I don’t own GTA V, but I bought it like 2  years ago on the store. I’ve been able to play it up until last week",account_access_profile,game_content_download
1284208,"@XboxSupport And before you ask, yes I've gone to notification settings and made sure everything is on.",other_or_needs_context,connectivity_xbox_live
1284208,"@XboxSupport And before you ask, yes I've gone to notification settings and made sure everything is on.",other_or_needs_context,connectivity_xbox_live
1285950,@XboxSupport @130179 @115786 Is that not going to be on the Australian store?,other_or_needs_context,how_to_product_information
1286086,@XboxSupport @115765 Just curious if that is just for people with slower internet that will take a few days to install or what. Not a huge deal. Just curious,other_or_needs_context,game_content_download
1287342,@XboxSupport Bummer. I was the one who bought it too. Eh no biggy. Thnx,account_access_profile,billing_codes_refunds
1287345,@XboxSupport  https://t.co/JpYRmMbHEE,other_or_needs_context,other_or_needs_context
1287347,@XboxSupport Don’t feel like messing up my file share,other_or_needs_context,safety_enforcement_security
1287342,@XboxSupport Bummer. I was the one who bought it too. Eh no biggy. Thnx,account_access_profile,billing_codes_refunds
1292236,"16 months in use, 149,- € spent and there is nothing your support can do. I would have paid for the repair. Left Bumper is broken and my ELITE controller useless. Really bad customer support. Very disappointed! @XboxSupport @115890 https://t.co/ncMwaoy7dQ",console_accessory_display,other_or_needs_context
1292237,"@XboxSupport At least not the option I need, because it is the left bumper that is broken!",other_or_needs_context,game_content_download
1292239,"@XboxSupport Hi, I did already chat before writing you. They told me there is ABSOLUTELY NOTHING they can do. Basically, I can throw it in the trash bin and buy a new one.",account_access_profile,account_access_profile
1292445,@XboxSupport ok it's fixed for the moment hard reboot solved it,account_access_profile,account_access_profile
1298720,"@XboxSupport hi, randomly switched on my Xbox and my profile has disappeared? Games are still installed.",account_access_profile,connectivity_xbox_live
1299815,@XboxSupport Straight after I tweeted this both my hard drive and my headset started working.... like the second I tweeted you..... &gt;.&gt;,other_or_needs_context,account_access_profile
1299817,"@XboxSupport hey. Since updating my Xbox this week, my external hard drive needs to be replugged in every restart, and no sound in headset",other_or_needs_context,connectivity_xbox_live
1299819,@XboxSupport Can World of Warcraft be downloaded and played on Xbox One S,how_to_product_information,game_content_download
1300337,Help @XboxSupport,account_access_profile,account_access_profile
1300336,@XboxSupport you took too long :/,account_access_profile,account_access_profile
1301576,@XboxSupport WTF why does it take over an hour for xbox 1 2 download a 765 MB file that my laptop can download in under 3 mins,connectivity_xbox_live,game_content_download
1301575,@XboxSupport not my internet my laptop blows the doors off xbox and its hooked up to the same router its YOUR machine always has been slow gettin worse,connectivity_xbox_live,connectivity_xbox_live
1301582,@XboxSupport My black ops 2 profile got deranked by a 13 year old child. This scares me because I have credit card info with you guys,safety_enforcement_security,safety_enforcement_security
1306616,@XboxSupport  is there ways to speed up game download time?,game_content_download,game_content_download
1306619,@362335 @XboxSupport @115786 That stuff is a pain in the Arse,account_access_profile,safety_enforcement_security
1309308,@XboxSupport i removed someone from my friends list on Xbox one but they kept reappearing in my list is that a bug,account_access_profile,how_to_product_information
1341280,How do you cancel a WWII Pre Order? @XboxSupport,billing_codes_refunds,billing_codes_refunds
1341282,@XboxSupport @117347 I get into races and my game freezes up in the middle of it. Makes a loud noise then kicks me out,account_access_profile,connectivity_xbox_live
1342252,"@XboxSupport Hello, I just installed Life is Strange Before the Storm but there's no ""play"" button anywhere. How do I access my game?",account_access_profile,connectivity_xbox_live
1345202,@XboxSupport ....pay for the pre order cause theres no option to use my ms account balance so how am i supposed to pay for the game 😠😠,billing_codes_refunds,billing_codes_refunds
1347149,@XboxSupport  I’ve just gotten reported and  suspended for send someone (“ Nice try asshole” arnold schwarzenegger quote ). Really ?,safety_enforcement_security,safety_enforcement_security
1348688,"@XboxSupport I own the Gold Edition of Tom Clancy's Ghost Recon Wildlands, but the gold content won't download on my second Xbox.",subscription_game_pass_gold,game_content_download
1348694,@XboxSupport how do I put Xbox live gold on a child account so my daughter can play minecraft with me ?,account_access_profile,subscription_game_pass_gold
1352073,@XboxSupport These games were purchased before I reset and they were digital copies of the game if that’s what you mean by internal,game_content_download,game_content_download
1352075,"@XboxSupport I just reset my xbox and some of my games aren’t on the ready to install list like my fallout 4, gears of war ultimate edition and a couple of other games is this normal? Cause it said it would reset everything but my games and apps",game_content_download,game_content_download
1353318,@XboxSupport How I make game captures record gamechat voice?,how_to_product_information,how_to_product_information
1353317,@XboxSupport My friend @56260 can do it ?,account_access_profile,account_access_profile
1354162,"@XboxSupport Can't send messages or join party chat on my Xbox. Open NAT, multiple networks, hard reset, no offenses.",account_access_profile,connectivity_xbox_live
1354162,"@XboxSupport Can't send messages or join party chat on my Xbox. Open NAT, multiple networks, hard reset, no offenses.",account_access_profile,connectivity_xbox_live
1362264,@XboxSupport why cant i upload things to onedrive?,account_access_profile,how_to_product_information
1364433,"@XboxSupport recently, my Xbox 360 has totally refused to load any discs. It'll say Play DVD or Unrecognised Disk. What can I do?",account_access_profile,game_content_download
1364432,@XboxSupport Really helped! Thanks &lt;3,account_access_profile,account_access_profile
1372285,@115787 @XboxSupport back compat this shieeeeeet https://t.co/z3y9AV6fl9,account_access_profile,other_or_needs_context
1373069,How do I cancel a digital pre-order? @XboxSupport,billing_codes_refunds,billing_codes_refunds
1374400,"@115786 It's buggy as fuck, typical of @119959",safety_enforcement_security,connectivity_xbox_live
1374407,"@XboxSupport my xbox one turns on and immediately turns off, and it is not the source of power, what is the problem?",account_access_profile,account_access_profile
1374406,"@XboxSupport do not, inmediatly turn off",account_access_profile,how_to_product_information
1375939,"@XboxSupport this was the single worst customer service interaction I've ever had, I can't believe I ever switched from PlayStation to Xbox",other_or_needs_context,connectivity_xbox_live
1376283,Need a bunch of people to play Xbox with instead of playing by myself and getting bored after 5 minutes 🙄,connectivity_xbox_live,safety_enforcement_security
1376287,@116543 @440387 ppl still go to @XboxSupport 4 help only to be pushed away to a case file? the team dont have a number to call either? bans are out of hand,other_or_needs_context,safety_enforcement_security
1376306,@XboxSupport I'm on live on the one but I can't play live on BC titles. My billing is up to date. Please help! https://t.co/lGeHQvKZra,other_or_needs_context,connectivity_xbox_live
1376633,"@115786 Just pre ordered Xbox one X, haven’t been this excited since I pre ordered the original Xbox one. Can’t wait 😬",other_or_needs_context,billing_codes_refunds
1377263,"@XboxSupport Fix your dashboard. Ever since it updated, disconnected from the party constantly. The new dashboard is awful.",account_access_profile,connectivity_xbox_live
1377591,@353480 Yea I've pre-ordered my Xbox One X and ARK is the game I'm most excited to see run on it. Hopefully it's consistently 60fps instead of -5fps,other_or_needs_context,billing_codes_refunds
1377986,@XboxSupport why did the Fall update remove my community tab at my home screen? Please tell me how to get it back,account_access_profile,how_to_product_information
1377985,@XboxSupport No community or mixer https://t.co/e02jFGggCA,other_or_needs_context,other_or_needs_context
1377988,@XboxSupport That did the trick!!! Thank you JA.,account_access_profile,account_access_profile
1380101,@XboxSupport Party chat isn't working properly.  Random disconnects in game while playing @57228,connectivity_xbox_live,connectivity_xbox_live
1396512,@115786 @XboxSupport How do I cancel a preorder on Xbox?,billing_codes_refunds,billing_codes_refunds
1396512,@115786 @XboxSupport How do I cancel a preorder on Xbox?,billing_codes_refunds,billing_codes_refunds
1397034,@XboxSupport Console did a random overnight factory reset and it cleared my local save data and I have to resync. Was there an XIP update?,other_or_needs_context,account_access_profile
1397034,@XboxSupport Console did a random overnight factory reset and it cleared my local save data and I have to resync. Was there an XIP update?,other_or_needs_context,account_access_profile
1397685,@XboxSupport I don't seem to be receiving message notifications despite clearing the cache on Xbox One multiple times. Any ideas?,account_access_profile,other_or_needs_context
1397685,@XboxSupport I don't seem to be receiving message notifications despite clearing the cache on Xbox One multiple times. Any ideas?,account_access_profile,other_or_needs_context
1398024,@XboxSupport I lost so much data for ever game that I have purchased for something I dint do.,billing_codes_refunds,billing_codes_refunds
1398227,"@XboxSupport Have Strict NAT type, trying to do test on NAT type via Xbox says network not set up! Can you help? Connected to Internet!",connectivity_xbox_live,connectivity_xbox_live
1398227,"@XboxSupport Have Strict NAT type, trying to do test on NAT type via Xbox says network not set up! Can you help? Connected to Internet!",connectivity_xbox_live,connectivity_xbox_live
1399701,@XboxSupport That's a bit silly and exploitative. If you've given the game for free then why stifle ones ability to play because they're broke?,billing_codes_refunds,billing_codes_refunds
1399701,@XboxSupport That's a bit silly and exploitative. If you've given the game for free then why stifle ones ability to play because they're broke?,billing_codes_refunds,billing_codes_refunds
1399704,"@XboxSupport I understand, but I stand by my statement. Its exploitation. Its like giving me a free car but I can't drive without paying for it.",other_or_needs_context,billing_codes_refunds
1399706,@XboxSupport But thanks for actually responding either way. You guys the first to actually respond when I ask someone for assistance.,other_or_needs_context,other_or_needs_context
1400233,@XboxSupport my friends can switch rb to rt and they have normal controllers not the elite button Remapping won’t work so how Can I do this,how_to_product_information,account_access_profile
1400275,"Hey @XboxSupport, literally no one can access Xbox Live from Xbox 360 consoles for days now. Region: Hungary. Can you please comment? https://t.co/Ru8R5NOtcp",other_or_needs_context,safety_enforcement_security
1401729,@XboxSupport It has been four days and I I had not received the update.,other_or_needs_context,billing_codes_refunds
1401731,"@XboxSupport Thank you for the response. How long will this process take?

Thanks!",other_or_needs_context,other_or_needs_context
1401733,@XboxSupport Just got it yesterday,account_access_profile,billing_codes_refunds
1401735,"@XboxSupport I have played the five hours needed to download the new Minecraft. How come, when I go to the store, it says I still need to pay? I have the disc version.",billing_codes_refunds,game_content_download
1401744,@XboxSupport I got an installation stopped message and restarted my Xbox but it still doesn't install,account_access_profile,game_content_download
1401796,"@XboxSupport @115786 I’m selling my Xbox 360 and when I press reset to default settings, nothing happens my Xbox just remains the same and doesn’t do anything. Do you have any advice?",account_access_profile,connectivity_xbox_live
1401877,"@XboxSupport I have a problem with the xbox app on win10 - (0x409) 0x80080300.
I have tried every method you can find using google.",account_access_profile,how_to_product_information
1401876,@XboxSupport I try signing in but it won't let me. (2/2),account_access_profile,account_access_profile
1401880,"@XboxSupport - Done. Says ""windows store cache may be damaged"" - Fixed (yes).
- Opened xbox app - still same issue",account_access_profile,account_access_profile
1401883,"@XboxSupport Done.
Same issue.",account_access_profile,account_access_profile
1401885,"@XboxSupport Nope. Same error, sorry. 
I have done everything you can think of. I hoped that you may have a method for fixing this specific error. 🙂",account_access_profile,other_or_needs_context
1401888,"@XboxSupport After restart - app cache is gone.
After Installing app - cache is not present and the same error number is coming up.
(2/2)",account_access_profile,account_access_profile
1401890,"@XboxSupport Tried it on them, they show same error.",account_access_profile,account_access_profile
1401893,@XboxSupport  https://t.co/YnUjKESHQX,other_or_needs_context,other_or_needs_context
1401896,@XboxSupport Well the other device I have is my phone. I tried logging in the xbox beta app and it works,account_access_profile,connectivity_xbox_live
1401893,@XboxSupport  https://t.co/YnUjKESHQX,other_or_needs_context,other_or_needs_context
1401880,"@XboxSupport - Done. Says ""windows store cache may be damaged"" - Fixed (yes).
- Opened xbox app - still same issue",account_access_profile,account_access_profile
1401876,@XboxSupport I try signing in but it won't let me. (2/2),account_access_profile,account_access_profile
1407414,@115787 @XboxSupport @115786 I have been an Xbox loyalist since day one of Xbox launch in 2001 I have been loyal through rings of death and,account_access_profile,billing_codes_refunds
1407414,@115787 @XboxSupport @115786 I have been an Xbox loyalist since day one of Xbox launch in 2001 I have been loyal through rings of death and,account_access_profile,billing_codes_refunds
1410909,@XboxSupport Is there no one at a manager level or greater available for support? https://t.co/WFxSF8F1Un,other_or_needs_context,other_or_needs_context
1410909,@XboxSupport Is there no one at a manager level or greater available for support? https://t.co/WFxSF8F1Un,other_or_needs_context,other_or_needs_context
1410909,@XboxSupport Is there no one at a manager level or greater available for support? https://t.co/WFxSF8F1Un,other_or_needs_context,other_or_needs_context
1412286,@XboxSupport I need help,account_access_profile,how_to_product_information
1416385,@XboxSupport are you going to give more xb1x project Scorpio consoles to amazon?,other_or_needs_context,other_or_needs_context
1418491,Xbox One : Console https://t.co/oGrmU8BwlF via @xboxsupport,other_or_needs_context,other_or_needs_context
1418515,@115786 It kicks me off of Xbox live for some reason and it was happening last night with my friends @XboxSupport,account_access_profile,connectivity_xbox_live
1418515,@115786 It kicks me off of Xbox live for some reason and it was happening last night with my friends @XboxSupport,account_access_profile,connectivity_xbox_live
1419980,@117766 How do I find out when my enforcement strike was made,safety_enforcement_security,safety_enforcement_security
1420576,@XboxSupport  @XboxSupport  Support chat seems to be down any ideas? https://t.co/C1xBGHOs6J,other_or_needs_context,other_or_needs_context
1422731,@XboxSupport Can't connect to party with 1 of my friends says we disconnected. We both have Open NAT and have no problems with other partys,account_access_profile,connectivity_xbox_live
1424839,@XboxSupport my friends and I have been having a ton of trouble with parties today. Just wondering if it's a known problem yet? Been all day,account_access_profile,connectivity_xbox_live
1424838,"@XboxSupport I am Hock3yStar18, another is MrHockey02, another is Desk Clerk. And we don't know what preview members means lol",account_access_profile,safety_enforcement_security
1443504,@XboxSupport Xbox y u do dis https://t.co/K1p7TdYQz7,account_access_profile,safety_enforcement_security
1444028,@XboxSupport https://t.co/G2UGz0Z4HI,other_or_needs_context,other_or_needs_context
1444028,@XboxSupport https://t.co/G2UGz0Z4HI,other_or_needs_context,other_or_needs_context
1448441,"@XboxSupport hey, my Xbox keeps not being able to install my Grand Theft Auto 5 game every time it says “installation stopped” can you help?",account_access_profile,game_content_download
1448444,"@XboxSupport Funny. It says HDR also on One S, but mine doesn't trigger HDR on AC Origins...",other_or_needs_context,how_to_product_information
1448443,"@XboxSupport Can't take a screenshot right now, but what I'm not seeing is HDR in AC Origins on One S. Other Games work fine in HDR though...",other_or_needs_context,how_to_product_information
1448446,"@XboxSupport Please read above...other Games work with HDR, just tried. AC Origins on One S apparently doesn't have HDR right now...",other_or_needs_context,game_content_download
1448446,"@XboxSupport Please read above...other Games work with HDR, just tried. AC Origins on One S apparently doesn't have HDR right now...",other_or_needs_context,game_content_download
1448466,"When somehow only on Netflix you dont have sound over your speakers and only with xbox one, great @456134 @XboxSupport",other_or_needs_context,other_or_needs_context
1448465,@XboxSupport That is correct. With games and YouTube it works fine. Netflix? Nothing.,connectivity_xbox_live,account_access_profile
1448471,@XboxSupport Hello?,other_or_needs_context,account_access_profile
1448473,"@XboxSupport Sigh, been there done that. And it has nothing to do with my modem. So stop with the standard procedures. ALREADY TRIED ALL THOSE. GOT IT?",account_access_profile,account_access_profile
1448476,@XboxSupport Thank you. And I would still like to know how resetting my router would fix a audio problem in a 3party app?,connectivity_xbox_live,how_to_product_information
1448476,@XboxSupport Thank you. And I would still like to know how resetting my router would fix a audio problem in a 3party app?,connectivity_xbox_live,how_to_product_information
1448473,"@XboxSupport Sigh, been there done that. And it has nothing to do with my modem. So stop with the standard procedures. ALREADY TRIED ALL THOSE. GOT IT?",account_access_profile,account_access_profile
1448465,@XboxSupport That is correct. With games and YouTube it works fine. Netflix? Nothing.,connectivity_xbox_live,account_access_profile
1448488,@XboxSupport I have a question for Xbox live rewards,other_or_needs_context,subscription_game_pass_gold
1448487,"@XboxSupport I finished the fraken rewards challenge, and I'm scared the credits won't process in time. How long do the credits process?",billing_codes_refunds,billing_codes_refunds
1448490,"@XboxSupport Okay good, I finished it yesterday. Thanks for the help!",account_access_profile,other_or_needs_context
1448497,@XboxSupport my Xbox one game (disc) won't show up so I can download it,account_access_profile,game_content_download
1448496,@XboxSupport Thank you,account_access_profile,account_access_profile
1448497,@XboxSupport my Xbox one game (disc) won't show up so I can download it,account_access_profile,game_content_download
1400276,@445588 @XboxSupport Valami globális gebasz van a liveal 360 fel sem csatlakozik de a one is érintett,account_access_profile,console_accessory_display
1451160,"@XboxSupport hi, my x button is suddenly not worming on my controller, any help?",account_access_profile,account_access_profile
806756,"@XboxSupport Can't get to XBXOX Live servers from Slovakia. ""https://t.co/NMxYVnGZaM"" is not reachable using tracert command.",account_access_profile,connectivity_xbox_live
806756,"@XboxSupport Can't get to XBXOX Live servers from Slovakia. ""https://t.co/NMxYVnGZaM"" is not reachable using tracert command.",account_access_profile,connectivity_xbox_live
1456258,@XboxSupport I need help,account_access_profile,how_to_product_information
1456258,@XboxSupport I need help,account_access_profile,how_to_product_information
1195588,@115890 @XboxSupport @115786 ..cont. it’s a very annoying and unneeded update which I didn’t want/need.,other_or_needs_context,billing_codes_refunds
1460277,@XboxSupport can you help me i recently switched to xbox one s from the original xbox one and my gta 5 will not start,account_access_profile,how_to_product_information
1466025,@XboxSupport cant remember my accounts email how can i recover it? I know the password and the GT,account_access_profile,account_access_profile
1466041,@XboxSupport buen día xbox. Proporcionan asistencia en el español???,other_or_needs_context,console_accessory_display
1466040,@XboxSupport Necesito asistencia con mi cuenta que fue bloqueada. No puedo hacer compras,connectivity_xbox_live,console_accessory_display
1466041,@XboxSupport buen día xbox. Proporcionan asistencia en el español???,other_or_needs_context,console_accessory_display
1400277,"@445588 @XboxSupport I have the same, and already informed them about this issue. Lot of users are struggling w/ XBL logins from X360 while XO is working fine.",account_access_profile,connectivity_xbox_live
1466110,@XboxSupport My gamertag: StingerHU. Here are a few shots about the issue. I'm not able to login to XBL from X360 while XO is fine. Network is the same. https://t.co/TJNZ4VZrC9,account_access_profile,connectivity_xbox_live
1466110,@XboxSupport My gamertag: StingerHU. Here are a few shots about the issue. I'm not able to login to XBL from X360 while XO is fine. Network is the same. https://t.co/TJNZ4VZrC9,account_access_profile,connectivity_xbox_live
1400277,"@445588 @XboxSupport I have the same, and already informed them about this issue. Lot of users are struggling w/ XBL logins from X360 while XO is working fine.",account_access_profile,connectivity_xbox_live
1468930,@XboxSupport I cant broadcast with twitch on xbox one :(,account_access_profile,how_to_product_information
1469798,@XboxSupport any idea when patch 5 for nba 2k18 will be released?,game_content_download,game_content_download
1469798,@XboxSupport any idea when patch 5 for nba 2k18 will be released?,game_content_download,game_content_download
57975,"@XboxSupport I got my @118625 XboxOneX. The letter says that I should get GoW4. I got an Operations Pack and not the game, is that right? https://t.co/eCKQEDBAYr",game_content_download,billing_codes_refunds
1470600,"@461335 @XboxSupport It let me click on it but when i did it started to load up, kicked me off then started to install the full game again. Raging",account_access_profile,game_content_download
1472484,@XboxSupport are all Xbox One forced into downloading the Xbox One X Enhanced updates?,other_or_needs_context,how_to_product_information
182701,"yo @XboxSupport &amp; @ATVIAssist, i bought the digital deluxe edition of WW2 and the season pass didn't download?",billing_codes_refunds,game_content_download
1472645,@XboxSupport I don't know if that's clear https://t.co/elfHte1RdG,other_or_needs_context,other_or_needs_context
1472644,@XboxSupport Still doesn't work 🙁,account_access_profile,account_access_profile
1472652,Join us online or on @126456 for the @78052 #StarWarsBattlefront Jam Session from 15:00. It’s gonna be lit AF https://t.co/eMfDlC8d5b,other_or_needs_context,other_or_needs_context
1473632,@XboxSupport 86 that last tweet. Stubbornly re-entering the code several different times got it to work.,account_access_profile,billing_codes_refunds
1475251,@XboxSupport hey I need some help please.,account_access_profile,game_content_download
1475459,"@XboxSupport I have a 12 month active and a 3 month active, I try to cancel the 3, my 12 is threatened, HELP!",safety_enforcement_security,subscription_game_pass_gold
1476810,@XboxSupport it say when I click on call of duty ww2 that my preorder has been declined but I have had no money back into my account,billing_codes_refunds,billing_codes_refunds
1476817,@XboxSupport I need help,account_access_profile,how_to_product_information
1477449,@XboxSupport when is the patch coming out for WWE 2K18???,other_or_needs_context,game_content_download
1478204,"@XboxSupport again, FOR WHAT.",other_or_needs_context,safety_enforcement_security
1478210,Why doesn’t the party chat ever work @XboxSupport,other_or_needs_context,connectivity_xbox_live
1478205,@XboxSupport come watch me get abused?,safety_enforcement_security,safety_enforcement_security
1482289,@XboxSupport why can’t I see anything I recorded from @119514,other_or_needs_context,safety_enforcement_security
1482289,@XboxSupport why can’t I see anything I recorded from @119514,other_or_needs_context,safety_enforcement_security
1485186,@XboxSupport help me bros,account_access_profile,account_access_profile
1485188,@XboxSupport I Bought the new Call of duty over the summer  which drops in ONE HOUR and my system is telling me I don’t own the game! HELP!!,billing_codes_refunds,game_content_download
1485489,@115787 @213308 @XboxSupport But had uninstall it due to it freezing and still after its still frezzes almost 99% of the time,account_access_profile,game_content_download
1486483,@XboxSupport Hi so I bought keys on rocket league and I haven’t got them and wondering if their on a different account or what,account_access_profile,billing_codes_refunds
1486839,"@246946 @131187 My One's been doing this for 2 days. I've also had problems w/my 360 that it loads, but I get a content error for everything @XboxSupport",account_access_profile,connectivity_xbox_live
1486843,@XboxSupport fix my stuff yo !,account_access_profile,connectivity_xbox_live
1496187,@XboxSupport @9196 I seem to be having quite a few issue with a number of achievements unlocking for shadow of war. Any ideas?,account_access_profile,game_content_download
1496186,@XboxSupport Will give it a go!,other_or_needs_context,how_to_product_information
1500403,@115754 @XboxSupport @ATVIAssist It took my money and said I need to buy it again and that the problem is on Xbox end,account_access_profile,billing_codes_refunds
1500422,@XboxSupport Nevermind I just read that I have to wait 4 weeks,other_or_needs_context,billing_codes_refunds
1501493,Really enjoying the new Call of Duty @115766 @115765 @XboxSupport https://t.co/xv76RMLKln,other_or_needs_context,billing_codes_refunds
1503551,@115786 @116549 please release the patch for @119514 PS4 have gotten it over a day ago,other_or_needs_context,game_content_download
1506362,@XboxSupport @ATVIAssist WWII multiplayer anytime soon?,other_or_needs_context,billing_codes_refunds
1506381,@469603 Is going to be down all night?,connectivity_xbox_live,connectivity_xbox_live
1512615,@ATVIAssist Anyone else still having trouble with Xbox Servers,account_access_profile,connectivity_xbox_live
1512617,@471062 @XboxSupport It worked for me,account_access_profile,account_access_profile
1512610,@XboxSupport @471059 I’m still getting 4128 also. Can’t redeem rewards once it does let me in either. This game is broke already.,account_access_profile,subscription_game_pass_gold
1512624,@XboxSupport @471064 I'm still getting that code,account_access_profile,account_access_profile
1512612,@XboxSupport @471059 Tried it multiple times. Still doesn't work,account_access_profile,account_access_profile
1512613,@XboxSupport @471059 We’re gamers we know what we’re doing do you lot? Ports open power cycled rebooted router kicked the dog anything else u want us to try?,connectivity_xbox_live,connectivity_xbox_live
1512980,@XboxSupport  I've got an update that keeps going wrong. Gets to 42% and then says there is an error?,other_or_needs_context,game_content_download
1514394,@164477 I’ve practically been console banned for something that happened days ago? Bullshit,safety_enforcement_security,safety_enforcement_security
1514932,@471497 @115766 @XboxSupport Was ready last night but the Xbox store hasn’t been working 🙄,account_access_profile,billing_codes_refunds
1514932,@471497 @115766 @XboxSupport Was ready last night but the Xbox store hasn’t been working 🙄,account_access_profile,billing_codes_refunds
1520970,"@XboxSupport Hi, can I download and play Forza 7 PC Download in Germany when I buy it in the US?",game_content_download,how_to_product_information
1520975,@XboxSupport the new update disabled hdr to my tv? Any tips?,other_or_needs_context,how_to_product_information
1520974,@XboxSupport I had to make the HDMI 2.0.  Thanks for the reply.,other_or_needs_context,other_or_needs_context
1524708,@XboxSupport can I get some help please,account_access_profile,billing_codes_refunds
1525555,@115765 whats up with the servers ? unable to join multyplayer on @115786 @XboxSupport #WWII,connectivity_xbox_live,connectivity_xbox_live
1525566,@ATVIAssist @XboxSupport https://t.co/1GalygNxAZ,account_access_profile,other_or_needs_context
1525566,@ATVIAssist @XboxSupport https://t.co/1GalygNxAZ,account_access_profile,other_or_needs_context
1512845,@ATVIAssist @XboxSupport @115766 still not working,account_access_profile,connectivity_xbox_live
1525614,"#CallOfDutyWWII journal, day 1, still struggling to get past the loading screen. #TheStruggleIsReal @XboxSupport @ATVIAssist https://t.co/xthqOgrq8m",other_or_needs_context,billing_codes_refunds
1448461,@XboxSupport It's so much fun,other_or_needs_context,other_or_needs_context
1527471,@XboxSupport Worked to get back to HQ. Then the menus became unresponsive. Now I’m back to a 36896 error.,account_access_profile,account_access_profile
1527473,@474288 @ATVIAssist @XboxSupport Did you get anything on this. I’ve had it for 4-5 hours now.,account_access_profile,safety_enforcement_security
1529696,Est-ce que la #XboxOneX sera dispo plus tôt que le 7/11 ? @294232 @XboxSupport,other_or_needs_context,console_accessory_display
1531842,@xboxsupport say they can't help me much because the money goes to the devs.  The new update broke his brain and he bought everything. https://t.co/282Q4iRttX,other_or_needs_context,account_access_profile
1531842,@xboxsupport say they can't help me much because the money goes to the devs.  The new update broke his brain and he bought everything. https://t.co/282Q4iRttX,other_or_needs_context,account_access_profile
1527474,@ATVIAssist @XboxSupport error code 4128 for Xbox one. What do I do? #CODWWII,account_access_profile,billing_codes_refunds
1531858,@XboxSupport Restarted the game and now I’m back to error code 4128,account_access_profile,game_content_download
1162577,@ATVIAssist @XboxSupport The loading screen takes forever or it doesn’t open and says lobby closes,account_access_profile,connectivity_xbox_live
1534252,"@118625 @XboxSupport 
Sorry to brother but I'm missing the codes for the games and 3months subscription. https://t.co/9SZ6UaOW3y",account_access_profile,billing_codes_refunds
1536663,@XboxSupport I can’t download my game it keep stopping everytime what I do,account_access_profile,game_content_download
1537219,@XboxSupport It doesn’t make sense as I’m sending the code to redeem which I’ve paid for so why should currency effect it?,billing_codes_refunds,billing_codes_refunds
1537222,"@XboxSupport game gifting, does it work between U.K. and Ireland? I’ve gifted a game to a friend in Ireland and says she can’t redeem it ?!",billing_codes_refunds,billing_codes_refunds
1162627,"@ATVIAssist @XboxSupport I pre-ordered the Digital Deluxe edition and did not receive the double XP or unlock token in-game. GT: ""Crimson Gunnah""",account_access_profile,billing_codes_refunds
1162567,@ATVIAssist @XboxSupport Error code 103294,account_access_profile,connectivity_xbox_live
1162567,@ATVIAssist @XboxSupport Error code 103294,account_access_profile,connectivity_xbox_live
1539881,"@XboxSupport My account shows 12 years as member. It was 14 and *I think* on Aug 2017, it should be 15. What's up? Why does it now show 12? https://t.co/sfv31kS00P",account_access_profile,account_access_profile
1162520,"@ATVIAssist @XboxSupport I didn’t get my preorder bonuses I see them in my games and apps,but not in the game?",billing_codes_refunds,billing_codes_refunds
1540804,I need help! WWII won’t let me connect to the servers and I’ve already followed your restarting system guide! @XboxSupport,connectivity_xbox_live,connectivity_xbox_live
1540802,@XboxSupport Everything’s fine now!,account_access_profile,account_access_profile
1540816,@XboxSupport is there any way to restore my Xbox to an earlier point? I installed the update to Madden 18 and it deleted it...,account_access_profile,game_content_download
1162578,@ATVIAssist @XboxSupport I keep getting  'an unexpected error has occurred ' when redeeming code online,account_access_profile,connectivity_xbox_live
1543032,"@XboxSupport ""Check the instructions that came with your code. You might need to redeem it on a different web page."" But the card says use Xbox Store",billing_codes_refunds,billing_codes_refunds
1546331,@XboxSupport I'm curious if BC ach. will count towards the 400 GS needed 4 new quests for gold members? Please let me know! I love BC games,subscription_game_pass_gold,subscription_game_pass_gold
1548322,"@ATVIAssist @XboxSupport @115766 @115765 error code: 103294
So, this is what we paid for?",billing_codes_refunds,billing_codes_refunds
1548575,"@XboxSupport I've tried deleting my profile and adding again, but I can't do that either.",account_access_profile,account_access_profile
1548578,@XboxSupport when using a USB webcam on Xbox one can I use it to record gamer clips like Kinect? My Kinect has been replaced 3 Times 🙁,how_to_product_information,how_to_product_information
1548577,@XboxSupport Just to clarify I would be able to use it like connect and say “Xbox record that” and it would record a game clip?,how_to_product_information,how_to_product_information
1548577,@XboxSupport Just to clarify I would be able to use it like connect and say “Xbox record that” and it would record a game clip?,how_to_product_information,how_to_product_information
1549121,"@115786 @XboxSupport @115754 @ATVIAssist @115766 Servers still are not working, more than 21 hours later? So unfriendly to customers!",connectivity_xbox_live,connectivity_xbox_live
1162570,@ATVIAssist @XboxSupport Fix the servers,account_access_profile,connectivity_xbox_live
1162572,@ATVIAssist @XboxSupport I want my pre order token and double xp,account_access_profile,billing_codes_refunds
1550469,@116549 I'd like to thank Jemimah R (sorry if your name is wrong) for refunding Need for Speed Payback for me on the Xbox One today:),other_or_needs_context,safety_enforcement_security
1550471,"@XboxSupport your marketplace is terrible,you charged me for a game and its not even in my ready to install. Its gone!",billing_codes_refunds,game_content_download
1550482,@XboxSupport Where do I go to get my refund on fortnite?,billing_codes_refunds,billing_codes_refunds
1550978,@XboxSupport Can't play WWII FIX IT,other_or_needs_context,connectivity_xbox_live
1551984,@XboxSupport I spent $60 on a game that doesn’t even work lol @115766,billing_codes_refunds,billing_codes_refunds
1551990,@115765 @ATVIAssist @XboxSupport why do I keep getting error code: 4128?,account_access_profile,connectivity_xbox_live
1552362,@115786 @XboxSupport @115766 who’s fault is this? https://t.co/ilFWAh0IFu,account_access_profile,safety_enforcement_security
1552725,"@480428 @115786 @XboxSupport it is, both platforms tho but xbox seems to have the worst problems atm can’t even log on, stays on loading screen for days",account_access_profile,account_access_profile
1559811,@XboxSupport I have been off my xbox for 3 days and now it doesnt want to turn on period. Please help me here.,account_access_profile,account_access_profile
1564389,"@XboxSupport my destiny 2 update us frozen at 96% and I cannot pause or uninstall the game as I am eying to install CoD, any advice please?",game_content_download,game_content_download
1162636,@ATVIAssist @XboxSupport Xbox digital deluxe purchase not supplying unlock token or bonus xp. Check in game mail. Other things were there but not that.,account_access_profile,billing_codes_refunds
1571887,@117353 please fix the lag when turning corners.... unbearable on Xbox one,other_or_needs_context,connectivity_xbox_live
1579460,@XboxSupport still waiting on the new patch for @119514 to break more things. When can we expect it. I need concrete answers #whensway,other_or_needs_context,game_content_download
1580955,@XboxSupport Ive purchased multiple brand new controllers and they wont stay connected beyond 3ft from the console?,other_or_needs_context,console_accessory_display
1583345,@487302 @115766 @115765 @XboxSupport Okay 😲,other_or_needs_context,billing_codes_refunds
1584073,@XboxSupport @115766 @115765 I can't get online on call of duty world war 2 and am getting very frustrated. (Error code 103294),account_access_profile,billing_codes_refunds
1584987,"@ATVIAssist @XboxSupport i️ can’t even load into multiplayer anymore...fix your game, how did u not prepare for such massive amountsofplayrs https://t.co/TLW0IJXQRU",connectivity_xbox_live,connectivity_xbox_live
1585668,@XboxSupport lads,account_access_profile,account_access_profile
1585688,@XboxSupport unban my account,account_access_profile,safety_enforcement_security
1585688,@XboxSupport unban my account,account_access_profile,safety_enforcement_security
1585692,HEY FIX YOUR SERVERS I JUST WANNA PLAY @ATVIAssist @115765 @XboxSupport,account_access_profile,connectivity_xbox_live
1585707,@ATVIAssist @115754 @115766 @XboxSupport anyone else getting cod ww11 error code 103294?,other_or_needs_context,connectivity_xbox_live
1585707,@ATVIAssist @115754 @115766 @XboxSupport anyone else getting cod ww11 error code 103294?,other_or_needs_context,connectivity_xbox_live
929893,@XboxSupport is not that why i want your help to change my region back to us,other_or_needs_context,how_to_product_information
929897,@XboxSupport i need to download my games and add on of rage of xbox 360,account_access_profile,game_content_download
1586926,@XboxSupport What’s up with the @115766 Servers,other_or_needs_context,connectivity_xbox_live
1586938,@XboxSupport connection issues with WWII?,connectivity_xbox_live,connectivity_xbox_live
1588529,@XboxSupport How can I get a refund for the unplayable #CODWW2? #CallOfDutyWWII #XBOXONE #CODWW2ISASCAM #CODWW2Refund,billing_codes_refunds,billing_codes_refunds
1588529,@XboxSupport How can I get a refund for the unplayable #CODWW2? #CallOfDutyWWII #XBOXONE #CODWW2ISASCAM #CODWW2Refund,billing_codes_refunds,billing_codes_refunds
1588537,overwatch (digital) wouldn't launch so I uninstalled it. now the game disappeared and doesn't exist. what just happened?! @XboxSupport,game_content_download,game_content_download
1588537,overwatch (digital) wouldn't launch so I uninstalled it. now the game disappeared and doesn't exist. what just happened?! @XboxSupport,game_content_download,game_content_download
1590271,why am I losing connection in like every 2nd squad battles match? this never happens to me  in other gamemodes.. @115790 @XboxSupport,connectivity_xbox_live,connectivity_xbox_live
1591251,@XboxSupport @115766 I had two supplies drops last night that didn’t open and today they are gone... How do I get them back?,billing_codes_refunds,billing_codes_refunds
1591251,@XboxSupport @115766 I had two supplies drops last night that didn’t open and today they are gone... How do I get them back?,billing_codes_refunds,billing_codes_refunds
1593126,@442956 ass,account_access_profile,safety_enforcement_security
1593126,@442956 ass,account_access_profile,safety_enforcement_security
1594150,@XboxSupport They should be sending over some DMs Right now thanks for helping them ❤️,other_or_needs_context,other_or_needs_context
1594152,@XboxSupport @64633 Also @64656 is having the same problem as @64633,account_access_profile,account_access_profile
1594165,GREAT!!!! FUCKING XBOX ONE IS FUCKED!!! 😡😡😡😡,other_or_needs_context,other_or_needs_context
1594773,@ATVIAssist @XboxSupport How come I can’t connect to Multiplayer? It’s been like this since I got the game. https://t.co/Jn7AcDwlRK,account_access_profile,connectivity_xbox_live
1594778,@XboxSupport Xbox One X HDMI cable is 2.1? Or not you’re department...,other_or_needs_context,other_or_needs_context
1595813,@XboxSupport. Call ww2 not working might wanna change the status on the live status check,other_or_needs_context,connectivity_xbox_live
1596932,@ATVIAssist @XboxSupport can you fix the servers for WW2 thanks,connectivity_xbox_live,connectivity_xbox_live
1597872,@XboxSupport cuphead no longer works on my computer how do you fix?,account_access_profile,how_to_product_information
1598422,@ATVIAssist @XboxSupport I've completed the three weekly orders how come its not giving me the weekly reward on the right hand side https://t.co/Adq9RL8GfZ,billing_codes_refunds,billing_codes_refunds
1598422,@ATVIAssist @XboxSupport I've completed the three weekly orders how come its not giving me the weekly reward on the right hand side https://t.co/Adq9RL8GfZ,billing_codes_refunds,billing_codes_refunds
1605278,@115786 @XboxSupport been a loyal Xbox gamer for 7 years and y'all don't reply to help with my cod WW2 not working issue. I'm mad,other_or_needs_context,connectivity_xbox_live
1616170,@58672 Can you guys fix Xbox live not working for MCPE?,other_or_needs_context,account_access_profile
1624362,@497515 @XboxSupport Ohhhhh thats very cool of you to explain to me. I did boot Twitch to broadcast right away when I started my system.,other_or_needs_context,safety_enforcement_security
1625307,@ATVIAssist @116549 wtf is wrong with call of duty now? I️ havnt played more then 2 games in 48 hours,other_or_needs_context,game_content_download
1625307,@ATVIAssist @116549 wtf is wrong with call of duty now? I️ havnt played more then 2 games in 48 hours,other_or_needs_context,game_content_download
1625310,@XboxSupport hey. i have bought (pre-ordered) the ww2 dde but all the bonus items you get when you buy it but i didnt get them,billing_codes_refunds,billing_codes_refunds
1632737,@XboxSupport @ATVIAssist I supposedly have these downloaded but don’t have them in game https://t.co/2y9pgZ7pcm,how_to_product_information,billing_codes_refunds
1633519,@XboxSupport i changed my gamertag and now my games won't work?! Asking me if the game disc in inserted which it is and if i own the game?!!,account_access_profile,game_content_download
1634298,@ATVIAssist @17646 @XboxSupport This is not good at all. Can I get these replaced ?,other_or_needs_context,safety_enforcement_security
1640561,@xboxsupport is it possible to take my account off of child as my mums account got deleted and we cant remeber the pass word,account_access_profile,safety_enforcement_security
1640561,@xboxsupport is it possible to take my account off of child as my mums account got deleted and we cant remeber the pass word,account_access_profile,safety_enforcement_security
1640565,"@XboxSupport I’m on the Xbox app for iOS, when I go to send a message the keyboard to type on doesn’t pop up",account_access_profile,how_to_product_information
1641596,Yo @XboxSupport if my xbox one x arrives early can i use it???,other_or_needs_context,how_to_product_information
1641595,@XboxSupport so if it comes on the 6th i can use it,other_or_needs_context,how_to_product_information
1643567,@XboxSupport My Xbox keeps disconnecting from Xbox live every ~10 minutes when I play online. It's not my internet cause nothing else DCs?,connectivity_xbox_live,connectivity_xbox_live
1646577,Yo is Xbox live down? @XboxSupport,other_or_needs_context,connectivity_xbox_live
1648061,"@XboxSupport so I get banned until the 19th for the word “retarded”, and someone gets 24hr ban for “fucking pussy” seems legitimate",safety_enforcement_security,safety_enforcement_security
1648065,@XboxSupport I didn't use,account_access_profile,billing_codes_refunds
1653816,@XboxSupport is “Atari: Game Over” not available anymore?,other_or_needs_context,how_to_product_information
1653815,@XboxSupport Does the old app version not work anymore?,other_or_needs_context,how_to_product_information
1653818,@XboxSupport  https://t.co/pPbDLv7T7e,other_or_needs_context,other_or_needs_context
1657519,@138583 @115890 @115786 @XboxSupport I bought the ww2 digital deluxe edition and I didn’t get my 2x xp token or my perma unlock token,account_access_profile,billing_codes_refunds
1657525,"@XboxSupport where is the nba 2k18 patch. Playstation got it like 5 days ago, what's up?",other_or_needs_context,game_content_download
1659470,@XboxSupport how do I record video that are like 1 hours long,how_to_product_information,how_to_product_information
1659470,@XboxSupport how do I record video that are like 1 hours long,how_to_product_information,how_to_product_information
1659487,"@XboxSupport there are thunderstorms in the area, and my Xbox One just shut off. It will not turn back on. Help please.",account_access_profile,account_access_profile
1659486,"@XboxSupport I was on chat for an hour. They told me I have to either get a new power supply, or send it in for service.",other_or_needs_context,other_or_needs_context
1659487,"@XboxSupport there are thunderstorms in the area, and my Xbox One just shut off. It will not turn back on. Help please.",account_access_profile,account_access_profile
1660229,@XboxSupport So my Xbox one turns on by itself everyday can you explain?,account_access_profile,account_access_profile
1660227,@XboxSupport Is my console broken or do I just have ghosts?,other_or_needs_context,connectivity_xbox_live
1664379,@XboxSupport pre-ordered South Park yesterday in UK but it hasn’t given me Stick Of Truth like it said it would? Thanks,other_or_needs_context,billing_codes_refunds
1665749,"{Pictures of my Halo 4 Spartan. 

Don't know my 4's file share is working while Reach's isn't. https://t.co/zFWSyEqUK6",other_or_needs_context,game_content_download
1671510,"@XboxSupport Hi can u help I'm at a lose end. I have an issue, I plug in any external HDD to the rear usb ports of my Xbox one x and it disconnects me from wifi. Front USB works fine, problem is is does it on both my One S too with different external drives tested. Please help.",other_or_needs_context,connectivity_xbox_live
1671613,@XboxSupport on one account my screen goes past the edges and on the other it fits perfect. Can i get some help?,account_access_profile,account_access_profile
1671510,"@XboxSupport Hi can u help I'm at a lose end. I have an issue, I plug in any external HDD to the rear usb ports of my Xbox one x and it disconnects me from wifi. Front USB works fine, problem is is does it on both my One S too with different external drives tested. Please help.",other_or_needs_context,connectivity_xbox_live
1674209,@XboxSupport equivalent of urgent care support needed. VIP gamer (whom I adore) needs back on this pre-order list. #help #XboxOneX https://t.co/3nCQCJIO41,other_or_needs_context,billing_codes_refunds
1674209,@XboxSupport equivalent of urgent care support needed. VIP gamer (whom I adore) needs back on this pre-order list. #help #XboxOneX https://t.co/3nCQCJIO41,other_or_needs_context,billing_codes_refunds
1674227,"@XboxSupport paused a near 5gb game update to not take up my internet for a day, got the dash update, game update gone &amp; game unplayable now",connectivity_xbox_live,connectivity_xbox_live
1674227,"@XboxSupport paused a near 5gb game update to not take up my internet for a day, got the dash update, game update gone &amp; game unplayable now",connectivity_xbox_live,connectivity_xbox_live
1681251,@XboxSupport everything is set to get 4k but nothing is downloading,account_access_profile,how_to_product_information
1682409,@XboxSupport South Park season pass isn't working!!,account_access_profile,subscription_game_pass_gold
1682412,"@XboxSupport I send it since saturday october 7th and I would like ton know where is my map it's not offensive
sorry if there are some mistake I'm French",other_or_needs_context,billing_codes_refunds
1683046,Now the @XboxSupport app won’t let me type in messages,account_access_profile,account_access_profile
1683046,Now the @XboxSupport app won’t let me type in messages,account_access_profile,account_access_profile
1691913,@XboxSupport (rs3_release_xbox_dev_1710.171012-1520),other_or_needs_context,other_or_needs_context
1691916,@XboxSupport or would there be another update as the final update today? Says last updated 15/10/17,other_or_needs_context,other_or_needs_context
1692046,@XboxSupport Got an email to say my subscription renewal has been successful but I have auto renew off? https://t.co/H9rH6HVkT1,subscription_game_pass_gold,subscription_game_pass_gold
1693299,"@XboxSupport In addition to my previous tweet, I'm currently receiving ""We couldn't get your latest saved data"" message on every game. Home internet completely fine and operating normally. So there seems to be a cloud problem, not sure if this has been reported yet.",connectivity_xbox_live,connectivity_xbox_live
1695182,@XboxSupport I can't buy anything from the store for some reason,account_access_profile,billing_codes_refunds
1695181,@XboxSupport No problem.,account_access_profile,other_or_needs_context
1695510,@XboxSupport 500gb S- Put in halo 5 disc &amp;theres a big update. Put box on instant-on mode &amp;turn off. Box disconnects to internet instantly,connectivity_xbox_live,connectivity_xbox_live
1695510,@XboxSupport 500gb S- Put in halo 5 disc &amp;theres a big update. Put box on instant-on mode &amp;turn off. Box disconnects to internet instantly,connectivity_xbox_live,connectivity_xbox_live
1695582,@XboxSupport @514406 Hello i just done the update and its saying there's a problem with downloading it soo now I have to start it all over again ?,account_access_profile,game_content_download
1695603,@XboxSupport  I get this on my Windows computer when I try to sign in. Help? https://t.co/d4uwlLmC3Z,account_access_profile,account_access_profile
1697781,@XboxSupport Why can't you just look in the system,account_access_profile,how_to_product_information
1697780,@XboxSupport I bet it does but whatever thanks for not helping,other_or_needs_context,account_access_profile
1697785,@XboxSupport why are you guys keep disconnecting me from Xbox I'm trying to play cod on 360 and it keeps disconnecting me,account_access_profile,connectivity_xbox_live
1697794,@XboxSupport where do i️ go to submit bug reports for iphone x xbox app problems?,other_or_needs_context,how_to_product_information
1697793,@XboxSupport i️ can’t reply to messages. when i️ tap to reply as seen in the screenshot nothing happens https://t.co/Er3vjTqoe0,account_access_profile,safety_enforcement_security
1697793,@XboxSupport i️ can’t reply to messages. when i️ tap to reply as seen in the screenshot nothing happens https://t.co/Er3vjTqoe0,account_access_profile,safety_enforcement_security
1697853,"@XboxSupport Here : https://t.co/pd9psFtnIQ And https://t.co/L5ZDX0rryO  and others.. if u say le its compatible, tomorrow i go to buy him n xb1x and fm7",other_or_needs_context,how_to_product_information
1697855,"@XboxSupport This one (T300RS GT edition) is compatible with windows. Windows = microsoft = xbox &lt;3 so, it’s for that i hope",other_or_needs_context,how_to_product_information
1697858,"@XboxSupport Hello, have you planned to make the steering wheel t300rs compatible with xbox one x ? I need him for forza 7 if i buy.. :(",other_or_needs_context,how_to_product_information
1700350,@XboxSupport I used an xbl trial code but don’t have permission to join party’s or online multiplayer games,account_access_profile,subscription_game_pass_gold
1700499,@ATVIAssist @115765 @XboxSupport @115766 @129141 how is that the game/servers go down and no one says anything?  #CODWWII,connectivity_xbox_live,billing_codes_refunds
1703422,@XboxSupport are the cod servers for Xbox ever going to work?,connectivity_xbox_live,connectivity_xbox_live
1703430,@XboxSupport what games will be available in 4K to play on day release? #XboxOneX,game_content_download,game_content_download
1703435,@XboxSupport I can’t reply to messages in my Xbox app. I tried deleting and redownloading the app and I’m still having the same issue.,account_access_profile,account_access_profile
1703434,@XboxSupport iPhone 6s.,other_or_needs_context,account_access_profile
1703437,@XboxSupport It won’t let me click the reply bar at all so I can’t type anything.,account_access_profile,account_access_profile
1703801,@204598 @XboxSupport pointless for me to be able to transfer a game and still can’t be played unless I’m signed in.,account_access_profile,game_content_download
1705788,"Timing is BAD for ""Network Event"" during this #XboxOneX release night. Will I be able to get my 4K content for my new #ProjectScorpio? @XboxSupport",connectivity_xbox_live,how_to_product_information
1705806,@XboxSupport i cant access my pins on xbox,account_access_profile,how_to_product_information
1705825,I think my xbox is broken😩,account_access_profile,connectivity_xbox_live
1705824,@XboxSupport Its working all fine now thanks,account_access_profile,account_access_profile
1706513,@XboxSupport I’m trying to make an account on Xbox and it keeps telling me that there is a problem?,account_access_profile,account_access_profile
1708197,@XboxSupport  im getting charged for minecraft and i have the game and a skin pack?,billing_codes_refunds,billing_codes_refunds
1710294,@XboxSupport https://t.co/rcqdXmQeRE,other_or_needs_context,other_or_needs_context
1715056,@XboxSupport  If you pre ordered the xbox one x but not the scorpio edition will they still be shipped on release day.,other_or_needs_context,billing_codes_refunds
1715828,@XboxSupport so i just started up my Xbox x and it's telling me my 4k TV doesn't support 4k,other_or_needs_context,how_to_product_information
1715827,"@XboxSupport Didn't help, just another Xbox support page telling me it's my fault when it's Microsofts fault",account_access_profile,account_access_profile
1715833,"@116549 I see many people with games like Forza 7, Assassin's Creed Origins with Xbox X enhancement patches yet I dont. What gives?",game_content_download,game_content_download
1716332,@XboxSupport ya se puede reservar el playerunknown's battlegrounds en argentina?,game_content_download,console_accessory_display
1716909,"@XboxSupport I chatted to MS store support yesterday, they assured me the Scorpio would arrive today.
DHL states delivery as 13th Nov.

Which is correct?",other_or_needs_context,billing_codes_refunds
1718422,@XboxSupport @115786 @160829 im pissed with your shitty ass system of keeping control of this shit i knew i shouldve got ps4,account_access_profile,safety_enforcement_security
1719924,Great 2 achievements not unlocking on The Turing Test! @XboxSupport @68997 man I'm loving the game but I hate it when this happens!,safety_enforcement_security,game_content_download
1719935,"@XboxSupport @311271 is there way to find out how much more I have to spend in the xbox store to reach my next myVIP star rank? im more that 2/3 there, want to reach my next rank before it reset when the new year comes",subscription_game_pass_gold,game_content_download
1719934,@XboxSupport doesn't give me an exact amount i have to spend,billing_codes_refunds,subscription_game_pass_gold
1719947,@XboxSupport I’m sorry but you guys need to get the Xbox one X to function after reset. I have to sit for 30 mins before it will power up,account_access_profile,how_to_product_information
1719946,"@XboxSupport I hard reset, did power cord plug ins and reset my router, the console just sucks. Had to restart about 7-8 times before I got picture",console_accessory_display,account_access_profile
1719949,@XboxSupport It takes forever to reset and then I can’t play certain games,account_access_profile,game_content_download
1719953,@XboxSupport Already did that fixed my overwatch but not cod ww2,account_access_profile,billing_codes_refunds
1719949,@XboxSupport It takes forever to reset and then I can’t play certain games,account_access_profile,game_content_download
1724249,@115786 @115787 @XboxSupport that how you treat a person to been a Xbox live member for 10yr and a day one purchaser of Xbox 1.,other_or_needs_context,safety_enforcement_security
1724252,Feel like I'm not getting my Xbox one x tomorrow. #preordered821fromMSstore  @115786 @115787 @XboxSupport @115890,other_or_needs_context,other_or_needs_context
1724258,@XboxSupport preordered Xbox One X Project Scorpio Edition online @135958 now at Microsoft Launch Party and treated with no love.,other_or_needs_context,billing_codes_refunds
1724568,"@XboxSupport I know the email and all info, it just won't send me my reset code for either recovery emails",account_access_profile,account_access_profile
1724571,"@XboxSupport So I'm getting little to no help on the phone with close to $100 in fraudulent charges,can you help?",safety_enforcement_security,billing_codes_refunds
1725026,@123718 @XboxSupport  AC Origins keeps freezing &amp; still kicks me out of the game it not my console.,account_access_profile,game_content_download
1726289,@522098 @XboxSupport Troll,account_access_profile,safety_enforcement_security
1726288,@XboxSupport @511441 This is useless information...,other_or_needs_context,other_or_needs_context
1726291,@XboxSupport And this is an issue with people who bought South Park TFBH gold edition season pass codes.,subscription_game_pass_gold,subscription_game_pass_gold
1726760,@XboxSupport  Xbox one s stolen can it be blocked?,safety_enforcement_security,how_to_product_information
1727320,@ATVIAssist @115765 @116698 @69203 @XboxSupport @331893 @258765 @65346 https://t.co/lcxOCwesAW,account_access_profile,safety_enforcement_security
1727319,@XboxSupport They do not respond,other_or_needs_context,how_to_product_information
1739392,Russian?! Help!! @141187 @119959 @123718 @XboxSupport @115786 https://t.co/4WxCmBV99E,account_access_profile,other_or_needs_context
1741275,FUCK Xbox 1 bro how does this shit take 2 hours to download a fucking game update that’s 2 Gigs and it’s still not done? @XboxSupport @115786,game_content_download,game_content_download
1742106,@XboxSupport is anyone else having some startup issues on the #XboxOneX I’ve encountered some hiccups getting it to acknowledge commands.,other_or_needs_context,connectivity_xbox_live
1742106,@XboxSupport is anyone else having some startup issues on the #XboxOneX I’ve encountered some hiccups getting it to acknowledge commands.,other_or_needs_context,connectivity_xbox_live
1742117,@XboxSupport help,account_access_profile,account_access_profile
1748323,@XboxSupport I'd like someone to please help me get a refund. I spent $100 tonight and I'm frustrated.,account_access_profile,billing_codes_refunds
1748351,@XboxSupport can you play nba2k18 on your computer?,other_or_needs_context,safety_enforcement_security
1748361,@XboxSupport ... So my Xbone gets an update on One X release date and then can't turn on any more.  Seems too convenient 😡,other_or_needs_context,other_or_needs_context
1749080,"Yo @XboxSupport I have the Xbox One X set up and I can't install 4K content.  I'm Insider Preview Beta, when do I get the option?",game_content_download,how_to_product_information
1749086,@129763 @XboxSupport Well technically it's downloading currently,account_access_profile,account_access_profile
1749091,@XboxSupport I've done all three of the power cycle options and nothing prompts the 4K asset downloads.,how_to_product_information,game_content_download
1749950,Alright @XboxSupport...... Now my discs won't read. This time last year my network connection went down. Now this. #CmonMan,other_or_needs_context,connectivity_xbox_live
1750911,"... any chance I can get, say, Gears of War 4 free to show off my new 4K beast when it finally arrive as a ""sorry for that""? @XboxSupport :)",game_content_download,game_content_download
1750910,"@XboxSupport Done that. Chat didn't really help, I need to contact @135958 but I can't find an emal or live chat option. Any hints?",other_or_needs_context,account_access_profile
1750911,"... any chance I can get, say, Gears of War 4 free to show off my new 4K beast when it finally arrive as a ""sorry for that""? @XboxSupport :)",game_content_download,game_content_download
1751948,@527827 @XboxSupport @117331 @117347 😂😂😂,account_access_profile,other_or_needs_context
1752853,@XboxSupport 4k patches are not downloading on Xbox one X,account_access_profile,how_to_product_information
1754725,@117331 hey how do you download the patch for enchanced games i cant find any downloads in my games and apps on my xbox one x,game_content_download,game_content_download
1754724,@XboxSupport Didnt work.,account_access_profile,account_access_profile
1755706,@XboxSupport See some shops are selling it for release on the 12th but I'm not 💯% sure...i just want to know if I can buy a code for it anywhere,how_to_product_information,how_to_product_information
1756763,"@XboxSupport Hi, thanks for reaching out but I'm ok, currently waiting for a callback from your support team to arrange a Scorpio collection &amp; repair.",account_access_profile,other_or_needs_context
1756765,"@140736 @117331 @XboxSupport That's why I love the ""call me"" option. Just give them your number and they will call when available = no hold music 👍",other_or_needs_context,how_to_product_information
1757557,@XboxSupport I just fixed it I had to reset my console but thanks for trying. Have a good night.,account_access_profile,account_access_profile
1758428,"@XboxSupport Oh my fault 730gb free, false advertising or what lol",billing_codes_refunds,other_or_needs_context
1759965,@141187 @XboxSupport @115786 why does the Roman Centurian pack cost money when it should be free to season pass holders?,subscription_game_pass_gold,subscription_game_pass_gold
1759995,"@XboxSupport Found out the problem, hdmi is 1.4 not 2.0. Thank you though.",other_or_needs_context,other_or_needs_context
1759998,"@XboxSupport setting up Xbox one X but says my @236406 PB287Q doesn’t support 4K at 60hz when it actually does, am I doing something wrong?",other_or_needs_context,how_to_product_information
1762606,Disc is unreadable? Where's the disc.@XboxSupport can you explain this? https://t.co/FEHRFlhVOm,other_or_needs_context,game_content_download
1762606,Disc is unreadable? Where's the disc.@XboxSupport can you explain this? https://t.co/FEHRFlhVOm,other_or_needs_context,game_content_download
1762727,@XboxSupport I called support. It has begun to work. It's at 16 percent. It's my wireless network :/,account_access_profile,connectivity_xbox_live
1762729,"@XboxSupport Just got an Xbox One. Weak internet but finally got to ""Updating"" but it's doing NOTHING!! I'm at 0% of 3.7GB :( What to do??",connectivity_xbox_live,game_content_download
1764867,@XboxSupport aye thanks for the follow+,other_or_needs_context,safety_enforcement_security
1764870,@XboxSupport I can’t redeem my rewards in cod ww2 from major Howard I’m reaching out to u guys because Activision Support aren’t replying,account_access_profile,billing_codes_refunds
1765616,@XboxSupport can you help?,account_access_profile,account_access_profile
1766497,"@XboxSupport Hi there, my Xbox One can't detect any wireless networks, even when inserted manually. Other devices work fine. Please help.",account_access_profile,connectivity_xbox_live
1769676,"@157702 @XboxSupport  son una mierda pendejos, su sistema en linea es una pendejada igual que su consola, se traba su chingadera y luego ya no reconoce mi internet, matense alv",connectivity_xbox_live,console_accessory_display
1772458,"@XboxSupport I pre ordered Rogue Trooper Redux, but it didn't play and my Xbox told me to reinstall, now the game won't install at all. Help",other_or_needs_context,game_content_download
1772457,@XboxSupport Thank you! 😁👍🏽 https://t.co/iyq2QMvmBZ,account_access_profile,other_or_needs_context
1772460,"@XboxSupport Yes, Rogue Trooper Redux is downloading again. Thank you. 😁",other_or_needs_context,account_access_profile
1772458,"@XboxSupport I pre ordered Rogue Trooper Redux, but it didn't play and my Xbox told me to reinstall, now the game won't install at all. Help",other_or_needs_context,game_content_download
1777126,@XboxSupport please fix the connection issues with the X,account_access_profile,connectivity_xbox_live
1777139,@XboxSupport My original Xbox 1 turns itself on at about the same time everything for the past two nights I am on energy saving mode and NO Kinect attached any ideas why?????,other_or_needs_context,account_access_profile
1777137,@XboxSupport @534004 STOP IGNORING ME,other_or_needs_context,safety_enforcement_security
1777644,"@XboxSupport power chord on X1X is bad, not working. Swapped in another one and X1X boots fine, can i swap for chord replacement at MS store?",account_access_profile,account_access_profile
1778720,"@XboxSupport just got my xbox1x scorpio edition and the controller that came with it quits working after a couple of minutes, what do I do?",account_access_profile,billing_codes_refunds
1778719,@XboxSupport I've tried batteries and rechargeable.  I had it plugged into console and it just quit again playing destiny 2.,game_content_download,account_access_profile
1778722,@XboxSupport Yes that is correct,other_or_needs_context,other_or_needs_context
1778724,"@XboxSupport Yes, so far updating the controller worked,  thanks",other_or_needs_context,other_or_needs_context
1782104,@XboxSupport @115786 Is there a way to get rid of it,account_access_profile,how_to_product_information
1782108,How is this possible if I don't message people or have a MIC to talk? @115786 @XboxSupport https://t.co/IZ7U9mDBjG,other_or_needs_context,safety_enforcement_security
806744,@XboxSupport How about IW DLC4?,how_to_product_information,game_content_download
1789878,@XboxSupport I know my password and email evertime I try to log in it says there was a trouble signing me in,account_access_profile,account_access_profile
1789880,@XboxSupport I can’t log into my account and I know my password,account_access_profile,account_access_profile
1789888,@302698 No does that work,other_or_needs_context,how_to_product_information
1790395,"@XboxSupport please help! Trying to get into my game but it says to sign in with account used when buying game which I did, and I have gold",account_access_profile,subscription_game_pass_gold
1790395,"@XboxSupport please help! Trying to get into my game but it says to sign in with account used when buying game which I did, and I have gold",account_access_profile,subscription_game_pass_gold
1793016,@xboxsupport there sees to be a small bug where if you pause and install and turn off and back on temporarily looks like it has fully instal,other_or_needs_context,how_to_product_information
1096944,@XboxSupport Hey my Xbox controller’s left bumper isn’t working on gta I have to press it down hard to get my weapon wheel up,account_access_profile,account_access_profile
1803240,@XboxSupport Hello there! In what category can I report an issue with the Fall Update for Xbox One?,other_or_needs_context,connectivity_xbox_live
1803761,"@115786 @XboxSupport Example: there is no reason to keep updating the home screen layouts. They were fine how they were, ur just making them more complicated",other_or_needs_context,safety_enforcement_security
1448462,@XboxSupport I can't leave my party,account_access_profile,connectivity_xbox_live
1805295,"@XboxSupport YES, THANK YOU SO MUCH!!💚",account_access_profile,account_access_profile
1811002,@XboxSupport I just updated my Xbox and my notifications are not showing up. Any advice on what I can do?,account_access_profile,how_to_product_information
1821091,@129564 It’s brand new and my old 4tb never did it. None of my settings changed.  I would hate to change it. Half full already...,billing_codes_refunds,account_access_profile
1821090,@XboxSupport Unfortunately I can not. Is it the particular brand?,how_to_product_information,how_to_product_information
1821091,@129564 It’s brand new and my old 4tb never did it. None of my settings changed.  I would hate to change it. Half full already...,billing_codes_refunds,account_access_profile
1451160,"@XboxSupport hi, my x button is suddenly not worming on my controller, any help?",account_access_profile,account_access_profile
1822163,@XboxSupport are the latest Xbox One controllers able to be paired with iOS devices via Bluetooth?,other_or_needs_context,other_or_needs_context
1829396,"@XboxSupport I have this green screen. I have seen the YouTube fix for it.  Every time I hit the sync button it turns my controller off
Ty https://t.co/EEijfT44Ub",account_access_profile,account_access_profile
1832235,@xboxsupport The download for the update to my X1X is going super slow. It’s wired to my gigabit internet. 1% progress every few minutes.,other_or_needs_context,connectivity_xbox_live
1832235,@xboxsupport The download for the update to my X1X is going super slow. It’s wired to my gigabit internet. 1% progress every few minutes.,other_or_needs_context,connectivity_xbox_live
1832239,@XboxSupport Could you tell me if there is 4K content available for COD:WWII on the Xbox One X? I’ve checked my install and it doesn’t yet.,game_content_download,game_content_download
1832239,@XboxSupport Could you tell me if there is 4K content available for COD:WWII on the Xbox One X? I’ve checked my install and it doesn’t yet.,game_content_download,game_content_download
1832926,@116540 Ok thank you for your help,account_access_profile,other_or_needs_context
1852536,@115786 @XboxSupport you people are like daylight saving time as soon as you get used to something you go and completely change it,other_or_needs_context,how_to_product_information
1858911,@XboxSupport I’m having problems with my chat don’t know if it’s xbox or my mic but my friends are always cutting in and out when they talk,account_access_profile,connectivity_xbox_live
1866645,@XboxSupport Why does my XBOX randomly come on? I'm not pressing the button on the console or stick. It randomly comes on.,account_access_profile,connectivity_xbox_live
1866766,@117353 ima tweet everyone yall tweet BC it's annoying with the frame issue or lag on xbox. Pls fix,other_or_needs_context,connectivity_xbox_live
891149,@331595 @XboxSupport @39211 @39212 @39213 @331596 DEINE MUM PFEIFT IN DER KREISLIGA WARUM IST DAS SO LUSTIG 😂😂😂😂,billing_codes_refunds,console_accessory_display
1871186,@XboxSupport XX alluZionZ XX,account_access_profile,account_access_profile
1871184,@XboxSupport the only other email I got was from a second ban I got while already banned(?) and I only have one account,safety_enforcement_security,safety_enforcement_security
1871190,@197380 yea that didn't work🤷🏾‍♂️,safety_enforcement_security,account_access_profile
1872576,What’s with @115786 straight up destroying my network? @XboxSupport,connectivity_xbox_live,connectivity_xbox_live
1885798,@XboxSupport ¡help me please! https://t.co/TdbeaQMDA3,account_access_profile,account_access_profile
1900516,@XboxSupport i cannot get into my account.  DM me please for help.,account_access_profile,account_access_profile
1916418,@XboxSupport its starting to get old now every time its a week left on my subscription I start getting kicked offline in the middle of games,account_access_profile,connectivity_xbox_live
1929547,@XboxSupport Suddenly i cant access or se friends activity feed or screen captures.. why?,account_access_profile,how_to_product_information
1934430,@XboxSupport I have DM my GamerTag!,account_access_profile,account_access_profile
1937505,@XboxSupport No I can see my friends there,account_access_profile,connectivity_xbox_live
1937507,@XboxSupport why does my Xbox say I have no friends,account_access_profile,connectivity_xbox_live
1938016,@XboxSupport Like are you serious I am the one telling them to stop and your going to fucking ban me when they're bullying people with special needs,safety_enforcement_security,safety_enforcement_security
1962333,"@XboxSupport Well I preordered WW2 on the Xbox store but I want to upgrade to the digital deluxe edition, how do I do that without paying twice?",how_to_product_information,how_to_product_information
1962335,"@115766 for those who have preordered on Xbox store, is there any way to upgrade to digital deluxe? Or will it charge me twice?",billing_codes_refunds,how_to_product_information
1963259,@XboxSupport Yes I preloaded the game and everything and then Xbox sent me this message https://t.co/6dURATB3g8,other_or_needs_context,account_access_profile
1963262,@XboxSupport Why does it say my payment failed can you fix this https://t.co/b2SLsl0e3F,account_access_profile,other_or_needs_context
1963564,"@XboxSupport hello guys, my Dashboard is completely buged https://t.co/uc4Xo2YF9t",other_or_needs_context,other_or_needs_context
1963564,"@XboxSupport hello guys, my Dashboard is completely buged https://t.co/uc4Xo2YF9t",other_or_needs_context,other_or_needs_context
1963570,@XboxSupport Yes...thank you!!!,account_access_profile,account_access_profile
1963572,"@XboxSupport Yes, everything ok, Thank you guys!!!",other_or_needs_context,other_or_needs_context
1967919,@115786 @XboxSupport everything that was installed. So I pressed it and uninstalled over 500GB+ worth of stuff. 2/2,account_access_profile,game_content_download
1967919,@115786 @XboxSupport everything that was installed. So I pressed it and uninstalled over 500GB+ worth of stuff. 2/2,account_access_profile,game_content_download
1984371,"@XboxSupport 
my wireless control of the xbox one does not connect nor by cable usb",account_access_profile,connectivity_xbox_live
2006826,@XboxSupport I need assistance. 🙄,other_or_needs_context,billing_codes_refunds
2018952,Fix The WW2 Servers. They're down AGAIN.... @ATVIAssist @115765 @115766 @XboxSupport https://t.co/dwy6RHw7Xs,account_access_profile,connectivity_xbox_live
2019363,@116549 CoD WW2 servers down again? This sucks,connectivity_xbox_live,connectivity_xbox_live
2021809,@XboxSupport hi looking some help with my new guide as its not letting me go right because when I try go to the right it send me to the left,account_access_profile,how_to_product_information
2021807,@XboxSupport It doesn't happen in game,account_access_profile,account_access_profile
2024652,@XboxSupport I need help,account_access_profile,how_to_product_information
2028041,@XboxSupport do you know when the patch of WWE 2k18!is going to be live? 🙂,other_or_needs_context,game_content_download
2038193,"@XboxSupport setting up party chat on the Windows app, but it's saying my mic Sample Rate isn't supported. Do you know the min required?",other_or_needs_context,how_to_product_information
2040893,"@XboxSupport I can’t redeem the 1 month game pass code I got with my Xbox one X?  It just takes me to your site and when I try to redeem it, it says “something went wrong”.",account_access_profile,subscription_game_pass_gold
2040891,@XboxSupport Yeah I have the free 2 week thing,billing_codes_refunds,subscription_game_pass_gold
2040891,@XboxSupport Yeah I have the free 2 week thing,billing_codes_refunds,subscription_game_pass_gold
2040892,@XboxSupport @603450 I’m having the same issue the person I called said it was an Active Xbox 360 gamepass code and said @115821 puts the codes in?,account_access_profile,account_access_profile
2045131,I is confused - - - not nov 3rd? @ATVIAssist @XboxSupport https://t.co/WrNMXPcJcW,other_or_needs_context,other_or_needs_context
2047915,@XboxSupport my Xbox Live isn’t working,account_access_profile,account_access_profile
2048503,OK SO MY XBOX IS TOTALLY FUCKED FML,account_access_profile,connectivity_xbox_live
2051437,@XboxSupport starting last light I’m randomly getting UPnP unavailable with my Xbox one then a few hours later it functions properly.,account_access_profile,connectivity_xbox_live
2051437,@XboxSupport starting last light I’m randomly getting UPnP unavailable with my Xbox one then a few hours later it functions properly.,account_access_profile,connectivity_xbox_live
2051445,"Sighdidnt work any other suggestions, @XboxSupport https://t.co/OGwyIm0lkL",account_access_profile,account_access_profile
2054106,"@115786 #XboxOneX preordered, to enjoy @141187 in 4K - Can't wait! 🤗",other_or_needs_context,game_content_download
2056003,"@1480 Why can't we login to Xbox live on Latest Version?
The screen turn to black and exit back! Pls fix it for Us!We love Minecraft!",account_access_profile,account_access_profile
2062621,"@XboxSupport I tried to switch from tv to a game and my xbox one is now at a black screen, I have unplugged it and power it back on and checked all the connections what next on how to troubleshoot",account_access_profile,account_access_profile
2062620,@XboxSupport what does system e102 000000c12 80070079 mean?,other_or_needs_context,other_or_needs_context
2062623,@XboxSupport I got it to work,account_access_profile,billing_codes_refunds
2068763,@XboxSupport What up @117014,other_or_needs_context,connectivity_xbox_live
2068763,@XboxSupport What up @117014,other_or_needs_context,connectivity_xbox_live
2069091,"Why did you change the dashboard when it was great the way it was. It's terrible now 
@115786 @XboxSupport",other_or_needs_context,how_to_product_information
2070750,"@XboxSupport I've been wrongly accused of cheating, is there anyway I can clear my name and provide my explanation?",safety_enforcement_security,safety_enforcement_security
269647,@XboxSupport I can't seem to find the quests section under games with gold. Any idea what I'm doing wrong?,subscription_game_pass_gold,subscription_game_pass_gold
2074139,"@213651 With new update it’s different, found out how though. Thanks",other_or_needs_context,other_or_needs_context
2074138,@XboxSupport Will do!,account_access_profile,account_access_profile
2080195,"@XboxSupport Trying to buy Cuphead on Xbox One (currently have a 20.31 account balance and the game is 19.99), keep getting this error: https://t.co/ZgCsNy0RwN",account_access_profile,billing_codes_refunds
2080909,All I’m going to do is eat loads of fucking food and go on the Xbox that’s my life,connectivity_xbox_live,game_content_download
2089224,@XboxSupport is World at War 2 ever going to work? Keep getting Xbox live errors and the following: https://t.co/ejh94hhFGr,other_or_needs_context,connectivity_xbox_live
2108896,@XboxSupport My kinect isn't being recognized by xbox one x.  Can this be troubleshot the same as xbox one s?,how_to_product_information,how_to_product_information
2108898,"@XboxSupport I followed those steps, as well as moved the console to the other side of the house, with same result on the Scorpio controller. Like I mentioned, my original XB1 controller paired up and continues to work.",account_access_profile,other_or_needs_context
2108902,"@XboxSupport my Scorpio Edition shipped with a bad controller - won't hold a connection w/ the console. Changed batteries, re-paired, and checked firmware. No improvement. Tried my old XB1 controller and it works fine.  What are my options?",console_accessory_display,other_or_needs_context
2108908,@XboxSupport @ATVIAssist @115754 @115765 @115766 Who do I contact about a return/refund? Definitely didn’t get what I paid for.,billing_codes_refunds,billing_codes_refunds
2108979,Hey @XboxSupport Why don't the GamePass codes that ship in consoles work? I have two get the same error with both.,account_access_profile,account_access_profile
2109019,"@XboxSupport Actually, it looks like it’s working now. Thanks!",account_access_profile,other_or_needs_context
2109021,@XboxSupport can’t seem to disable Cortana on the Xbox One X connected to the Kinect like I can on the XB1 S. Am I missing something?,other_or_needs_context,how_to_product_information
2112847,@116549 igot cod blackops3 and the additional file doesnt get installed every time it hits99%it starts from the begining or says eror,game_content_download,game_content_download
2112846,@XboxSupport Disc copy,how_to_product_information,game_content_download
2112849,@XboxSupport My console is the xbox 360 not the xbox one,account_access_profile,how_to_product_information
2114265,"@XboxSupport So, I have not heard from support, but a 3rd party site had a less than ideal solution, but it worked for me. Reset origin console from the settings menu, but keep games and apps. It works.",account_access_profile,how_to_product_information
2114290,"Well, my #XBOXoneX Scorpio edition lasted almost 2 hours. Not impressed @XboxSupport it just shut off and that's that. Too bad it took my copy of #SouthParkTheFracturedButtWhole with it. I could return it to @116090 but then I'll loose my ""scorpio edition"" and the game. Boooooo https://t.co/RZU5JKh8Tr",account_access_profile,billing_codes_refunds
2124009,"@XboxSupport Well that's an entirely unhelpful answer. It used to be everyone got one free name change. I can't afford to spend that much just for a username change, even though my current GT causes me discomfort everytime I see it now.",safety_enforcement_security,subscription_game_pass_gold
2124009,"@XboxSupport Well that's an entirely unhelpful answer. It used to be everyone got one free name change. I can't afford to spend that much just for a username change, even though my current GT causes me discomfort everytime I see it now.",safety_enforcement_security,subscription_game_pass_gold
2124014,@XboxSupport what happened to the 'one free name change'? I've never changed my GT but it's still asking me for £8?,account_access_profile,account_access_profile
2129517,"@XboxSupport I'm getting constant friend requests, game invites, party invites, messages etc and I need this to stop. Its all random people I've never heard of and it won't stop.",safety_enforcement_security,account_access_profile
2129517,"@XboxSupport I'm getting constant friend requests, game invites, party invites, messages etc and I need this to stop. Its all random people I've never heard of and it won't stop.",safety_enforcement_security,account_access_profile
2138369,@XboxSupport @628952 @345697 hi am trying to find the ‘insects’ demo on the UK Store? Is it missing ?,other_or_needs_context,how_to_product_information
2138399,"@XboxSupport Assassins Creed prompted for an update - didn’t seem to be downloading so I cancelled with the intention of starting it again. Instead of cancelling, it deleted the game?!? What the hell? I need to download a 42GB game again because of this...",game_content_download,game_content_download
2138399,"@XboxSupport Assassins Creed prompted for an update - didn’t seem to be downloading so I cancelled with the intention of starting it again. Instead of cancelling, it deleted the game?!? What the hell? I need to download a 42GB game again because of this...",game_content_download,game_content_download
2138428,"@XboxSupport ayuda en español? I need help, my gold account doesn't work Whit my brother account",account_access_profile,subscription_game_pass_gold
2138442,"@116543 @XboxSupport just got the X backup up my settings to externaldrive, but i couldn’t find the xbox insider app, how can i join again",account_access_profile,how_to_product_information
2138469,@XboxSupport is the starwars ea access trial available Now? It says It is but won't let me play,account_access_profile,game_content_download
2138474,"@XboxSupport Hey! You’re Xbox iPhone app can’t send och reply messages anymore. I’m on a iPhone 8 plus. iOS 11.0.3. And yes, I tried it on another iPhone 8 plus and yes I deleted the app and installed it again. Would really appreciate if you could fix this.",account_access_profile,game_content_download
2138474,"@XboxSupport Hey! You’re Xbox iPhone app can’t send och reply messages anymore. I’m on a iPhone 8 plus. iOS 11.0.3. And yes, I tried it on another iPhone 8 plus and yes I deleted the app and installed it again. Would really appreciate if you could fix this.",account_access_profile,game_content_download
2138476,@XboxSupport Thanks!,account_access_profile,account_access_profile
2138478,@XboxSupport Thanks! The update works! GG,account_access_profile,other_or_needs_context
2138502,@XboxSupport ...so there's something awfully wrong with your servers lacking bandwidth. You need max speed when it's a 50gb download!,connectivity_xbox_live,connectivity_xbox_live
2138502,@XboxSupport ...so there's something awfully wrong with your servers lacking bandwidth. You need max speed when it's a 50gb download!,connectivity_xbox_live,connectivity_xbox_live
2142640,@XboxSupport I preordered sonic forces for Xbox one and got the free shadow costume and i can see it in recents in my queue but not in game,billing_codes_refunds,how_to_product_information
2142644,@XboxSupport my controller keeps disconnecting for no reason,account_access_profile,other_or_needs_context
2142656,"@392542 @115786 @XboxSupport I use my kinect all the time, it was a massive step-up from the 360 version",other_or_needs_context,how_to_product_information
2146157,@XboxSupport @115890 My #CoDWWII keeps closing by itself at random times HELP!!,account_access_profile,account_access_profile
2146157,@XboxSupport @115890 My #CoDWWII keeps closing by itself at random times HELP!!,account_access_profile,account_access_profile
2146229,@XboxSupport hey I got a question my net type on my Xbox says open but when I get on like Call of Duty World War II or cod ghost and it says moderate how do I fix that,connectivity_xbox_live,game_content_download
2146228,@XboxSupport Hey my net type is open on my Xbox but when I get on a game on the game as moderate and then when I checked the Xbox is still open,account_access_profile,connectivity_xbox_live
2148259,@XboxSupport hey my one x is LOUD! fans really going for it when playing games. Its sat flat on an open shelf! Thought these were whisper quiet???,other_or_needs_context,other_or_needs_context
2148325,@XboxSupport Are there any known issues with XBOX one S / X playing 4K blurays? I get stuttering and colour flashes on Despicable me 3 and Fate of the furious.,other_or_needs_context,how_to_product_information
2148322,@XboxSupport This is what I get when I play Ultra HD films @117331 @115786 https://t.co/CJnNaTZktn,other_or_needs_context,safety_enforcement_security
2148327,@XboxSupport @117331 @115786 It's a Panasonic TX50CX680B and I've only noticed it on despicable me 3 and Fast 8,other_or_needs_context,game_content_download
2148331,@XboxSupport @116549 @152374 @174471 @10076 @16766 how to do i check on the status of this existing request https://t.co/l8iIaJgNO1,other_or_needs_context,how_to_product_information
2157893,@XboxSupport 4K HDR content via Netflix and BluRay app on the Xbox One x looks horribly washed out.  Have tried multiple settings and restarts and it still persists.  Is this an app or hardware issue?  Thx.,other_or_needs_context,how_to_product_information
2157916,@XboxSupport I️ have not been able to select anything in my party for the last few days. Is this a known issue?,account_access_profile,connectivity_xbox_live
2157916,@XboxSupport I️ have not been able to select anything in my party for the last few days. Is this a known issue?,account_access_profile,connectivity_xbox_live
2157928,@XboxSupport Also I can’t seem to change the length of my gold subscription from my Xbox one that keeps signing me out. It has sign me out three more times since I tweeted before with no support from anyone @XboxSupport,account_access_profile,account_access_profile
2157932,@XboxSupport Support is insisting I only bought the windows version and never bought the Xbox One but that's complete crap. They just can't figure out how my licences vanished off my account.,account_access_profile,how_to_product_information
2157941,@XboxSupport is there a separate game download for Xbox One X enhanced games? I have 2 copies of CoD WW2 installed.,game_content_download,game_content_download
2157991,"@6580 @XboxSupport Not sure which Dept to contact, but the Xbox App on Windows 10 freezes when it loads after the initial green screen. The activity page is froze. Cannot use the app.",account_access_profile,how_to_product_information
2158013,Having problems with responding to messages on the Xbox App. @xboxsupport,other_or_needs_context,account_access_profile
2158018,@XboxSupport Actually I just restarted my Xbox and waited about a hour and it’s working now. Thank you for ur fast reply though:),account_access_profile,account_access_profile
2172820,@115786 @115787 @15913 @126972 Make that 4 times now...,safety_enforcement_security,game_content_download
2172850,"I have a problem with a game i bought in March, Ultimate Marvel vs Capcom 3, it was fine, but now, it says i cant access @XboxSupport",account_access_profile,game_content_download
2181306,My Xbox one x was dead out the box  . Would not power on. @115786 @xboxsupport https://t.co/DyE5mMj5UU,account_access_profile,other_or_needs_context
2181477,@334200 ive got a TX-40EX600B and seem to be having problems with the hdr on xbox one x @xboxsupport  any help would be great thank you,other_or_needs_context,how_to_product_information
2181475,@XboxSupport It’s always pixelated blocky when it’s got white lights on Black I believe :/,other_or_needs_context,account_access_profile
2188804,@115890 @XboxSupport @15913 how can I have an Xbox one X with a USB 3 SSD (!?) tell me a game has taken too long to start and the only thing I can do is pull the plug and hope it boots up next time!?,other_or_needs_context,how_to_product_information
2188892,@XboxSupport I did,account_access_profile,billing_codes_refunds
2188894,"@XboxSupport why tf does my Xbox say "" this is disk is made for region 2 and this console is designed for region 1"" even though I live and bought the console in the UK????!? ( also it plays games bought in the U.K. Just fine....)",other_or_needs_context,billing_codes_refunds
2188908,@XboxSupport messaged yesterday about having lag spikes on xbox one. you asked about connection and what games i did reply to that with my network statistics and games it happens on. any help from there would be great.,connectivity_xbox_live,connectivity_xbox_live
2188916,"@XboxSupport still not got any solution for the problem which means my Grand Theft Auto still won’t start up and crashes at the screen. Been like this for ages now, other games work correctly and is saved internally.",account_access_profile,account_access_profile
2188915,@XboxSupport Nope😕,account_access_profile,other_or_needs_context
2188918,@XboxSupport @XboxSupport I’ve already tried reinstalling the game. Nothing changed!,account_access_profile,account_access_profile
2188918,@XboxSupport @XboxSupport I’ve already tried reinstalling the game. Nothing changed!,account_access_profile,account_access_profile
2188894,"@XboxSupport why tf does my Xbox say "" this is disk is made for region 2 and this console is designed for region 1"" even though I live and bought the console in the UK????!? ( also it plays games bought in the U.K. Just fine....)",other_or_needs_context,billing_codes_refunds
2196871,@XboxSupport Ps I started on a trial of gold but then added 1 month paidim not sure if the 1 month over rides the shitty trial,subscription_game_pass_gold,subscription_game_pass_gold
2196874,@XboxSupport how come the number under my profile is gone from my profile the one that shows you how many years you have been on Xbox Live? I had a long break and am back for the one x with a free trial?,account_access_profile,how_to_product_information
2197029,@XboxSupport why are Xbox One’s so bad at playing Blu-Rays?,other_or_needs_context,other_or_needs_context
2197054,@XboxSupport I have had an Xbox one for 3 years without a hint of an issue and Xbox 360 that's why I chose the Xbox one X,other_or_needs_context,how_to_product_information
2197057,@15913 @135958 @115890 @117331 @XboxSupport after buying an Xbox one X it turned into a brick failed to power on and its not an isolated case I received a replacement but I have no confidence and treating replacement with kid gloves even opting to play old Xbox 1 https://t.co/H8MQZiErnU,account_access_profile,account_access_profile
2197054,@XboxSupport I have had an Xbox one for 3 years without a hint of an issue and Xbox 360 that's why I chose the Xbox one X,other_or_needs_context,how_to_product_information
2202215,"@XboxSupport well that was a waste of time, did what you said and still don't have the costume",account_access_profile,billing_codes_refunds
2202215,"@XboxSupport well that was a waste of time, did what you said and still don't have the costume",account_access_profile,billing_codes_refunds
2202219,"@XboxSupport but says the costume is available June next year, other consoles have it now",how_to_product_information,subscription_game_pass_gold
2142642,@629986 @XboxSupport did you get the issue resolved max? They seem to be ignoring me atm,account_access_profile,other_or_needs_context
2202237,@XboxSupport hi there my brother in law's #XboxOneXScorpioEdition keeps powering down without warning. What's wrong with it??,other_or_needs_context,connectivity_xbox_live
2202251,"@XboxSupport Does the One X support 4k pass through?
ie Direct 4k receiver to one X, to 4k TV. 
If not, can it be patched, or is it hardware issue. Thank you.",other_or_needs_context,how_to_product_information
2202253,@XboxSupport Without paying the full price again.,billing_codes_refunds,subscription_game_pass_gold
2202301,@XboxSupport can you stop banning me from Xbox live for trash talking please? It makes me really sad,safety_enforcement_security,safety_enforcement_security
2202301,@XboxSupport can you stop banning me from Xbox live for trash talking please? It makes me really sad,safety_enforcement_security,safety_enforcement_security
2202340,"@XboxSupport Never mind, seemed to have fixed the issue",account_access_profile,account_access_profile
2209819,@XboxSupport Does the console allow u to chat and play with friends who have the Xbox one?,connectivity_xbox_live,connectivity_xbox_live
2209828,"@XboxSupport Looks great on my TV, but I know at least one person who says that the HDR is very oversaturated on their TV.  TV appears to be similar to mine so not sure what's going on. One issue is that it's hard to share videos and captures as they look terrible on my PC and other devices",console_accessory_display,how_to_product_information
2209821,@XboxSupport Any timetable for 1440p support?,other_or_needs_context,other_or_needs_context
2209926,@XboxSupport @XboxSupport and now my #ProjectScorpio is stuck here. Can't click yes or no. I'm going to bed. https://t.co/UpuXVgMM67,account_access_profile,connectivity_xbox_live
2215167,@XboxSupport Hey can you help me with something,account_access_profile,subscription_game_pass_gold
2215181,@XboxSupport my friends Xbox one (original) will just randomly turn off when he is playing a game. And it won’t turn back on. He is really mad about this. Can u guys help us fix it???,account_access_profile,account_access_profile
2209825,@XboxSupport my tv don't support hdr just 4k so will I still have a good picture,other_or_needs_context,how_to_product_information
2209826,@XboxSupport My xbox one x won't eject disc?,other_or_needs_context,how_to_product_information
2218999,@XboxSupport I need help ASAP,other_or_needs_context,subscription_game_pass_gold
2228600,"@XboxSupport someone decided to use the email used on my daughters Xbox account for porn subscriptions, I need to change the email address",account_access_profile,account_access_profile
2232613,"@XboxSupport is that true that xb one x will support mouse,keyboard for games?",other_or_needs_context,how_to_product_information
2157895,"@165786 @XboxSupport Same here, the PS4 pro is fine but the Xbox One X goes all dull",other_or_needs_context,other_or_needs_context
2232765,"@XboxSupport Thanks for the $5 Gift, im bringing it back to see if I can get one for my region! 😊 https://t.co/eqTJbwt33O",other_or_needs_context,billing_codes_refunds
2232777,@XboxSupport @130179 Congrats on the xbox x release. Where are the 4K movies on the AU Xbox store? Only HD and SD. Very disappointed!,game_content_download,how_to_product_information
2232813,@XboxSupport my Xbox one just turned on by itself.. any reasonable understanding like an update or something like that? Only one remote. We’re all in the dining room when I heard the sound of it turning on...,other_or_needs_context,account_access_profile
2209822,@XboxSupport I had to figure out how to tell my tv to turn on HDR. But once done it works great.,other_or_needs_context,other_or_needs_context
2244417,@130182 @XboxSupport After purchasing my Xbox One X I put all my content on a external drive and moves it over. My #WWE2K18 DOC is missing and I am unable to download it from the store as it says it's already installed. May I get help fixing this issue?,account_access_profile,how_to_product_information
2244419,@XboxSupport I guess no Star Wars battlefront or Sims 4 trials for me this weekend 😟 https://t.co/FV0fntAMMD,game_content_download,game_content_download
2244434,"@XboxSupport Yep it's fine, I'm just wondering if it may be an issue with my xbox or if there's something I could do to stop it from happening again ☺",account_access_profile,connectivity_xbox_live
2244433,@XboxSupport It doesn't happen very often. All my games are installed internally and occasionally will start to buzz really loudly and proceed to crash..,other_or_needs_context,game_content_download
2244437,@XboxSupport Do you know why the game will just randomly start vibrating and then go to the dashboard? Been happening for ages now,other_or_needs_context,game_content_download
2244448,"What's up with @115766 on #Zombies for the @XboxSupport keeps crashing saying ""Request Command Error"" on local play... #Twice #WTF #Round12 #Round14",other_or_needs_context,connectivity_xbox_live
2244484,@115786 I can’t watch any of my video apps not even YouTube or@Hulu and @116602 wassup🤔got message saying servers #XboxLive is Down,account_access_profile,connectivity_xbox_live
2244483,@XboxSupport  https://t.co/Yb8FqYh88o,other_or_needs_context,other_or_needs_context
2244486,@XboxSupport This is the code as of late https://t.co/Zd7DZTrTEv,other_or_needs_context,connectivity_xbox_live
2244484,@115786 I can’t watch any of my video apps not even YouTube or@Hulu and @116602 wassup🤔got message saying servers #XboxLive is Down,account_access_profile,connectivity_xbox_live
2209835,@XboxSupport Do I need to have high internet speed to run this console. Or will it affect my internet the same as the original Xbox one,connectivity_xbox_live,how_to_product_information
2209835,@XboxSupport Do I need to have high internet speed to run this console. Or will it affect my internet the same as the original Xbox one,connectivity_xbox_live,how_to_product_information
2244504,@XboxSupport So would I be better staying with my current Xbox. Or should it affect them the same. Because my family is worried about their internet buffering more due to this being a stronger console,other_or_needs_context,connectivity_xbox_live
2244532,@115787 @XboxSupport how do  i combine my screenshot? got a png and jxr file when i upload a 4k hdr screenshot picture to onedrive.,other_or_needs_context,how_to_product_information
2244617,@XboxSupport I haven't been playing any other games,account_access_profile,billing_codes_refunds
2244620,@XboxSupport @XboxSupport https://t.co/Edp0ohd70p,account_access_profile,other_or_needs_context
2244622,After all the updates the servers are still bad matter of fact they're even worse @115754 @ATVIAssist @115765 @XboxSupport @115786,other_or_needs_context,connectivity_xbox_live
2244617,@XboxSupport I haven't been playing any other games,account_access_profile,billing_codes_refunds
2244674,@654302 I had to return her today. I just couldn’t do anything. The @XboxSupport was NO help and I’m almost positive that the wifi chip/card/reader inside the console is faulty. Kept signing me in &amp; out of live. It was unplayable 😞 I couldn’t get another limited 1/2,account_access_profile,account_access_profile
2244673,@XboxSupport I just DM’d you guys,other_or_needs_context,safety_enforcement_security
2244673,@XboxSupport I just DM’d you guys,other_or_needs_context,safety_enforcement_security
2244673,@XboxSupport I just DM’d you guys,other_or_needs_context,safety_enforcement_security
2244673,@XboxSupport I just DM’d you guys,other_or_needs_context,safety_enforcement_security
2245752,@XboxSupport Any word on a fix for the #StrangerThings blu-ray playback?,other_or_needs_context,other_or_needs_context
2245762,"this is kind of an eyesore, any reason why it hasn't updated @XboxSupport",other_or_needs_context,billing_codes_refunds
2249592,"@XboxSupport Just got an Xbox One X, but when I watch UHD Blurays in HDR, blacks appear grey. Connected through a Denon X7200WA for Dolby Atmos, to my LG E6 OLED TV. Latest firmware for everything. Hope you can advise me!",other_or_needs_context,how_to_product_information
2249592,"@XboxSupport Just got an Xbox One X, but when I watch UHD Blurays in HDR, blacks appear grey. Connected through a Denon X7200WA for Dolby Atmos, to my LG E6 OLED TV. Latest firmware for everything. Hope you can advise me!",other_or_needs_context,how_to_product_information
2249595,@655479 @115890 @88521 @XboxSupport @115786 I was discussing this for an hour yesterday and asked for the transcript of the chat to be sent to me for use if needed as well.,other_or_needs_context,billing_codes_refunds
2249649,"Just had a typically excellent @XboxSupport call. unable to fix my issue, the rep said im not going to get in a debate with you and hung up",other_or_needs_context,safety_enforcement_security
2249660,@XboxSupport Fixed it I had to pull out the cables,account_access_profile,account_access_profile
2258358,"@657672 why is the game not working on xbox, downloaded the founder pack and it says game is not available",account_access_profile,game_content_download
2258367,@XboxSupport just bought an Xbox x... Are there separate downloads I have to get to get the enhanced versions of games?,how_to_product_information,how_to_product_information
2258443,@XboxSupport uhh I was playing and my Xbox one power brick made a pop noise and it won't work...please don't tell me I have to buy another..,other_or_needs_context,account_access_profile
2264000,"@XboxSupport Why is my XBox suddenly running so slow? SlingTV, Games, main menu..",connectivity_xbox_live,connectivity_xbox_live
2263999,"@XboxSupport Yep, I did all of that.. same result.",account_access_profile,other_or_needs_context
2264089,@XboxSupport Ive been trying to change the email on my account for like 3 years. can someone PLEASE from tech support just change my email. I don't have access to the one on file,account_access_profile,account_access_profile
2264089,@XboxSupport Ive been trying to change the email on my account for like 3 years. can someone PLEASE from tech support just change my email. I don't have access to the one on file,account_access_profile,account_access_profile
2269245,@XboxSupport  changed my password and everything but this keeps happening ? #XboxHelp https://t.co/D966DiyeMv,account_access_profile,account_access_profile
2269264,"@XboxSupport Hi, I'm facing this problem with my Xbox One, message code: 0x80040506
The screen suddenly became black!
Help me please!",account_access_profile,account_access_profile
2275025,"@XboxSupport my Elite controller no longer works with my chat adapter. Works fine in another controller. I can hear party chat, but my mic doesn't register anything, can't see the chat bubble lighting up. Plugged directly into the controller the headset works.",other_or_needs_context,other_or_needs_context
2275024,"@XboxSupport Yes, tried that. Works on a second controller. It's just the Elite that doesn't work. Works every time on a normal controller. Firmware is up to date.",other_or_needs_context,other_or_needs_context
2276409,"@XboxSupport 2 different Xbox’s, 2 different games and continuous crashing.. what is going on???",other_or_needs_context,connectivity_xbox_live
2276666,@XboxSupport Please can someone help me with my Xbox live connection for xbox360. Ive been through every suggestion available and nothing works.,account_access_profile,connectivity_xbox_live
2276665,"@XboxSupport Thank you,but ive literally done all of this.I have been through each step &amp; performed it meticulously.I have also checked my router settings etc. Ive an xbox one on the same network and it works fine.This seems to be specifically my xbox360. I cant even create a new live account",account_access_profile,connectivity_xbox_live
2276668,@XboxSupport Ive double checked everything and it all seems to be working from my side.,account_access_profile,connectivity_xbox_live
2277068,"@XboxSupport XY
 Hi i need some help because the support chat is not available at the moment.",other_or_needs_context,how_to_product_information
2277447,@XboxSupport I bought the Shadow over Hercopolis bundle for smite yesterday and I still have not received my items plz help,billing_codes_refunds,billing_codes_refunds
2277456,"@XboxSupport Hi, i'm a Xbox Live Gold member until February 2018 but when i want download a GWG game or use a Gold deals of the week, it was say i have to buy a Gold membership. What i have to do ? Please",subscription_game_pass_gold,subscription_game_pass_gold
2277460,@XboxSupport I️m experiencing an issue where I️ can get sound when gaming but not when watching shows. Keep getting booted out of Netflix as well.,connectivity_xbox_live,connectivity_xbox_live
2279975,"@XboxSupport It's not listed in there or under ready to install, but when I find it on the marketplace it tells me the content is installed",how_to_product_information,game_content_download
2279978,"@25812 @XboxSupport @530755 Hey, I got a Shadow costume DLC code from Amazon for Sonic Forces, redeemed it and it's not showing up in-game. Help?",billing_codes_refunds,billing_codes_refunds
2279975,"@XboxSupport It's not listed in there or under ready to install, but when I find it on the marketplace it tells me the content is installed",how_to_product_information,game_content_download
2281313,@XboxSupport #Xboxfr    #XboxOne l'adaptateur n'est trouvable nul part ! Je regarde sur Microsoft store et tjr en rupture... On fait comment svp ?!,how_to_product_information,console_accessory_display
2281325,"@XboxSupport Hello team i live In Puerto Rico and we have problem with electricity. The PR gamers is loosing the free games with gold from september.Any help will be good..
thanks for the support",subscription_game_pass_gold,subscription_game_pass_gold
2281325,"@XboxSupport Hello team i live In Puerto Rico and we have problem with electricity. The PR gamers is loosing the free games with gold from september.Any help will be good..
thanks for the support",subscription_game_pass_gold,subscription_game_pass_gold
2281978,"@XboxSupport so I got disconnected online.. again. Twice online, and once hung up on over the phone. This is ridiculously bad customer servicw.",account_access_profile,connectivity_xbox_live
2282382,@115786 Btw guys I think there's a slight problem...my XBOX IS over heating i think....feels like a mini fireplace,account_access_profile,other_or_needs_context
2285749,@XboxSupport fix halo reach servers plz,other_or_needs_context,connectivity_xbox_live
2285969,@XboxSupport Xbox won’t connect to Xbox live either.,account_access_profile,connectivity_xbox_live
2285974,@XboxSupport are halo 3 servers down? Just got the one x and wanting to play enhanced...,other_or_needs_context,game_content_download
2287656,@XboxSupport I keep getting Packet Loss in the mid 20%. Any fixes or tips?,connectivity_xbox_live,connectivity_xbox_live
2287655,"@XboxSupport Sadly nothing on that page helped, as it deals with ""Test Multiplayer Connection"" issues and such, not my issue.  :/",account_access_profile,connectivity_xbox_live
2287659,"@XboxSupport So now that I have an xbox with HDR, how can I upgrade previously purchased movies to the 4k/HDR version?  Looks like once you own it, you lose the ""buy"" button. I own most of the movies I want to see in HDR already :(",how_to_product_information,how_to_product_information
2287659,"@XboxSupport So now that I have an xbox with HDR, how can I upgrade previously purchased movies to the 4k/HDR version?  Looks like once you own it, you lose the ""buy"" button. I own most of the movies I want to see in HDR already :(",how_to_product_information,how_to_product_information
2288350,@XboxSupport y’all wanna tell me why your one year old controller stopped the L3 button from working??,account_access_profile,console_accessory_display
2288353,@115765 @ATVIAssist @115786 @XboxSupport Why can’t I play a match on WWll? It’s just says looking for matches but i never join one.,account_access_profile,connectivity_xbox_live
2291978,@665639 @AskPlayStation This is why you should've gotten an Xbox!!!!! @XboxSupport is way better (and quicker at responding) than @AskPlayStation!,other_or_needs_context,other_or_needs_context
2291988,"@XboxSupport I just installed new wifi because my previous wifi was not suitable. This new wifi id absolutely amazing and will connect to any device in the house, besides my xbox one. I have trief the solutions and nothing works. What do I do",connectivity_xbox_live,connectivity_xbox_live
2292249,@XboxSupport Why am I getting packet loss on Xbox but not on pc.,other_or_needs_context,connectivity_xbox_live
2292658,"@XboxSupport I don't think my Xbox One is supposed to turn on by itself, it just randomly did (I do have it set to instant-on but I didn't touch the console or controller",account_access_profile,account_access_profile
2292657,@XboxSupport It's plugged into a six plug wall outlet thing https://t.co/IHTxX9js5L,connectivity_xbox_live,connectivity_xbox_live
2292657,@XboxSupport It's plugged into a six plug wall outlet thing https://t.co/IHTxX9js5L,connectivity_xbox_live,connectivity_xbox_live
2292894,@665859 @ATVIAssist @115786 @XboxSupport @116698 @129141 @138583 @115766 Tried everything can't even find one,account_access_profile,connectivity_xbox_live
2292899,"@XboxSupport I keep getting ""You'll need the internet for this"" 0x8000704CF error when trying to sign in for 2nd day in a row. Power-cycled both router and Xbox One console to no avail. Testing network connection on the console says all good. Any advice?",account_access_profile,connectivity_xbox_live
2293355,@XboxSupport Does the Xbox One X not support wireless display/miracast? The application crashes every time I try (I used it a lot on the Xbox One). Any workarounds?,other_or_needs_context,how_to_product_information
2295095,"@XboxSupport i played with my Xbox one X scoprio for an hour on @68350 , and suddently the console shut down. No reboot, even unpluggin then repluggin the poser cord, &amp; even after one night without using it. The controller light blinks but the console does nothing. Help !",console_accessory_display,connectivity_xbox_live
2295287,@XboxSupport Is there anything I can do about the coil whine on the xbox one console?,other_or_needs_context,how_to_product_information
2295287,@XboxSupport Is there anything I can do about the coil whine on the xbox one console?,other_or_needs_context,how_to_product_information
2295952,@XboxSupport Do you still handle 360 back-compat questions?,other_or_needs_context,game_content_download
2295952,@XboxSupport Do you still handle 360 back-compat questions?,other_or_needs_context,game_content_download
2295978,"@XboxSupport Hi there, I'm having two major problems.

1. The Xbox One is on but not showing on the TV. Everything is plugged in properly.

2. Discs have to be inserted 50x times before being read. Has been happening since day one. What are my options?",console_accessory_display,connectivity_xbox_live
2298387,@169190 @115786 @XboxSupport i just want the new in game dash menu and animated wallpapers again :'(,how_to_product_information,how_to_product_information
2299935,Rise of the @64492 crashing has caused my @115786 One X to power off 3 times now. Anybody want to investigate? @89852 @XboxSupport @89853,safety_enforcement_security,other_or_needs_context
2300737,@XboxSupport what is up with all of the xbox one x updates its number 3 this week,other_or_needs_context,how_to_product_information
2300736,@XboxSupport Yes I’m enrolled in the Xbox one preview program,other_or_needs_context,how_to_product_information
2300992,@XboxSupport y the hell hadn't call of duty modern warfare 3 been done for xbox one sort it out bring out games that no one plays make 0 sense,other_or_needs_context,game_content_download
2300992,@XboxSupport y the hell hadn't call of duty modern warfare 3 been done for xbox one sort it out bring out games that no one plays make 0 sense,other_or_needs_context,game_content_download
2301560,"@174471 My son has the xbox one mic failure issue, we have tried everything without success, can you please advise urgently as to what the problem is!",other_or_needs_context,account_access_profile
2301560,"@174471 My son has the xbox one mic failure issue, we have tried everything without success, can you please advise urgently as to what the problem is!",other_or_needs_context,account_access_profile
2302135,@XboxSupport is there something going wrong with the store right now because I’m trying to buy COD WW2 and it say this. Please can you tell me what is wrong? https://t.co/KPzjKub3dF,other_or_needs_context,game_content_download
2303247,@XboxSupport help https://t.co/XMUTqW15hI,account_access_profile,account_access_profile
2303574,"@XboxSupport It only says how i do it on a console
But i only have the xbox app on my pc",how_to_product_information,how_to_product_information
2303577,"@XboxSupport 
I cant get to my Xbox account 
The error mesage: (0x409) 0x83750007
I cant connect to my xbox acc
i checked everything 
But still dosen't work
Btw i am on PC and German",account_access_profile,account_access_profile
2303574,"@XboxSupport It only says how i do it on a console
But i only have the xbox app on my pc",how_to_product_information,how_to_product_information
2303791,@XboxSupport My faulty elite controller has just turned off and won't turn back on. I demand something is done about this as not everyone is made of money. I'll send it back to you if needs be,account_access_profile,account_access_profile
2303791,@XboxSupport My faulty elite controller has just turned off and won't turn back on. I demand something is done about this as not everyone is made of money. I'll send it back to you if needs be,account_access_profile,account_access_profile
2304145,Hey @13369 @125392 @17326 @XboxSupport red zone isn't working on the Xbox one again,account_access_profile,other_or_needs_context
2304155,Yet again @17326 isn’t working @XboxSupport @13369,account_access_profile,account_access_profile
2304163,@XboxSupport what is Native 4K isn't working is non hdr,other_or_needs_context,other_or_needs_context
2305011,Love when my Redzone app doesn't work.. @143798 @XboxSupport,other_or_needs_context,account_access_profile
2305250,@XboxSupport call in for help with my account get insulted speaks with a higher up and gets hung up on how dare you all,other_or_needs_context,safety_enforcement_security
2306797,@XboxSupport is it a good idea to use a can of compressed air to clean my Xbox one?,account_access_profile,how_to_product_information
2307057,@XboxSupport Oh boy I have over 100 games. Is there a way to check and see what games have 4K available?,how_to_product_information,game_content_download
2307059,@XboxSupport I have my xb1x I can't figure out how to download the 4K content. Only videos I found were how to transfer over from another Xbox.,how_to_product_information,how_to_product_information
2307355,@XboxSupport how can i reset my home xbox?,account_access_profile,how_to_product_information
2307468,Hey @xboxsupport what gives with your #designlabscontroller support? I askd 4 replace of my custom and they sent me a generic black one?!? 😶,other_or_needs_context,safety_enforcement_security
2307751,"@XboxSupport knock knock, is this on? Can’t launch Halo 5 as it’s telling me I need to renew EA Accsss? What gives?",other_or_needs_context,subscription_game_pass_gold
2307751,"@XboxSupport knock knock, is this on? Can’t launch Halo 5 as it’s telling me I need to renew EA Accsss? What gives?",other_or_needs_context,subscription_game_pass_gold
2308064,@XboxSupport I'm trying to add a friend and it's saying it couldn't save changes,account_access_profile,account_access_profile
2308898,@XboxSupport all of my issues are explained in this article. https://t.co/PTUBNKFoYS,other_or_needs_context,connectivity_xbox_live
2308897,"@XboxSupport So I chatted and have filed a service claim, the issue is that I do not want a refurbished Xbox one x. I paid $600 for a console and I expected it to work .I have been told now that I will send it back and likely get it fixed. If I wanted a broken 1 we I wouldn’t have paid $600.",other_or_needs_context,billing_codes_refunds
2309676,"@XboxSupport Hi, I am getting charged for Xbox Live Gold automatically, but I have cancelled my membership. Can you help out with this?",subscription_game_pass_gold,subscription_game_pass_gold
2309677,@XboxSupport charged for that I am not subscribed to.,billing_codes_refunds,billing_codes_refunds
2309677,@XboxSupport charged for that I am not subscribed to.,billing_codes_refunds,billing_codes_refunds
2310437,@116543 any reason Xbox consoles don’t remember Wifi networks they’ve joined when switching networks or moving? Asking for a friend @90732,connectivity_xbox_live,connectivity_xbox_live
2310542,@XboxSupport just to let you know had a kid over this last weekend say he was going to report me and have all his friends do it as well,safety_enforcement_security,safety_enforcement_security
2311376,@XboxSupport Does the Xbox have a setting that turns itself on when you change the input on the tv to its HDMI? Trying to figure out if it's that or my tv.,how_to_product_information,how_to_product_information
2311913,"@XboxSupport My NFL RedZone isn't working on my xbox one, any word on a fix?",other_or_needs_context,connectivity_xbox_live
2312151,@XboxSupport extremely disappointed with the lack of support on the #bettertogetherupdate for disc owners.  1month and counting,other_or_needs_context,other_or_needs_context
2312156,@XboxSupport Like I'm completely frustrated. Leave things alone when there great. What are you IOS?,other_or_needs_context,other_or_needs_context
2312455,@XboxSupport  hi my younger brother paid for a game pass and I was wondering if it was a way to get that refunded,billing_codes_refunds,billing_codes_refunds
2313268,Hey @115786 @XboxSupport should the rubber grips be falling off my $150 elite controller? Both side are apart! https://t.co/XZa5gjwb1y,other_or_needs_context,other_or_needs_context
2314477,@XboxSupport what does this mean https://t.co/pbPEgQMB5d,other_or_needs_context,other_or_needs_context
2314477,@XboxSupport what does this mean https://t.co/pbPEgQMB5d,other_or_needs_context,other_or_needs_context
2316528,@XboxSupport purchased an Xbox X but seems to be kicking me off the internet all the time.. constantly getting kicked from WW2 or 2k18 and I check the details for my internet and my upload is around 30 and download is over 175... my Xbox defective or something I can do to fix it,connectivity_xbox_live,connectivity_xbox_live
2319195,@XboxSupport is there a way to use old dashboard appearance because I got the new update and it’s horrible.,how_to_product_information,how_to_product_information
2319194,@XboxSupport What about you guys reverting to the old. It’s a suggestion. Multiple people I’ve seen hate the new update.,other_or_needs_context,game_content_download
2319197,@XboxSupport There’s an issue where messages don’t show up unless I physically go check. They work fine on the 360 port though.,other_or_needs_context,connectivity_xbox_live
2324382,@XboxSupport Are there any plans for a better offline mode? Really frustrating playing the game and doing things to unlock achievements only to not have them sync up next time I go online.,connectivity_xbox_live,connectivity_xbox_live
2324397,@100952 @18518 @XboxSupport So what’s going on with the season pass etc codes not working?! Please fix,account_access_profile,subscription_game_pass_gold
2324420,@XboxSupport how can I have a communications suspension one day then somehow the next day be suspended from online games all together?,safety_enforcement_security,safety_enforcement_security
2328824,@XboxSupport will I still get my Frightfully Fun Mystery Gift after my Game Pass expires on the 28th? I have gotten my 6 achievements.,subscription_game_pass_gold,subscription_game_pass_gold
456370,@XboxSupport Any issues with OneGuide in Canada? We haven't been able to use it all day?,other_or_needs_context,how_to_product_information
2330070,@204039 I know.,other_or_needs_context,safety_enforcement_security
2331609,"Hi! There is a spelling error on this page: https://t.co/P4i7MfUiBh

'restrictions' is the word spelt incorrectly! :)

@XboxSupport https://t.co/wkoWKEQo7v",account_access_profile,other_or_needs_context
2333794,"@XboxSupport It takes 3 actions just to get to your friends now, and a bonus step to see what game their playing. Should be classified as abstract art.",game_content_download,safety_enforcement_security
2336890,@XboxSupport Why can't I still send messages even though I'm not suspended? https://t.co/ou12YtqMoC,safety_enforcement_security,safety_enforcement_security
2348321,@XboxSupport Please help!!!,account_access_profile,account_access_profile
2349947,@XboxSupport i bought the xbox one x PROJECT SCORPIO  my controller is Not sycning with my xbox pls help me wit this i juss paid 500 for a broken system i still have my recpeit for proof of purchase pls help @115787,account_access_profile,billing_codes_refunds
2349952,@XboxSupport so years ago when I setup my account on my Xbox 360 I accidentally put Gnail instead of Gmail how can i fix this,account_access_profile,account_access_profile
2349959,"@119973 @XboxSupport  Trying to stream Netflix on an Xbox One and the audio keeps getting progressively more out of sync. Backing out of the video and starting it again usually fixes it, but a few minutes later it's off again. This is happening more and more often. Ideas?",other_or_needs_context,connectivity_xbox_live
806743,@XboxSupport When will IW Dlc 4 be fixed?,other_or_needs_context,game_content_download
2355597,"@XboxSupport @Tesco Hey guys Any reply to this? I bought the scorpio edition of the xbox one x from tesco but the outer box was damaged severly when It got delivered, Tesco said they cant do anything, wondering If I can just get an outbox by anychance to make my one x complete !",billing_codes_refunds,how_to_product_information
2355976,@304034 @115786 @XboxSupport I've tried asking them twice and unsuccessful both times. They can't answer why I paid $20.99 before taxes when you guys were showing it for $19.99 till Monday.,billing_codes_refunds,billing_codes_refunds
2365328,"@XboxSupport My HDR used to work on my Xbox One S, but refuses to work on my Xbox One X ... any ideas?",other_or_needs_context,how_to_product_information
2365328,"@XboxSupport My HDR used to work on my Xbox One S, but refuses to work on my Xbox One X ... any ideas?",other_or_needs_context,how_to_product_information
2365328,"@XboxSupport My HDR used to work on my Xbox One S, but refuses to work on my Xbox One X ... any ideas?",other_or_needs_context,how_to_product_information
2368436,@XboxSupport how TF do I setup my Xbox one with the mobile app? It wants a code from an update screen that I don't have.,how_to_product_information,how_to_product_information
2370283,@115766 @115765 @115996 @118854 @115786 @XboxSupport WHAT IS YOU DOING WITH THESE BOOTY ASS SERVERS HOW MANY EMPLOYEES DO YOU HAVE DEDICATED TO MAKING SURE THAT THIS GAME DOESNT SHIT THE BED LIKE IT IS DOING RN HOW FREAKING HARD IS IT,safety_enforcement_security,safety_enforcement_security
2370285,"Ive gotten reported so many times for ""hacking"" on rainbow that my reputation needs work now lol @XboxSupport @187040",safety_enforcement_security,safety_enforcement_security
2371715,@XboxSupport Please help Xbox,account_access_profile,account_access_profile
2372784,@XboxSupport @117331 Howcome i cant network transfer my games? It says something about instillation stopped and wont transfer the games?,account_access_profile,game_content_download
2372783,@XboxSupport  https://t.co/0np7Fth5Nq,other_or_needs_context,other_or_needs_context
2372824,@XboxSupport ping,other_or_needs_context,connectivity_xbox_live
2375655,"@XboxSupport  tengo problemas para enviar mensaje de texto y de voz porfavor ayudenme a solucionar este problema  ...   ya les envie un correo.

muchas gracias...",console_accessory_display,console_accessory_display
2380162,Ummm @XboxSupport why does my Xbox one power brick keep cutting off and how do I fix it?,other_or_needs_context,connectivity_xbox_live
2382118,"@XboxSupport I pre-ordered star wars the deluxe edition, didn't get any of my bonuses. At all.",billing_codes_refunds,billing_codes_refunds
2382117,@XboxSupport Done,account_access_profile,account_access_profile
2387003,Bored. If anyone wants to play some Xbox 1 then hit me up.,other_or_needs_context,how_to_product_information
2410784,@XboxSupport How many bans from Xbox Live does it take to get your account permabanned?,safety_enforcement_security,safety_enforcement_security
2413519,@Xboxsupport I am having trouble with xbox live,account_access_profile,connectivity_xbox_live
2415203,"@XboxSupport I switched my Xbox off last Sunday evening and didn't touch it since, but just now it started up completely at random, without me doing anything. What gives?",account_access_profile,connectivity_xbox_live
2415202,@XboxSupport It's a power strip. (Although the Xbox is the only device connected to it.),connectivity_xbox_live,connectivity_xbox_live
2415205,@XboxSupport I wouldn't know tbh. It's always been hooked up like this. The issue hasn't occurred before or since. Just this morning.,other_or_needs_context,other_or_needs_context
2420218,"@XboxSupport never mind, I have been doing it wrong. I fix my own problem.",account_access_profile,account_access_profile
2420235,"@XboxSupport @XboxSupport Still no response.. Power cycle, dis-and reconnecting power cable and removing and adding account all didn't work. GT: Ritze OmG",account_access_profile,account_access_profile
2420259,@XboxSupport,account_access_profile,account_access_profile
2421384,"@XboxSupport OK. Done. Hitting A will not pause 🚫, but bringing up the controls with B and pausing from there does work. Thx.",other_or_needs_context,how_to_product_information
2421388,"@XboxSupport Hi. Any reason why the Blue-Ray player won’t pause, FF or Rewind the DVD I’m playing?  I try but I get 🚫in the corner.  thx.",other_or_needs_context,game_content_download
2429942,@XboxSupport Hi XboxSupport! I'm having issues with my controller; I'm experiencing stick-drift. I believe my Xbox (and controller) are still under warranty.,console_accessory_display,console_accessory_display
2433359,"@XboxSupport  my girlfriend and I play games together with other people, we both use stereo headsets in party, makes it difficult hearing eachother(same console in same room). Is there no option to hear her thru my headset anywhere? Thanks",other_or_needs_context,other_or_needs_context
2436576,@311271 @XboxSupport more than 96 hours i think for 2 games.,account_access_profile,safety_enforcement_security
2436576,@311271 @XboxSupport more than 96 hours i think for 2 games.,account_access_profile,safety_enforcement_security
2438973,@XboxSupport fix your damn servers!!!,account_access_profile,connectivity_xbox_live
2440173,@XboxSupport why oh why is my Xbox one X freezing up...😂,other_or_needs_context,how_to_product_information
2440173,@XboxSupport why oh why is my Xbox one X freezing up...😂,other_or_needs_context,how_to_product_information
2442258,@XboxSupport hi my Xbox is turning off suddenly while I'm playing call of duty what do I do,account_access_profile,game_content_download
2443355,@XboxSupport problem with gamer picture not changing after setting it,account_access_profile,account_access_profile
2444065,"Tell me why my Xbox Live account is suspended, did I do something wrong I’m unaware of?@XboxSupport",safety_enforcement_security,safety_enforcement_security
2444598,"My Xbox won’t read my external HDD anymore. I have followed the troubleshooting steps, and still no luck @XboxSupport",account_access_profile,account_access_profile
2446892,All started after I updated my Xbox nothings broke on my remote just hit home button the. It starts,account_access_profile,account_access_profile
2447866,@XboxSupport what's wrong with upload studio?  I can't edit clips anymore.,account_access_profile,how_to_product_information
2449966,@XboxSupport but the 2nd and 3rd times my external hard drive was wiped too. And the same has happened to my roommate multiple times too 2/2,account_access_profile,account_access_profile
2450702,"@XboxSupport hey, getting message your profile doesn't have permission to access GTA Online on GTA 5. I have Gold... Any help ?",account_access_profile,subscription_game_pass_gold
2451527,@XboxSupport someone asked to share my Xbox Live. What does that mean,other_or_needs_context,subscription_game_pass_gold
2451526,@XboxSupport Is it possible for them to get my personal details if I was to share,account_access_profile,how_to_product_information
2451930,@115786 getting tired of the sign in problems!!!!!!!!,account_access_profile,account_access_profile
2451930,@115786 getting tired of the sign in problems!!!!!!!!,account_access_profile,account_access_profile
2452760,@XboxSupport hey im having connectivity issues across the xbox with some friends i also tried changing my gamerpic but it never uploads it?,account_access_profile,connectivity_xbox_live
2452789,@XboxSupport is there a reason why the league pass app keeps saying error every 5 minutes??,account_access_profile,connectivity_xbox_live
2453477,@XboxSupport can i buy Black on the web live store to play it on my XOne?,how_to_product_information,how_to_product_information
2453477,@XboxSupport can i buy Black on the web live store to play it on my XOne?,how_to_product_information,how_to_product_information
2455722,@XboxSupport Pitiful that every time I turn this damn thing on there is something stupid like this. Never have a problem on PS4 and wouldn't even own this crap if it wasn't for friends owning this garbage,other_or_needs_context,safety_enforcement_security
2456724,@XboxSupport I thought this might be fixed but on my original Xbox One when set to output Atmos it works perfectly but other non-Atmos videos default to stereo or upmixed to fake “Surround”. The same is happening with my Xbox One X. Frustrating to keep changing back the settings.,other_or_needs_context,connectivity_xbox_live
2456723,@XboxSupport Don’t know if you understood. In Netflix app Atmos videos work well but when watching other non atmos titles there’s not even 5.1 as stated but just reverts to stereo or upmixed surround. So after turning off Atmos in Xbox settings I get 5.1 sound coming through.Atmos blocks 5.1!,connectivity_xbox_live,other_or_needs_context
2456728,"@XboxSupport bastante despecionado del servicio, tengo más de ocho meses con el error de no poder descargar juegos de xbox 360en One y despues de casi dos horas de contacto no pudieron solucionar el error y me pidieron que consiguiera una consola Xbox 360 para poder  descargar",other_or_needs_context,console_accessory_display
2456727,@XboxSupport I get this  message when i use Pc if i try using console it kicked me out immediately https://t.co/zCccY7s8UZ,account_access_profile,other_or_needs_context
2456730,@XboxSupport I dont have  Xbox 360 im using an Xbox One and yes im able to load up that page but the error begins at the moment of complete purchase not only with games with gold for 360 but also for Xbox 360 games backward compatibility which are not for free    (there is a credit card added,account_access_profile,subscription_game_pass_gold
2456728,"@XboxSupport bastante despecionado del servicio, tengo más de ocho meses con el error de no poder descargar juegos de xbox 360en One y despues de casi dos horas de contacto no pudieron solucionar el error y me pidieron que consiguiera una consola Xbox 360 para poder  descargar",other_or_needs_context,console_accessory_display
2465170,@XboxSupport i hae won a code for the walking dead a new fronter and its not in my downloads or ready to install but its been redemed halp,game_content_download,game_content_download
2465919,@XboxSupport dm,account_access_profile,account_access_profile
2465919,@XboxSupport dm,account_access_profile,account_access_profile
2467866,@XboxSupport i need your help,account_access_profile,subscription_game_pass_gold
2467865,@XboxSupport @380009 I have an issue with uploading clips/screenshots to OneDrive. Had this problem very often and now i'm curious why bc i use my clips for IG..,account_access_profile,how_to_product_information
2467869,@XboxSupport It's not a big problem but since i use my clips for Instagram it's a bit annoying to restart my xbox so i can upload to OneDrive :/,how_to_product_information,how_to_product_information
2467876,@XboxSupport Those?,other_or_needs_context,other_or_needs_context
2467879,@XboxSupport There we go https://t.co/wmu4xYCE6c,other_or_needs_context,other_or_needs_context
2467882,@XboxSupport Nvm just wanted to know if there's a quick solution. Its just weird to me that it works after restarting my xbox. But thanks for the help ;),account_access_profile,other_or_needs_context
2467886,@XboxSupport I will this. Thank you!,other_or_needs_context,account_access_profile
2467882,@XboxSupport Nvm just wanted to know if there's a quick solution. Its just weird to me that it works after restarting my xbox. But thanks for the help ;),account_access_profile,other_or_needs_context
2467879,@XboxSupport There we go https://t.co/wmu4xYCE6c,other_or_needs_context,other_or_needs_context
2467876,@XboxSupport Those?,other_or_needs_context,other_or_needs_context
2467865,@XboxSupport @380009 I have an issue with uploading clips/screenshots to OneDrive. Had this problem very often and now i'm curious why bc i use my clips for IG..,account_access_profile,how_to_product_information
2467893,@115786 @XboxSupport my Xbox won’t load game or eject the disk and just freezes on the green Xbox page?,account_access_profile,account_access_profile
2467893,@115786 @XboxSupport my Xbox won’t load game or eject the disk and just freezes on the green Xbox page?,account_access_profile,account_access_profile
2467893,@115786 @XboxSupport my Xbox won’t load game or eject the disk and just freezes on the green Xbox page?,account_access_profile,account_access_profile
2467901,@XboxSupport why won't my battlefield 4 install? I've been trying to play it for the past day. I keep hitting resume but it stops https://t.co/1t40P33fVF,other_or_needs_context,game_content_download
2481610,"Have just had a message saying that the latest #XBoxOne update is causing the system to freeze when playing videos, any ideas? @XboxSupport",other_or_needs_context,game_content_download
2482266,@XboxSupport Why doesn't my Kinect scan codes when I redeem a code anymore? Cortana use a code and the camera in the Kinect won't turn on.,billing_codes_refunds,how_to_product_information
2482265,@XboxSupport That's unfortunate. There are a lot of people who use Kinect and I'm one of them.,other_or_needs_context,how_to_product_information
2482265,@XboxSupport That's unfortunate. There are a lot of people who use Kinect and I'm one of them.,other_or_needs_context,how_to_product_information
2482266,@XboxSupport Why doesn't my Kinect scan codes when I redeem a code anymore? Cortana use a code and the camera in the Kinect won't turn on.,billing_codes_refunds,how_to_product_information
2483335,@XboxSupport for some reason my NAT type is strict. So how can I change it to open so I can play R6 with my friends,other_or_needs_context,connectivity_xbox_live
2486277,"Hi @XboxSupport, I'm in the UK and have discovered that my Xbox Account has been hacked, and someone has been playing my digital games. I would like to speak to a real person, please.",account_access_profile,safety_enforcement_security
2486277,"Hi @XboxSupport, I'm in the UK and have discovered that my Xbox Account has been hacked, and someone has been playing my digital games. I would like to speak to a real person, please.",account_access_profile,safety_enforcement_security
2494405,@XboxSupport i want reset my x box 360 buy used but i havent the  pass code,billing_codes_refunds,billing_codes_refunds
2494405,@XboxSupport i want reset my x box 360 buy used but i havent the  pass code,billing_codes_refunds,billing_codes_refunds
2495098,"@XboxSupport My notifications aren't showing up, I've reset, any other ideas?",account_access_profile,connectivity_xbox_live
2495097,@XboxSupport yes,account_access_profile,account_access_profile
2495631,@XboxSupport Would like to know how to unlock a game in my son’s account,account_access_profile,billing_codes_refunds
2495630,"@XboxSupport Yes, is showing a msg that need a parent login to allow some restriction",account_access_profile,how_to_product_information
2495634,@XboxSupport Done! Tks,account_access_profile,account_access_profile
2498362,@XboxSupport Any way to cancel a preorder and get a refund,billing_codes_refunds,billing_codes_refunds
2501217,"@XboxSupport  why cant I apply for a review on my inforcement on mobile each time I accept the terms of service it sends me back to this menu (see image) 

Can I apply for a review thigh your dms https://t.co/P7mQCvJWHU",other_or_needs_context,safety_enforcement_security
2505369,"@XboxSupport Trying to install Tales from the Borderlands and it says ""Make sure you're signed in to Xbox Live. Check your connection, then try installing again. (0x87e0000d)""",account_access_profile,game_content_download
2505378,It's been 2 weeks since you finessed me for my shadow of war expansion pack smh. @115786 @XboxSupport I'm an unsatisfied customer,other_or_needs_context,billing_codes_refunds
2505889,@XboxSupport wieso? https://t.co/4lDMA9pUyJ,account_access_profile,other_or_needs_context
2507582,"@XboxSupport I didn't get any ""prize"" for completing the November quest, so do i not get anything?",billing_codes_refunds,billing_codes_refunds
2507934,@XboxSupport I'm trying to recover my old gamertag. I've given all of my information in the recovery form and got an email saying that my ISP has to assist me with my account recovery? HOW does that make any sense.,account_access_profile,account_access_profile
2507934,@XboxSupport I'm trying to recover my old gamertag. I've given all of my information in the recovery form and got an email saying that my ISP has to assist me with my account recovery? HOW does that make any sense.,account_access_profile,account_access_profile
2508710,@97428 @97429 @119514 @115786 @XboxSupport https://t.co/2ukUeH5NCi,other_or_needs_context,safety_enforcement_security
2508709,@XboxSupport @97428 @97429 @119514 @115786 I asked them but they haven't responded. Thank you so much for a quick response! @119514 @130182,other_or_needs_context,safety_enforcement_security
2511118,@116549 Please help !,account_access_profile,account_access_profile
2519781,@XboxSupport I've tested my connection and it's fine but yet I can't connect when I open any game,account_access_profile,connectivity_xbox_live
2521470,@XboxSupport ive tried everything i can think of. How can i fix my UPnP connection on my Xbox one?,account_access_profile,connectivity_xbox_live
2522873,@XboxSupport is the Xbox servers down? Cause my system will connect to the WiFi but will not run anything but anything else connected to the WiFi in my house works just fine,connectivity_xbox_live,connectivity_xbox_live
2522872,@XboxSupport I figured out what happened! Thank you guys!,account_access_profile,account_access_profile
2523833,Live now w/ @657672 https://t.co/mppXKhtiUo @688224 @97985 #SupportSmallStreamers,other_or_needs_context,other_or_needs_context
2525803,&amp;quot;Ich ben&amp;#246;tige Hilfe bei Systemaktualisierungen auf meiner Xbox&amp;#160;One&amp;quot; https://t.co/WIcN11hlrB via @xboxsupport,how_to_product_information,connectivity_xbox_live
2526699,Can’t connect to the @98003 on @115786. @XboxSupport know what to do?,account_access_profile,connectivity_xbox_live
2527316,"@XboxSupport Hello. My name is Ygor and i have a problem with my Xbox 360. My Xbox 360 was initially scheduled on Xbox Live with my sister's account. But I want to change it to my account. But when I started my console, a message appeared with the code 8015D003. And now?",account_access_profile,account_access_profile
2529004,@XboxSupport Having issues my XB1X Project Scorpio controller. If I submit a work order will it be replaced with an identical special edition controller? Or a regular controller? #xbox #xboxonex #microsoft #xboxsupport #xb1 #projectscorpio,other_or_needs_context,how_to_product_information
2535159,"@XboxSupport why is there another person's address on my account, I can tell you for certain that I never entered this in https://t.co/1qu5PfqUZi",account_access_profile,safety_enforcement_security
2535171,@XboxSupport is there any sort of issues if I gift a game to someone in the UK if I am in America?,billing_codes_refunds,billing_codes_refunds
2551607,@XboxSupport Xbox parties are messing up when will Xbox fix this problem.,other_or_needs_context,connectivity_xbox_live
2561044,@726887 @115754 @ATVIAssist @115765 @XboxSupport @115786 I bought it digitally,billing_codes_refunds,billing_codes_refunds
2562585,@XboxSupport is there game pass on Xbox one x?,subscription_game_pass_gold,how_to_product_information
2562947,@XboxSupport your ESPN app keeps crashing all the time. What the hell???,account_access_profile,connectivity_xbox_live
2562947,@XboxSupport your ESPN app keeps crashing all the time. What the hell???,account_access_profile,connectivity_xbox_live
2570597,@XboxSupport fixed it,account_access_profile,account_access_profile
2573099,"@XboxSupport Hi ordered fifa18 icon edition and not received any of the ronaldo loan packs, spoke to ure support and no help and can’t find email on your site to get in touch .! Please help .!!",billing_codes_refunds,billing_codes_refunds
2573099,"@XboxSupport Hi ordered fifa18 icon edition and not received any of the ronaldo loan packs, spoke to ure support and no help and can’t find email on your site to get in touch .! Please help .!!",billing_codes_refunds,billing_codes_refunds
2575888,@XboxSupport I think I found a bug that people can buy games for free.,billing_codes_refunds,billing_codes_refunds
2577470,@XboxSupport How do I suspend my (son's) xbox one live account?,account_access_profile,billing_codes_refunds
2577480,"@XboxSupport hi, I’m getting this every time I try to buy Fifa points. Tried credit card, debit card and PayPal but nothing works. Thanks https://t.co/PKvT8aySzA",billing_codes_refunds,account_access_profile
2577479,"@XboxSupport Ok thanks, within the next 23 hours before promo packs expire?? 😁",other_or_needs_context,subscription_game_pass_gold
2577482,@XboxSupport Nope it’s still not working this morning,account_access_profile,account_access_profile
2579773,"@XboxSupport I'm having trouble buying games both on the console and on the web, trying to use Microsoft account balance and getting errors.",account_access_profile,account_access_profile
2582390,Hi @117331 @XboxSupport how comes the US Film and tv store has 4k and hdr content/movies and yet the uk store is limited to just hd? It's a little disappointing considering I've got a brand spanking new xbox one x scorpio edition and I cant access the same stuff as US.,how_to_product_information,how_to_product_information
2584885,@XboxSupport any help please from Xbox one support not from random people,account_access_profile,account_access_profile
2584883,@XboxSupport @162391 Why does the voices on Xbox sound so bad,other_or_needs_context,connectivity_xbox_live
2584888,@XboxSupport No right after I got the system update my friends and our mics sounded like megatron,other_or_needs_context,connectivity_xbox_live
2584883,@XboxSupport @162391 Why does the voices on Xbox sound so bad,other_or_needs_context,connectivity_xbox_live
2584884,@XboxSupport that was a waste of time I want the version update link not a silly offline thing,other_or_needs_context,how_to_product_information
2584892,@XboxSupport Waste my time asked as you don't have a clue what I ask,other_or_needs_context,billing_codes_refunds
2584938,@XboxSupport Power strip,other_or_needs_context,other_or_needs_context
2584940,"@XboxSupport Nope, set to power save. No Kinect hooked up or controllers being near anyone",other_or_needs_context,how_to_product_information
2584942,@XboxSupport is it normal for Xbox One models to start up on their own?,other_or_needs_context,how_to_product_information
2584947,@115786 it’s not that I don’t want the Xbox one x I do but I am a hardcore ps4 fan and I don’t have the money to spend on a Xbox one x just not to like it @XboxSupport idk what to do what do u guys think I should go,game_content_download,how_to_product_information
2585929,@XboxSupport @160829 Help? https://t.co/oRiFxWlpVW,account_access_profile,safety_enforcement_security
2585929,@XboxSupport @160829 Help? https://t.co/oRiFxWlpVW,account_access_profile,safety_enforcement_security
2589918,@XboxSupport,account_access_profile,account_access_profile
2590924,@XboxSupport Unable to redeem a code from Microsoft Store on Windows 10 and Xbox or from website using Edge or Chrome. What's up?,account_access_profile,how_to_product_information
2593567,@XboxSupport cant say gg to someone after a game. Recent players updates an hour after I play. Poor show. Just wanted to say gg,other_or_needs_context,billing_codes_refunds
2593567,@XboxSupport cant say gg to someone after a game. Recent players updates an hour after I play. Poor show. Just wanted to say gg,other_or_needs_context,billing_codes_refunds
2594920,@XboxSupport @115786 Can you bring Marvel vs Capcom 2 back to the arcade? It is in ridiculous demand. I'm a new 360 owner and I'd love the downloadable version over the non HD original XBox disc. https://t.co/wkWG8zmqXZ,game_content_download,game_content_download
2595879,@174471 Can please help me 😞,account_access_profile,account_access_profile
2595902,@XboxSupport I'm upset!! received an email from XboxSupport with ticket number for my case. It's been 6 days now that I've been asking a follow question and I've received ZERO replies!,other_or_needs_context,billing_codes_refunds
2595903,@XboxSupport Why can't I give you the ticket number and you can help me out?,account_access_profile,safety_enforcement_security
2595906,@XboxSupport Got it! Thanks,account_access_profile,game_content_download
2595903,@XboxSupport Why can't I give you the ticket number and you can help me out?,account_access_profile,safety_enforcement_security
2606888,@xboxsupport 2/2 When i can play. This is not fair. What we can do now ?,other_or_needs_context,game_content_download
2606887,@XboxSupport Thanks,account_access_profile,account_access_profile
2608195,@XboxSupport can you provide information on why I got com banned other than just what's on xboxenforcement because that doesn't tell me anything,safety_enforcement_security,safety_enforcement_security
2608761,@116543 Hi Mike- LordAudi here. I was wondering if Xbox can implement a music bot into the party chat. Similar to Discord. Would be cool!,other_or_needs_context,connectivity_xbox_live
2608760,@XboxSupport LordAudi here. I was wondering if Xbox can implement a music bot into the party chat. Similar to Discord. Would be cool!,other_or_needs_context,connectivity_xbox_live
2617454,@XboxSupport What settings do I need to change in order to upload a clip from my Xbox so @119514 can see this dunk of the year candidate,how_to_product_information,how_to_product_information
2617454,@XboxSupport What settings do I need to change in order to upload a clip from my Xbox so @119514 can see this dunk of the year candidate,how_to_product_information,how_to_product_information
2617479,"@XboxSupport I’m getting a new Xbox, can I change my call of duty account from Xbox to Xbox",account_access_profile,connectivity_xbox_live
2621699,Hi @XboxSupport I bought Xbox Live and redeemed the code on my phone 30 minutes ago - My Xbox subscription says that I have membership however I can’t enter Overwatch or join a party,account_access_profile,subscription_game_pass_gold
2624655,6 ans que j'ai la Xbox. Jamais banni tjrs correct. Et là banni 1 semaine sans raison.Bravo et merci @129009 et @668334 @XboxSupport,safety_enforcement_security,console_accessory_display
2624655,6 ans que j'ai la Xbox. Jamais banni tjrs correct. Et là banni 1 semaine sans raison.Bravo et merci @129009 et @668334 @XboxSupport,safety_enforcement_security,console_accessory_display
2624657,"@XboxSupport Sent off friends group during a week. For no reason ... I am 43 years old, I send no message. I speak with only one friend. Incredible ...",account_access_profile,safety_enforcement_security
2624660,"@XboxSupport Ok thank you very much for your answer. I will contact Xbox France tomorrow. Thanks, good night",other_or_needs_context,other_or_needs_context
2625106,@204601 @115786 @117331 @194082 @115787 @115788 @345697 Your so lucky. Can't wait till next week,safety_enforcement_security,game_content_download
2626114,Can’t wait for @8965 to come out on console! #XboxOne #Sims4 #pre-ordered,other_or_needs_context,billing_codes_refunds
2626119,Xbox Live Status https://t.co/jEJshnM5n6 przez @xboxsupport,other_or_needs_context,connectivity_xbox_live
2627075,@XboxSupport south park froze during install and I can't delete it or restart it,account_access_profile,billing_codes_refunds
2627075,@XboxSupport south park froze during install and I can't delete it or restart it,account_access_profile,billing_codes_refunds
2627077,"@XboxSupport I got it, I went to the game hub and it stated again. Weird. But it worked",other_or_needs_context,account_access_profile
2628264,"@XboxSupport I'm having trouble launching Netflix on the One today. The internet is working fine as are all other services, yet the app won't start. I keep getting the msg ""Netflix has encountered an error"".",account_access_profile,connectivity_xbox_live
2628264,"@XboxSupport I'm having trouble launching Netflix on the One today. The internet is working fine as are all other services, yet the app won't start. I keep getting the msg ""Netflix has encountered an error"".",account_access_profile,connectivity_xbox_live
2629343,@XboxSupport So I can download the games for gold but not play online,account_access_profile,subscription_game_pass_gold
2629343,@XboxSupport So I can download the games for gold but not play online,account_access_profile,subscription_game_pass_gold
2630756,@XboxSupport I am having issues with connecting my Xbox one x to my internet both wireless and wired and have followed all the steps of trying to fix it. Is there an issue for Xbox one x,connectivity_xbox_live,connectivity_xbox_live
2630756,@XboxSupport I am having issues with connecting my Xbox one x to my internet both wireless and wired and have followed all the steps of trying to fix it. Is there an issue for Xbox one x,connectivity_xbox_live,connectivity_xbox_live
2635456,Love getting banned because my gamerpic @XboxSupport vegans https://t.co/5vPbUKGdJJ,safety_enforcement_security,safety_enforcement_security
2635456,Love getting banned because my gamerpic @XboxSupport vegans https://t.co/5vPbUKGdJJ,safety_enforcement_security,safety_enforcement_security
2635469,@115786 @117331 @XboxSupport  https://t.co/tAf792iRhw,account_access_profile,other_or_needs_context
2635472,@743996 @XboxSupport Been happening to my xboc forever lolol,account_access_profile,connectivity_xbox_live
2635481,@XboxSupport my xbox profile picture is different on my app and on my profile on the xbox itself its been almost a week will it change to be the same or?,account_access_profile,how_to_product_information
2635480,"@XboxSupport commander l3x4, and im using the xbox app on my iphone 7 plus and its showing correctly only on my iphone",how_to_product_information,how_to_product_information
2635480,"@XboxSupport commander l3x4, and im using the xbox app on my iphone 7 plus and its showing correctly only on my iphone",how_to_product_information,how_to_product_information
2637528,@XboxSupport hey guys I got a code today for a free warframe weapon and skin but the code is missing a digit :(,billing_codes_refunds,billing_codes_refunds
2637536,@XboxSupport is it just me or we can't have lower case in xbox device name when we change it in system settings?,other_or_needs_context,how_to_product_information
2641531,@XboxSupport https://t.co/hxx4XHMdet,other_or_needs_context,other_or_needs_context
2643209,@XboxSupport @125838 I started an update for NHL 18 and it’s been stuck on 0% for the last 2 days and it won’t let me start the game. https://t.co/imk0hSi65L,account_access_profile,game_content_download
2643208,@XboxSupport And reinstall it again*,account_access_profile,account_access_profile
2643213,@XboxSupport your recent update has ruined the #WatchESPN app. Won't stop freezing #FixIt,account_access_profile,game_content_download
2646662,@XboxSupport I have bought the wrong version of a game off the store and was wondering if I could get a refund?,billing_codes_refunds,billing_codes_refunds
2646666,@XboxSupport is my (Xbox One Day One Edition) &amp; (Xbox One S) suppose to be able to turn on by itself?,account_access_profile,how_to_product_information
2647636,@XboxSupport can i have assissantance,account_access_profile,how_to_product_information
2654289,@XboxSupport My monitor goes up to 144hz will my Scorpio support 144hz?,other_or_needs_context,how_to_product_information
2654312,"@XboxSupport why does my Xbox randomly turn itself and it’s Kinect on?  The Kinect is set up to not listen when it’s, as far as I can tell",other_or_needs_context,how_to_product_information
2654311,@XboxSupport Why would this have an effect on the issue of it randomly turning on?,other_or_needs_context,other_or_needs_context
2654311,@XboxSupport Why would this have an effect on the issue of it randomly turning on?,other_or_needs_context,other_or_needs_context
2654330,@125519 @XboxSupport with Sony 55x900e should everything  have a green check on it? I've turned enhanced on through Sony external ports menu also. https://t.co/VTsfEFRiMD,other_or_needs_context,how_to_product_information
2654329,@XboxSupport Yes,account_access_profile,account_access_profile
2654330,@125519 @XboxSupport with Sony 55x900e should everything  have a green check on it? I've turned enhanced on through Sony external ports menu also. https://t.co/VTsfEFRiMD,other_or_needs_context,how_to_product_information
2654353,@XboxSupport https://t.co/K6VqT6kdYa,account_access_profile,other_or_needs_context
2654352,@XboxSupport Oh ok. Why though? I figured those terms would be updated now with game pass available to other countries,other_or_needs_context,how_to_product_information
2654357,"@XboxSupport Hi guys, Are the game pass rewards and prize draw still only available to US and UK residents?",subscription_game_pass_gold,subscription_game_pass_gold
2654421,@XboxSupport Why is everything laggy. The party chat lags. Everyone sounds static. Nothing works. Its happening to all my friends.,connectivity_xbox_live,connectivity_xbox_live
2654436,@XboxSupport I just purchased all the characters and their alternate costumes for 1 eternity crystal a piece in Marvel heroes omega what’s up with that?  Plus I got storage upgrades as well for the cost of 1 eternity crystal.,subscription_game_pass_gold,billing_codes_refunds
2654293,@XboxSupport Fix Atmos support on LG TVs. Everyone is affected!!,other_or_needs_context,connectivity_xbox_live
2654440,@XboxSupport Thanks xbox!!! Apart from that everything is awesome,other_or_needs_context,account_access_profile
2654293,@XboxSupport Fix Atmos support on LG TVs. Everyone is affected!!,other_or_needs_context,connectivity_xbox_live
2654292,@XboxSupport Xbox should make 4k hdr tv’s that don’t need game mode turned on to enjoy great visuals and no input lag,other_or_needs_context,other_or_needs_context
2654535,@XboxSupport @116688 xbox one x won't show hdr. It's greyed out on a LG C7.. beta dashboard issue? .. delta preview member,other_or_needs_context,other_or_needs_context
2654539,"@XboxSupport Yeah, uninstalling and reinstalling worked. Twitch's support site also suggested to delete saved data so I did that too.",account_access_profile,account_access_profile
2654542,@XboxSupport A stream will buffer and then the app will close. Not doing anything else but watching a stream on Twitch. 😡,other_or_needs_context,other_or_needs_context
2654551,@XboxSupport Yes,account_access_profile,account_access_profile
2654554,@XboxSupport Don’t work...,account_access_profile,account_access_profile
2654556,@XboxSupport Please help me.,account_access_profile,account_access_profile
2654541,"@XboxSupport So it turns out Twitch is still closing when streams buffer, so uninstalling and reinstalling didn't work...",other_or_needs_context,account_access_profile
2661181,@XboxSupport Here's the photo while I am on the Twitch app. Also the screen's going black for Twitch as well... https://t.co/TmxeDJwduY,other_or_needs_context,other_or_needs_context
2661185,"@XboxSupport It's not possible for me, our router is downstairs and my console is in my bedroom upstairs.",connectivity_xbox_live,connectivity_xbox_live
2661185,"@XboxSupport It's not possible for me, our router is downstairs and my console is in my bedroom upstairs.",connectivity_xbox_live,connectivity_xbox_live
2654552,@XboxSupport The problem is back after i did everything the chat said...,account_access_profile,account_access_profile
2670902,@XboxSupport any news on missing preorder content for Cod WW2 yet?,billing_codes_refunds,billing_codes_refunds
2682301,@754549 @XboxSupport Down for me.,account_access_profile,connectivity_xbox_live
2685634,@XboxSupport my Xbox Live Gold account is not working. It is on but the xbox doesn't recognize It.,account_access_profile,subscription_game_pass_gold
2685901,"@115786 Must be user error on my part. Have 2 XBs in my house, kids share 1 &amp; I had the other. Then I Bought XB1X &amp; gave my kids XB each but cant share the library of games anymore. Do I have to buy all of these games again? How do I continue to share with my kids? Guidance?",subscription_game_pass_gold,how_to_product_information
2692009,@XboxSupport I do not have the ability to chat because I do not have a Microsoft account. I have sent a dm explaining my issue.,account_access_profile,billing_codes_refunds
2692019,done everything possible to fix this i don’t understand why I can log into my second account and be fine but my main account game won’t work pls someone help me @10115 @217737 @115786 @XboxSupport https://t.co/nLLTBKhV3D,account_access_profile,account_access_profile
2692032,@XboxSupport Both codes are in my order history at https://t.co/iEwza7ra6H. If I try to redeem the DLC code again it says it's already redeemed (both on Xbox and at https://t.co/wHNWPv3Sjx). Neither EA support nor Amazon support were helpful. Any ideas?,billing_codes_refunds,billing_codes_refunds
2654294,"@XboxSupport My xbox one x is hooked up to my Samsung QLED TV which most certainly does support HDR10, however my xbox one x doesn't seem to think that TV supports HDR10 and therefore won't enable for games like the Insects demo.",other_or_needs_context,how_to_product_information
2693442,@XboxSupport hey how do I return a game I bought thru the online marketplace I can't stop playing a game I bought and am fucking shit at it,billing_codes_refunds,billing_codes_refunds
2693441,@XboxSupport thx for the follow that's all I really wanted srry,other_or_needs_context,billing_codes_refunds
2693468,"@XboxSupport my Xbox store is showing me skewed prices, how can I fix this https://t.co/bM5VpLnwRl",account_access_profile,how_to_product_information
2693471,"@116543 @115787 My Elite controller is worse for wear, and I am so glad @XboxSupport could help set me up with a replacement! You guys are the best!",account_access_profile,other_or_needs_context
2654295,@XboxSupport connerie je regrette Etre passé sur la one 80 % de mes jeu 360 ne fonctionne pas sur la one et de plus pour jouer ah titre exemple ah skyrim et du racheter le jeu donc grosse connerie être passer sur one donc pas question acheter la s,console_accessory_display,console_accessory_display
2696650,"@XboxSupport is the Xbox suppose to do this when it's off? It's not asleep, it's off. https://t.co/PwD8WZZByy",other_or_needs_context,other_or_needs_context
2696650,"@XboxSupport is the Xbox suppose to do this when it's off? It's not asleep, it's off. https://t.co/PwD8WZZByy",other_or_needs_context,other_or_needs_context
2698178,@XboxSupport I figured it out. I had to delete my tv settings and do the manual set up,how_to_product_information,how_to_product_information
2698181,@XboxSupport I just got my #XboxOneX and want it to turn on my tv like my Xbox one used to but I can't even choose tv in the power device options settings. It only let's me choose cable box which I don't even have,how_to_product_information,how_to_product_information
2700010,@115786 @XboxSupport What happened to the party chat quality? It sounds like I’m talking through Skype or something😅,connectivity_xbox_live,safety_enforcement_security
2700026,@XboxSupport That worked thanks but what if I couldn't log on why isn't there somewhere to do it on the Xbox itself?,account_access_profile,how_to_product_information
2700029,"@224846 thanks for the help but I don't see anywhere to turn auto renewal off, @XboxSupport  can you help please.",subscription_game_pass_gold,subscription_game_pass_gold
2702309,@XboxSupport son unable to access  Xbox live as it says my parent account invalid. My account seems to work fine. Followed instructions to reconnect to my parent account and for error code 801540FE. Any ideas?,account_access_profile,account_access_profile
2703707,Excuse the hoovering in the background my Xbox on x plays games on disc fine went to watch dvd of transformers last knight this happens still hear the noise from the movie just no  pic @115786 @116549 @11053 tried several  dvds that I’ve watched previous same thing https://t.co/zVErHRmL67,console_accessory_display,account_access_profile
2703706,@XboxSupport I’ve done all that realised that if the dvd is not 4K you actually have to change a setting back to 1080p,how_to_product_information,how_to_product_information
2703709,@XboxSupport Yes once I changed the setting back to 1080p it played the dvd but I think for it being the most powerful console out it should know the difference and auto change like it figured out my tv was 4K by its self,how_to_product_information,how_to_product_information
2703707,Excuse the hoovering in the background my Xbox on x plays games on disc fine went to watch dvd of transformers last knight this happens still hear the noise from the movie just no  pic @115786 @116549 @11053 tried several  dvds that I’ve watched previous same thing https://t.co/zVErHRmL67,console_accessory_display,account_access_profile
2703762,@XboxSupport Mis correos son.  __email__ y __email__. gracias buenas tardes.,other_or_needs_context,safety_enforcement_security
2705234,"@XboxSupport I get LFG notifications, but when I search for Overwatch LFG, it can’t load the posts. Why? It was working fine yesterday, and everything else is fine today?",account_access_profile,connectivity_xbox_live
2705271,@202771 @XboxSupport  help i switched to xbox one x and i cant play gta online any more #sadlife https://t.co/39Ua7cBezE,account_access_profile,connectivity_xbox_live
2706405,@XboxSupport Hiya!  How does adding a mobile phone as a payment method work on Xb1?  Does it mean my game pass subscription will be added to my phone bill?,billing_codes_refunds,billing_codes_refunds
2707818,Well this is depressing. Ive already superglued it once. By far my favorite controller ever. I swear by it. #atleastmybumpersdidntfalloff #definitelyoutsideofwarranty #butitsapremiumcontroller #xbox #elite @115787 @XboxSupport @116543 https://t.co/huaAzBpqNk,other_or_needs_context,other_or_needs_context
2707817,@XboxSupport That link didnt help me at all,account_access_profile,how_to_product_information
2707818,Well this is depressing. Ive already superglued it once. By far my favorite controller ever. I swear by it. #atleastmybumpersdidntfalloff #definitelyoutsideofwarranty #butitsapremiumcontroller #xbox #elite @115787 @XboxSupport @116543 https://t.co/huaAzBpqNk,other_or_needs_context,other_or_needs_context
2707840,@XboxSupport you know the game size of Recore xbox one x enhanced!? Ive received update of it 11GB but now its not shown to me theres an update to the game!??,game_content_download,game_content_download
2707863,@XboxSupport @115786 #Xbox #gamer I would have thought that HDCP 2.2 would have been implemented for the ONE X. It still strips the 4k from my cable box like the ONE s did. Pretty big #fail for a $500 machine. Works when not using the X as a passthrough. https://t.co/4zMH1T3mSN,other_or_needs_context,how_to_product_information
2710694,"@141542 @XboxSupport I have same issue, did you get it resolved?",account_access_profile,account_access_profile
2710693,"@XboxSupport It’s just the app, I googled for 30 mins and then after deleting and reinstalling, it works again (iOS)",account_access_profile,account_access_profile
2711509,"@XboxSupport #Xbox Can you verify that the input port is in fact NOT HDCP 2.2 compliant on the X? Instead of sending me to a page that doesn't help? Simple problem, easy answer. #Microsoft #gamer @135668 @135669",other_or_needs_context,how_to_product_information
2711518,"@118797 I'm watching twitch on Xbox one X and every 30-40 minutes it will stop playing, try to reload it and my box freezes and exits the app. Do you have a issues with this or is this a @XboxSupport issues?",other_or_needs_context,connectivity_xbox_live
2712757,How would I get rid of MIC hiss on Xbox One? Anyone?,other_or_needs_context,how_to_product_information
2714765,@482443 @125833 @161794 @XboxSupport HOW!,account_access_profile,connectivity_xbox_live
2714764,"@XboxSupport These lovely folks are running DDOS attacks on people, tonight I was the primary target, the stream all reported them for cheating.",safety_enforcement_security,safety_enforcement_security
2714764,"@XboxSupport These lovely folks are running DDOS attacks on people, tonight I was the primary target, the stream all reported them for cheating.",safety_enforcement_security,safety_enforcement_security
2716562,@XboxSupport what happened to the mic quality in parties??? It's high pitched and awful! Everyone sounds like they have cheap mics now!,other_or_needs_context,other_or_needs_context
2722398,Man I fkn hate @XboxSupport right now. Suspend my account because people report me when I beat them?? That’s ridiculous.,safety_enforcement_security,safety_enforcement_security
2732116,@XboxSupport can you i get a refund from a game i got through xbox gift pass?,billing_codes_refunds,billing_codes_refunds
2734661,"@XboxSupport Can someone tell me how a 12 year old can get me suspended from Xbox, when hes messaging me to get cancer. Your team is messed up. How in the hell does that work, seriously I want that revoked from my account. I'm actually disgusted",safety_enforcement_security,safety_enforcement_security
2734673,@XboxSupport Probably the problem is due that i try ti cange gamertag from BelovedPuddle7 to Tiec1985 and now my Xbox not recognize my profile,account_access_profile,account_access_profile
2734671,@XboxSupport so if the mail applyed to Merlot85 is not correct (__email__ but the real is @106989.it) can I ask you to halp me if i give you evidence thet it is my account.. is very important because I've buy in xbox live  a lot of games,account_access_profile,billing_codes_refunds
2734699,I cant even upload captures or send messages its been a week @XboxSupport,account_access_profile,safety_enforcement_security
2734699,I cant even upload captures or send messages its been a week @XboxSupport,account_access_profile,safety_enforcement_security
2738392,@115786 @XboxSupport please unban me im sorry i repent,account_access_profile,safety_enforcement_security
2740171,@762535 @XboxSupport Fix your shit Microsoft,account_access_profile,safety_enforcement_security
2740183,@XboxSupport so I came home from work and found that my Xbox one sprung a leak and took my cable box with it...Is this a known issue? https://t.co/PXNXGAMFMl,other_or_needs_context,connectivity_xbox_live
2742087,@768112 @MicrosoftHelps @XboxSupport @152814  https://t.co/wOTAstr022,account_access_profile,account_access_profile
2693425,@757047 @XboxSupport Did you ever get this figured out? I’m having the same problem...,account_access_profile,account_access_profile
2743733,"@XboxSupport hi is there a way too disable the feature that pops up on my screen when I’m inactive and tells me what other friends are playing, really not a fan?",connectivity_xbox_live,how_to_product_information
2745399,"@XboxSupport How much space of the Forza Horizon 3, Motorsport 7 &amp; Star Wars Battlefront 2 take up the hard drive?",game_content_download,game_content_download
2745399,"@XboxSupport How much space of the Forza Horizon 3, Motorsport 7 &amp; Star Wars Battlefront 2 take up the hard drive?",game_content_download,game_content_download
2745405,"@XboxSupport For some reason my download speed on Xbox is 20 mb/s,  whereas when I do a Speedtest on my phone, it says it’s pulling 75mb/s, any ideas on what is going on??",connectivity_xbox_live,connectivity_xbox_live
2745404,@XboxSupport Will do when I’m on next,other_or_needs_context,account_access_profile
2749897,@769903 @XboxSupport It worked thanks!,account_access_profile,account_access_profile
2749911,@XboxSupport Hey can I get some help? I’m trying to search for someone’s gamer tag but it says it’s not there,account_access_profile,billing_codes_refunds
2749911,@XboxSupport Hey can I get some help? I’m trying to search for someone’s gamer tag but it says it’s not there,account_access_profile,billing_codes_refunds
2749926,@XboxSupport So do my friends wtf,account_access_profile,connectivity_xbox_live
2749940,@XboxSupport is xbox down,account_access_profile,connectivity_xbox_live
2710697,@XboxSupport getting a message that I can’t do certain actions in the Xbox mobile app due to a suspension... I have no idea what this is about. If I follow the link to the enforcement page it says I have a perfect record!,safety_enforcement_security,safety_enforcement_security
2751915,"@XboxSupport while playing a games with gold game it keeps booting me out to ask if I own it, it makes me lose my progression.",account_access_profile,subscription_game_pass_gold
2751914,@XboxSupport It was a games with gold so I downloaded through the store :/,subscription_game_pass_gold,subscription_game_pass_gold
2751921,@XboxSupport so basically I can only change my home xbx 5 times a year I accidentally turned on instant sign in it made it no longer my home xbox so now I cant change it already talked to 3 xbox officials please fix this,account_access_profile,account_access_profile
2751921,@XboxSupport so basically I can only change my home xbx 5 times a year I accidentally turned on instant sign in it made it no longer my home xbox so now I cant change it already talked to 3 xbox officials please fix this,account_access_profile,account_access_profile
2754929,@XboxSupport bought wwe2k18 season pass last month. Now I can't download the new content it's trying to make me buy it again!!,subscription_game_pass_gold,subscription_game_pass_gold
2757877,@XboxSupport @115786 *offline,account_access_profile,connectivity_xbox_live
2757884,Localizar o endere&amp;#231;o de email da conta Microsoft https://t.co/cLdP9DdeaR via @xboxsupport,account_access_profile,console_accessory_display
2760077,@XboxSupport yo my Star Wars battlefront 2 has yet to install since I bought it when it released. It just says update and never does. Fix this shit please,game_content_download,game_content_download
2771307,@XboxSupport is there a number I can contact you guys at because banning my MAC address isn't right. I'd like to talk to someone about it.,safety_enforcement_security,safety_enforcement_security
2785444,@XboxSupport  my xbox one x’s HDMI video output has stopped working. Have tested the cable on another device and works and have tested xbox on different screen sith different cable and still nothing. Please help,other_or_needs_context,other_or_needs_context
2790299,@XboxSupport @XboxSupport Any ideas? I can’t install a whole bunch of stuff I just spent a lot of money on.,account_access_profile,billing_codes_refunds
2791799,"@XboxSupport Hello -  I was never prompted for the UHD player update on the X, can one assume it was installed automatically, because I have auto update flag set to yet?",other_or_needs_context,how_to_product_information
2791797,@XboxSupport Nope.referring to the firmware update to the UHD blu-ray player to fix the colors...e.g. Blacks looked grey.,other_or_needs_context,console_accessory_display
2791798,@XboxSupport @779182 Check my Txt please!,account_access_profile,safety_enforcement_security
2791798,@XboxSupport @779182 Check my Txt please!,account_access_profile,safety_enforcement_security
2791811,"@XboxSupport Issue activating Xbox One for Dev Mode. I visited the https://t.co/cNAS9NnRe2, but when I sign in it refreshes to the sign in screen with me already signed in. I click again and does same thing. Tried multiple browsers, refreshed browsers, hard reset pc and xbox.",account_access_profile,account_access_profile
2792938,"@XboxSupport hello, do I need 2 external hard drives for media and games or I can use 1 external hard drive for media and games?",game_content_download,how_to_product_information
2794142,@XboxSupport my #xbox1 has #startuperror #factoryreset #viciouscycle,account_access_profile,game_content_download
2794142,@XboxSupport my #xbox1 has #startuperror #factoryreset #viciouscycle,account_access_profile,game_content_download
2796364,@XboxSupport Can you guys help me out with something?,other_or_needs_context,safety_enforcement_security
2796653,"@XboxSupport I’m trying to Update my Xbox one System, “There was a Problem updating.” Pops up almost immediately, after pressed “Update”",account_access_profile,game_content_download
2796658,"@XboxSupport The hacker has changed my password, deleted my phone number and my email address. He changed the email address to ""__email__"". Before he deleted all my data he paid two transactions by my paypal address to microsoft over 99.99.- Euro for NHL 18 Madden... HELP PLEASE!!",account_access_profile,account_access_profile
2796690,"me: gets servers back
xbox: still cant play inpvp
me: https://t.co/lHhJMrcm2r",account_access_profile,account_access_profile
2796689,@XboxSupport Nope! I'm trying to use a keyboard with the cross platform version of the game. I can do everything else perfectly fine it's just chatting that is my issue.,other_or_needs_context,other_or_needs_context
2796692,@XboxSupport Nope. I'm on Xbox but not the Xbox One Edition. I'm using a keyboard and mouse that plugs into my Xbox via usb.,how_to_product_information,how_to_product_information
2796695,@XboxSupport Ok thanks,account_access_profile,account_access_profile
2796692,@XboxSupport Nope. I'm on Xbox but not the Xbox One Edition. I'm using a keyboard and mouse that plugs into my Xbox via usb.,how_to_product_information,how_to_product_information
2798233,"@116698 @115765 @XboxSupport @ATVIAssist keep getting this repeatedly, can’t play multiplayer you guys really need to patch the game for Xbox, not just PlayStation. Make the game is complete before you guys incorporate cod points, but I’m sure that will Work flawlessly. https://t.co/QsnObHt7Ds",other_or_needs_context,game_content_download
2799583,@XboxSupport I keep getting errors when I try to purchase a game through the store on my Xbox 1 and on he microsoft store website. Any help?,account_access_profile,subscription_game_pass_gold
2799587,"@XboxSupport 
I bought Forza Horizon 3 today and when I open the game it says that my profile is invalid, what can I do?
help me please",account_access_profile,account_access_profile
2801044,"Hey @XboxSupport , bought quite a lot of stuff off the store recently and I'm not having any pending points showing for Xbox rewards. Any idea why?",billing_codes_refunds,billing_codes_refunds
2801043,@XboxSupport I've dropped a post in their support section x,other_or_needs_context,billing_codes_refunds
2801060,@204039 I had no idea. @XboxSupport can you confirm this?,other_or_needs_context,safety_enforcement_security
2801059,@XboxSupport Yes because it was stuck at 0% for several minutes. However I did that before and didn't have issues.,other_or_needs_context,account_access_profile
2801062,@XboxSupport No.,other_or_needs_context,other_or_needs_context
2801065,@XboxSupport That makes no sense but whatever.,other_or_needs_context,other_or_needs_context
2801062,@XboxSupport No.,other_or_needs_context,other_or_needs_context
2801934,@XboxSupport hi I need you’re help with my online account please. I’m having a few issues,account_access_profile,account_access_profile
2802877,"@8965 @XboxSupport Hello, can i use my computer mouse to play #TheSims4 on XboxOne ?",other_or_needs_context,connectivity_xbox_live
2806523,@XboxSupport @MicrosoftHelps @115786,account_access_profile,account_access_profile
2806535,"@XboxSupport I just went to replay a game I bought digitally and beat last year. It's no longer in my ""ready to install"" queue, and the store gives me the option to buy, but not to play. I no longer have the purchase confirmation receipt. Is there anything I can do?",billing_codes_refunds,game_content_download
2806534,@XboxSupport Must've just been a momentary hiccup. I reset the console and it showed up as it should. Thanks for your time.,account_access_profile,safety_enforcement_security
2807365,@XboxSupport  why is it that games with gold doesn't allow me get the free games for Xbox 360 I'd love to see where it mentions that?,subscription_game_pass_gold,subscription_game_pass_gold
2809079,@XboxSupport Please help,account_access_profile,account_access_profile
2812695,@351354 @XboxSupport This method always works for me. Make sure you cancel your installation before you clear your persistent storage.,account_access_profile,game_content_download
2813679,My Xbox deadass gave up on me,account_access_profile,connectivity_xbox_live
2813678,@XboxSupport I bought a power brick  (its slang for the power adapter sorry about that) and i assumed it would work and it did but now it lasts a few min and just dies like a power reset and it'll kill the brick unless all power is out,account_access_profile,account_access_profile
2813681,@XboxSupport Official,other_or_needs_context,other_or_needs_context
2813683,@XboxSupport I did that already but it still shuts off after like 1 min,account_access_profile,account_access_profile
2814703,Bro omg @115786 @XboxSupport you guys fucking suck dick fix your shit,account_access_profile,safety_enforcement_security
2814712,"@XboxSupport  tengo problemas con el código para descargar Gears og war 3, me pueden ayudar?",game_content_download,console_accessory_display
2814712,"@XboxSupport  tengo problemas con el código para descargar Gears og war 3, me pueden ayudar?",game_content_download,console_accessory_display
2814718,"@XboxSupport My friend and i keep trying to play Dark souls 2, Sotfs, and cant seem to log into the servers at all, is there a specific reason? Im pretty upset because this happens about half the time we want to play",connectivity_xbox_live,connectivity_xbox_live
2816538,"@XboxSupport Do you guys consider Mouse and Keyboard to be a bannable offense?
Cause if you don't i think it should be.",safety_enforcement_security,other_or_needs_context
2817238,@XboxSupport Need help with a purchase issue. It's not letting me purchase something.,account_access_profile,billing_codes_refunds
2817265,"@XboxSupport @XboxSupport hey, i have just bought xbox one, i have two discs , forza 5 and fifa 18, non of them work when i inserted them. Gotta be an issue with the console.",other_or_needs_context,game_content_download
2817264,@XboxSupport No,other_or_needs_context,other_or_needs_context
2818608,@XboxSupport can you turn off automatic downloads for Xbox one enhanced content? I’ve got an X and S and don’t want to download enhanced content on the S but want it to update automatically still.,how_to_product_information,how_to_product_information
2819355,@XboxSupport I just got myself a new headset and I'm having some problems with it. It won't pick up my voice even tho my Xbox detects that there is a mic connected to it how do I fix this?,other_or_needs_context,connectivity_xbox_live
2825744,"@XboxSupport, why will my Xbox not let me connect to any games. When it starts syncing, it always fails. I tried hard restarting my Xbox and it still will not work",account_access_profile,account_access_profile
2838876,@XboxSupport what can be done about half naked screenshots on Xbox trending?,how_to_product_information,other_or_needs_context
2840514,You guys are some faggots for banning people for no reason @XboxSupport,safety_enforcement_security,safety_enforcement_security
2840538,"@XboxSupport I purchased Xbox gold membership , it’s shows active in my account but cannot access online game features.Please help",account_access_profile,subscription_game_pass_gold
2842179,@XboxSupport yo can you guys fix this uneven gamer score for me it’s driving me nuts and it’s triggering my ocd plss help https://t.co/ueH6EiU2Qu,account_access_profile,account_access_profile
2842181,"@XboxSupport just a question.Is the xbox pass code region free?Can I buy a code from your us store (that is currently priced $1) and use it on my European account?
Thanks for your time",billing_codes_refunds,how_to_product_information
2842215,"@XboxSupport Doubt there’s any hope, but I bought the standard edition of Wolfenstein 2 digitally instead of the deluxe. I’m going to guess it’s too late, isn’t it? 😔",game_content_download,game_content_download
2845917,"@XboxSupport it's also why playstation is doing so well, even with their garbage systems they had in place they were still a easy contender for you guys because anyone who has a technical issue, not someone being technically stupid but a actual issue, is ignored essentially.",other_or_needs_context,safety_enforcement_security
2847782,AND MICROSOFT IS ADDING SOME BULLSHIT TO MY XBOX ACCOUNT THAT I DIDNT EVEN KNOW THAT EXIST AND ITS MAKING ME NOT ENJOY MY GAMES PROPERLY BECOZ MOST OF THE SHIT THAT MAKE THE GAME SPECIAL ARE LOCKED,account_access_profile,safety_enforcement_security
2847782,AND MICROSOFT IS ADDING SOME BULLSHIT TO MY XBOX ACCOUNT THAT I DIDNT EVEN KNOW THAT EXIST AND ITS MAKING ME NOT ENJOY MY GAMES PROPERLY BECOZ MOST OF THE SHIT THAT MAKE THE GAME SPECIAL ARE LOCKED,account_access_profile,safety_enforcement_security
2852368,@116547 @XboxSupport @115786  i been looking into XBOX One Store i can not find the game i want to pre order,billing_codes_refunds,how_to_product_information
2852367,@XboxSupport Is digital or physical it doesn't says let me know ASAP please and thank you,how_to_product_information,how_to_product_information
2852370,@XboxSupport Its my first time buying Xbox game on the web that is why im confused how i get the game,billing_codes_refunds,how_to_product_information
2852373,@XboxSupport Alright thanks a lot for the information,other_or_needs_context,other_or_needs_context
2852378,@115786 @XboxSupport can I get a little help here please.... I can’t even start my Xbox One x https://t.co/jCZszwj41W,account_access_profile,how_to_product_information
2854025,@XboxSupport  why isn't the Xbox app letting me watch my clips it shows all my clips just doesn't play them???,how_to_product_information,how_to_product_information
2854035,@115786 @XboxSupport @11053 I'm so sick of all the fkn hack lobbies &amp; cheaters on #CODBO2! Can't you do anything?! Very disgusted right now!,safety_enforcement_security,safety_enforcement_security
2855518,@XboxSupport just got off the phone with a very helpful member. Wish I remembered his name but thank you for the fast and friendly service!,other_or_needs_context,other_or_needs_context
2855556,"@XboxSupport hi, I always get forced to change my password every now and then and it’s really annoying as I am running out of ideas for them, is there any way I can just keep the one I have currently?",account_access_profile,how_to_product_information
2856893,@XboxSupport Now we have E102 10040C02 80004005.. strange,account_access_profile,account_access_profile
2856892,@XboxSupport Yeah tried everything but everything failed after a few percent or ended as black screen. i think my scorpio is dead..😢,account_access_profile,account_access_profile
2856896,@XboxSupport i don‘t know why but she‘s working again. restored to factory but working.. i am confused.,account_access_profile,account_access_profile
2858527,Can y’all wait till I get paid Wednesday @115786 @XboxSupport https://t.co/UeWgBodyaD,billing_codes_refunds,safety_enforcement_security
2860235,"@XboxSupport just some feedback, i should be able to search for anything in the entire store thru the app. not just games only",game_content_download,how_to_product_information
2860239,@157702 Facturación : Pago y compras https://t.co/pY1voFqEvr… vía @xboxsupport  é tratado de comprar  la sus suscripción gold   X 10 pesos me hicieron 2 cargos a la tarjeta osea 20 pesos y al tratar de entrar me dice que no se proceso el pago pero bien que cobraron 😡 https://t.co/flQ8Izrvwi,subscription_game_pass_gold,console_accessory_display
2862260,.@XboxSupport  What is happening with master chief collection matchmaking? It’s been booting us out when playing 2+ players for weeks now. When is the fix coming? #halomasterchiefcollection,other_or_needs_context,connectivity_xbox_live
2863735,The only Xbox Live you can get now is gold but it’s telling me I need gold to get this deal.. bitch this isn’t 2009 there’s no silver and bronze:/// feeling irritated!!😡😡 @115786 @XboxSupport @115786,subscription_game_pass_gold,subscription_game_pass_gold
2863735,The only Xbox Live you can get now is gold but it’s telling me I need gold to get this deal.. bitch this isn’t 2009 there’s no silver and bronze:/// feeling irritated!!😡😡 @115786 @XboxSupport @115786,subscription_game_pass_gold,subscription_game_pass_gold
2863755,@XboxSupport como faço para meu tipo NAT ficar aberto?,console_accessory_display,console_accessory_display
2863754,@XboxSupport Brazil,other_or_needs_context,billing_codes_refunds
2863755,@XboxSupport como faço para meu tipo NAT ficar aberto?,console_accessory_display,console_accessory_display
2865079,@XboxSupport Can you help me fix my age on my account?,account_access_profile,account_access_profile
2866253,"@XboxSupport Hey, the left stick on my Day One 2013 controller has started playing up with my games occasionally picking up movement when it's still. What can I do?",account_access_profile,how_to_product_information
2869806,"@796928 @115786 @XboxSupport He was salty, cause he wrote me saying I was trash",other_or_needs_context,safety_enforcement_security
2869812,"@XboxSupport and didn’t appear the change, it has been 24 hours since then, so i need a solution or a refund,",account_access_profile,billing_codes_refunds
2869811,"@XboxSupport Didn’t do nothing, I deleted the account then power cycle the console, my awful name is still there, it’s annoying",account_access_profile,account_access_profile
2869811,"@XboxSupport Didn’t do nothing, I deleted the account then power cycle the console, my awful name is still there, it’s annoying",account_access_profile,account_access_profile
2869812,"@XboxSupport and didn’t appear the change, it has been 24 hours since then, so i need a solution or a refund,",account_access_profile,billing_codes_refunds
2814714,"@XboxSupport Apologies for my late reply, I’m from Mexico City..",other_or_needs_context,safety_enforcement_security
2874227,"Dear @XboxSupport - issues with @125965 loading on XBox One. Get to start screen, then whole system shut down. Did all restart/uninstall/reinstall, etc 🤔",account_access_profile,account_access_profile
2874246,"@XboxSupport Why is MVCI not on this official list of enhanced titles? It’s listed as an enhanced title on the web and XBL store, and it definitely looks better on my Xbox One X than it did on my first model. I’m assuming the list isn’t updated? https://t.co/q7JcsYtCmO",other_or_needs_context,how_to_product_information
2876439,"@XboxSupport Weird issue with Xbox One. When turned on, it interferes with TV channels 12.1-12.3. When XO is off picture is clear. Checked all wiring, all is good. Any idea on how to fix it? Started a couple of weeks ago. In the Alpha test group.",other_or_needs_context,other_or_needs_context
2902025,@XboxSupport received an email a couple of weeks ago saying my Xbox live gold will renew in December. Will that be when payment is taken? I already paid for it in January this year and my account says the next Xbox live payment is due in January 2018,subscription_game_pass_gold,subscription_game_pass_gold
2902025,@XboxSupport received an email a couple of weeks ago saying my Xbox live gold will renew in December. Will that be when payment is taken? I already paid for it in January this year and my account says the next Xbox live payment is due in January 2018,subscription_game_pass_gold,subscription_game_pass_gold
2902034,@XboxSupport stop suspending me on Xbox live assholes,safety_enforcement_security,safety_enforcement_security
2906850,@XboxSupport hi can I charge my iPhone 📱 with my Xbox,account_access_profile,how_to_product_information
2910562,"@XboxSupport 
I just renew my xbox Live subscription but the code is not taken into account how to do?",billing_codes_refunds,subscription_game_pass_gold
2910579,@XboxSupport honestly fuck y’all for banning me your enforcement team members shoulda ran down there moms asses just like the soft ass dude that reported me,safety_enforcement_security,safety_enforcement_security
2910582,"@XboxSupport My Xbox One X running very loud, fans running all the time #help #xbox",other_or_needs_context,account_access_profile
2910581,@XboxSupport None at all. The fan just runs really loudly and  fast. Even when just using an app. 60 degree ambient temp,connectivity_xbox_live,other_or_needs_context
2911993,@XboxSupport help https://t.co/52rq01SK2p,other_or_needs_context,account_access_profile
2913419,@119514 These patches are bogus. Game dvr still not working for Xbox one. Can't send game invites to my party for playground. Says session not open.,account_access_profile,connectivity_xbox_live
2913429,@127852 when me and my friend try to play NHL 18 together on online versus we get this error code A9E65BE761792499-__credit_card__-874BEA4BF36C6CEA. We have open NAT types and we cleared our alternate MAC addresses. Please help resolve this issue. Xbox one,account_access_profile,account_access_profile
2913428,@XboxSupport Last time we tried we were still having the issue,account_access_profile,account_access_profile
2913455,"It's clear @XboxSupport @118797 and others need to do more to act on people's reports of toxicity, too many cases of people reporting stuff and nothing is done. That said, if you've been targetted yourself Twitter's ""report tweet"" takes no time at all and definitely works",safety_enforcement_security,safety_enforcement_security
2913454,"@XboxSupport Am going to send people your way, it's clear from one day of talking that many people think enough is enough and things MUST change",other_or_needs_context,other_or_needs_context
2914863,@XboxSupport why was the last update for quantum break bigger than the entire download for mass effect.. and why do I dread turning on my Xbox to see what games I CANT PLAY FOR 15 HOURS,game_content_download,game_content_download
2917455,@129931 @115786 So is this how you deal with complaints? You just ignore them? It's been almost a month. Fix your laggy servers for God's sake.,other_or_needs_context,safety_enforcement_security
2917484,@XboxSupport Yeah I’m still struggling to get my player back unfortunately I would greatly appreciate some help,account_access_profile,billing_codes_refunds
2917486,@101163 I’m looking for a fix for Xbox one by the way guys I’m getting a lot of fixes for PS4,account_access_profile,other_or_needs_context
2918997,@111994 @111995 i’m gonna get my xbone fixed in the new year i hope 🤞🏼,account_access_profile,safety_enforcement_security
2918996,@XboxSupport it won’t recognize any disc i put in it,other_or_needs_context,game_content_download
2918999,@XboxSupport yeah i’d already tried that. the disc drive needs servicing. hence having to have someone else fix it :/,account_access_profile,account_access_profile
2920261,@XboxSupport okay I’ve been having trouble with content I haven’t received in WW2.,other_or_needs_context,billing_codes_refunds
2925683,@809503 @XboxSupport,account_access_profile,account_access_profile
2927197,My xbox got boonk ganged @XboxSupport please help,account_access_profile,account_access_profile
2927796,@XboxSupport I removed my account and logged in again. Still the same issue. https://t.co/rjF6wV4qNe,account_access_profile,account_access_profile
2955663,"@XboxSupport help. Xbox one x. This keeps happening, switching it off and on seems to fix it temporarily. https://t.co/n0aptUg9rS",account_access_profile,account_access_profile
2958831,"@XboxSupport please help me, downloading the new cos update and it has been stuck on this for an hour, ive tried restarting and pausing etc but nothing.. after a while it will say installation is stopped. And it isnt my internet cos everything else is fine",other_or_needs_context,connectivity_xbox_live
2958831,"@XboxSupport please help me, downloading the new cos update and it has been stuck on this for an hour, ive tried restarting and pausing etc but nothing.. after a while it will say installation is stopped. And it isnt my internet cos everything else is fine",other_or_needs_context,connectivity_xbox_live
2958838,@XboxSupport is there an amazon music app on xbox 1?,billing_codes_refunds,how_to_product_information
2958847,"@816634 @XboxSupport Yep, same here. Might have to do the same as it’s getting ridiculous. Am genuinely updating three times a week at the moment.",account_access_profile,connectivity_xbox_live
2958847,"@816634 @XboxSupport Yep, same here. Might have to do the same as it’s getting ridiculous. Am genuinely updating three times a week at the moment.",account_access_profile,connectivity_xbox_live
2962996,@817589 @XboxSupport @115786 it's the other way round in uk so the 13th of December..,account_access_profile,billing_codes_refunds
2964226,"@XboxSupport I payed for one month of Xbox gold via visa and I still don't have gold. ""The money has been taken from my bank account""",subscription_game_pass_gold,subscription_game_pass_gold
2964252,"@XboxSupport hello, I have recently bought ww2 cod and then less then a day from now bought the season pass for the game. My issues is that I didn’t get the cod points that it said came with the season pass. So where would I go to make sure I get the cod points",subscription_game_pass_gold,billing_codes_refunds
2964252,"@XboxSupport hello, I have recently bought ww2 cod and then less then a day from now bought the season pass for the game. My issues is that I didn’t get the cod points that it said came with the season pass. So where would I go to make sure I get the cod points",subscription_game_pass_gold,billing_codes_refunds
2970247,Hey @XboxSupport @115786 question for you?? When Can I pre order @117344 on the Dashboard? Or is that possibly?,other_or_needs_context,billing_codes_refunds
2970245,@XboxSupport @115786 @117344 So two games for 30 bucks?,other_or_needs_context,safety_enforcement_security
2970249,@XboxSupport I kinda figure lolol! I got al excited for a second lol,other_or_needs_context,safety_enforcement_security
2971383,Xbox live doesn't recognize the digital purchase of the COD WWll game. Was working fine. ID: BETRTHNMILK @XboxSupport @115754,account_access_profile,connectivity_xbox_live
2971398,@XboxSupport hi so what happens if I bought a gta cash card and I don’t have the receipt the code was apparently printed on,billing_codes_refunds,billing_codes_refunds
2972557,@115765 @XboxSupport explain this? Are you fixing leaderboards? https://t.co/YdVjvGTjGq,account_access_profile,safety_enforcement_security
2972561,@XboxSupport I need help. My xbox keeps on signing out of my  profile. Or it says to sign in with a controller even though it's assigned to my profile,account_access_profile,account_access_profile
2972592,"@XboxSupport what would one do if their Xbox one is not detecting the wireless network? Cabling it isn't an option, I've tried manually hitting the network and rebooting:(",connectivity_xbox_live,connectivity_xbox_live
2973488,@XboxSupport getting 0x803f9006 when trying to launch a game I bought months ago. It's been working fine until now? @115790 @9914,account_access_profile,game_content_download
2975923,"@XboxSupport what is going on with Xbox one rn? Literally can't do anything, can't  add ppl to party can't connect to any game my Internet is fine ps4 works wonderful like always. Xbox on other hand is being garbage as usual. Like maybe update your server status cause it's fucked",connectivity_xbox_live,connectivity_xbox_live
2975922,@XboxSupport Thank you I've done that and hard reset it. I let it sit for some time powered off and seems to be better now.,account_access_profile,account_access_profile
2976630,"@22535 @XboxSupport I'm trying to play Wolfenstein 2, a physical copy that I've already installed from a disc, while my internet is down and I keep getting a message telling me to connect to xbox live which I can't until my internet is turned back on. Have any solutions?",connectivity_xbox_live,connectivity_xbox_live
2621699,Hi @XboxSupport I bought Xbox Live and redeemed the code on my phone 30 minutes ago - My Xbox subscription says that I have membership however I can’t enter Overwatch or join a party,account_access_profile,subscription_game_pass_gold
